user_id,date,role,event_count,failed_login_count,download_total,records_accessed_total,vip_access_count,unknown_ip_count,outside_hours_count,unique_ip_count,first_activity_hour,last_activity_hour,anomaly_score,model_prediction
USR002,2026-08-03,Teller,10,0,15,14,0,0,0,1,9.016666666666667,16.866666666666667,0.015417056608134472,1
USR002,2026-08-04,Teller,12,0,0,36,0,0,0,1,9.133333333333333,16.833333333333332,-0.00801964708584757,-1
USR002,2026-08-05,Teller,8,0,13,9,0,0,0,1,9.25,16.516666666666666,-0.04538709966262866,-1
USR002,2026-08-06,Teller,13,0,13,20,0,0,0,1,9.166666666666666,16.8,0.04977764818428093,1
USR002,2026-08-07,Teller,14,0,14,25,0,0,0,1,9.016666666666667,16.766666666666666,-0.008240089763809189,-1
USR002,2026-08-10,Teller,11,0,19,11,0,0,0,1,9.133333333333333,16.55,-0.052044571590022404,-1
USR002,2026-08-11,Teller,11,0,11,12,0,0,0,1,9.266666666666667,16.75,0.03473402475948151,1
USR002,2026-08-12,Teller,9,0,4,18,0,0,0,1,9.3,16.95,0.03895614471208653,1
USR002,2026-08-13,Teller,9,0,10,8,0,0,0,1,9.333333333333334,16.683333333333334,-0.02907606136986085,-1
USR002,2026-08-14,Teller,14,0,8,24,0,0,0,1,9.033333333333331,16.616666666666667,0.012368999803845315,1
USR002,2026-08-17,Teller,14,0,4,26,0,0,0,1,9.066666666666666,16.95,0.01785633231437045,1
USR002,2026-08-18,Teller,13,0,3,30,0,0,0,1,9.183333333333334,16.5,-0.027030226180464467,-1
USR002,2026-08-19,Teller,14,0,6,40,1,0,0,1,9.0,16.983333333333334,-0.15527716577223438,-1
USR002,2026-08-20,Teller,14,0,16,16,0,0,0,1,9.033333333333331,16.883333333333333,-0.02177948567206678,-1
USR002,2026-08-21,Teller,8,0,6,10,0,0,0,1,9.233333333333333,16.85,0.02812901178475491,1
USR007,2026-08-03,Teller,8,0,3,18,0,0,0,1,9.083333333333334,16.983333333333334,0.01677289868929349,1
USR007,2026-08-04,Teller,8,0,14,5,0,0,0,1,9.1,16.533333333333335,-0.07462476157595488,-1
USR007,2026-08-05,Teller,10,0,8,13,0,0,0,1,9.266666666666667,16.583333333333332,0.033270381744763045,1
USR007,2026-08-06,Teller,11,0,4,23,0,0,0,1,9.1,16.683333333333334,0.06766652902243586,1
USR007,2026-08-07,Teller,14,0,8,34,0,0,0,1,9.316666666666666,16.883333333333333,-0.039086667879706605,-1
USR007,2026-08-10,Teller,8,0,5,15,0,0,0,1,9.233333333333333,16.883333333333333,0.04257434751015776,1
USR007,2026-08-11,Teller,13,0,12,22,1,0,0,1,9.033333333333331,16.683333333333334,-0.044920777086512986,-1
USR007,2026-08-12,Teller,11,0,10,18,0,0,0,1,9.15,16.65,0.06977457024997147,1
USR007,2026-08-13,Teller,9,0,8,9,0,0,0,1,9.133333333333333,16.766666666666666,0.06200538900925995,1
USR007,2026-08-14,Teller,11,0,6,10,0,0,0,1,9.1,16.866666666666667,0.05566165085231617,1
USR007,2026-08-17,Teller,10,0,10,13,0,0,0,1,9.2,16.85,0.07499752984453273,1
USR007,2026-08-18,Teller,8,0,5,13,0,0,0,1,9.033333333333331,16.85,0.03952715174002802,1
USR007,2026-08-19,Teller,13,0,8,27,0,0,0,1,9.016666666666667,16.9,0.042266543889111496,1
USR007,2026-08-20,Teller,12,0,4,25,0,0,0,1,9.133333333333333,16.916666666666668,0.06423224667189081,1
USR007,2026-08-21,Teller,9,0,3,22,0,0,0,1,9.2,16.933333333333334,0.05385414690448159,1
USR016,2026-08-03,Teller,8,0,2,11,0,0,0,1,9.333333333333334,16.816666666666666,-0.029122592058640207,-1
USR016,2026-08-04,Teller,10,0,2,22,0,0,0,1,9.1,16.616666666666667,0.05521729460924135,1
USR016,2026-08-05,Teller,10,0,10,11,0,0,0,1,9.233333333333333,16.95,0.04386031558376369,1
USR016,2026-08-06,Teller,14,0,13,29,0,0,0,1,9.016666666666667,16.966666666666665,-0.027217856734759405,-1
USR016,2026-08-07,Teller,10,0,0,21,0,0,0,1,9.05,16.583333333333332,0.016600721546480346,1
USR016,2026-08-10,Teller,10,0,4,17,1,0,0,1,9.266666666666667,16.866666666666667,-0.0455226330116143,-1
USR016,2026-08-11,Teller,11,0,16,17,0,0,0,1,9.183333333333334,16.833333333333332,0.02789012118716483,1
USR016,2026-08-12,Teller,10,0,2,18,0,0,0,1,9.2,16.783333333333335,0.07406515013572401,1
USR016,2026-08-13,Teller,8,0,10,11,0,0,0,1,9.116666666666667,16.95,0.017502280941182613,1
USR016,2026-08-14,Teller,14,0,13,25,0,0,0,1,9.15,16.833333333333332,0.030422236684124804,1
USR016,2026-08-17,Teller,10,0,5,19,0,0,0,1,9.116666666666667,16.75,0.08262094591496616,1
USR016,2026-08-18,Teller,13,0,12,25,0,0,0,1,9.266666666666667,16.95,0.021934970731044112,1
USR016,2026-08-19,Teller,10,0,4,24,0,0,0,1,9.0,16.816666666666666,0.040653103971865556,1
USR016,2026-08-20,Teller,9,0,8,13,0,0,0,1,9.283333333333331,16.866666666666667,0.06106317498287889,1
USR016,2026-08-21,Teller,14,0,4,20,0,0,0,1,9.083333333333334,16.65,0.020711699992399357,1
USR017,2026-08-03,Teller,9,0,10,10,0,0,0,1,9.15,16.633333333333333,0.03740634831924716,1
USR017,2026-08-04,Teller,11,0,10,18,0,0,0,1,9.1,16.55,0.04820419873688103,1
USR017,2026-08-05,Teller,11,0,4,25,0,0,0,1,9.216666666666669,16.866666666666667,0.06768208589969582,1
USR017,2026-08-06,Teller,14,0,0,37,0,0,0,1,9.116666666666667,16.716666666666665,-0.04397215546999844,-1
USR017,2026-08-07,Teller,10,0,9,17,0,0,0,1,9.016666666666667,16.666666666666668,0.05469650232723677,1
USR017,2026-08-10,Teller,13,0,5,26,0,0,0,1,9.15,16.816666666666666,0.07335034675134483,1
USR017,2026-08-11,Teller,9,0,15,4,0,0,0,1,9.2,16.9,-0.05050918668810278,-1
USR017,2026-08-12,Teller,10,0,5,21,0,0,0,1,9.2,16.966666666666665,0.06826091480219326,1
USR017,2026-08-13,Teller,10,0,16,10,0,0,0,1,9.316666666666666,16.5,-0.0777158428567245,-1
USR017,2026-08-14,Teller,14,0,4,27,1,0,0,1,9.316666666666666,16.566666666666666,-0.1215397321373014,-1
USR017,2026-08-17,Teller,14,0,15,22,0,0,0,1,9.116666666666667,16.95,0.005770570231519778,1
USR017,2026-08-18,Teller,10,0,5,22,0,0,0,1,9.033333333333331,16.966666666666665,0.056487936547307604,1
USR017,2026-08-19,Teller,12,0,8,24,0,0,0,1,9.066666666666666,16.75,0.06954394366907696,1
USR017,2026-08-20,Teller,9,0,4,15,0,0,0,1,9.25,16.683333333333334,0.05923033112351006,1
USR017,2026-08-21,Teller,11,0,14,16,0,0,0,1,9.133333333333333,16.616666666666667,0.031946679653702736,1
USR022,2026-08-03,Teller,9,0,6,24,0,0,0,1,9.033333333333331,16.866666666666667,0.04964207826639877,1
USR022,2026-08-04,Teller,13,0,0,34,0,0,0,1,9.05,16.716666666666665,-0.01878725244089896,-1
USR022,2026-08-05,Teller,10,0,7,16,0,0,0,1,9.05,16.916666666666668,0.07587715552323765,1
USR022,2026-08-06,Teller,8,0,0,20,0,0,0,1,9.266666666666667,16.616666666666667,-0.006036229861440479,-1
USR022,2026-08-07,Teller,10,0,3,24,0,0,0,1,9.15,16.8,0.07089311508848728,1
USR022,2026-08-10,Teller,9,0,4,10,0,0,0,1,9.066666666666666,16.866666666666667,0.06124113583978019,1
USR022,2026-08-11,Teller,12,0,4,21,1,0,0,1,9.266666666666667,16.716666666666665,-0.04663683786152584,-1
USR022,2026-08-12,Teller,11,0,4,28,0,0,0,1,9.05,16.783333333333335,0.053827040746149024,1
USR022,2026-08-13,Teller,9,0,0,20,0,0,0,1,9.033333333333331,16.533333333333335,-0.011277492157860003,-1
USR022,2026-08-14,Teller,13,0,6,34,1,0,0,1,9.033333333333331,16.683333333333334,-0.07857899814022018,-1
USR022,2026-08-17,Teller,10,0,6,12,0,0,0,1,9.016666666666667,16.566666666666666,0.020914997232912846,1
USR022,2026-08-18,Teller,9,0,3,17,0,0,0,1,9.033333333333331,16.85,0.06679053754946668,1
USR022,2026-08-19,Teller,11,0,1,23,0,0,0,1,9.033333333333331,16.783333333333335,0.04192986600273224,1
USR022,2026-08-20,Teller,12,0,11,22,0,0,0,1,9.016666666666667,16.916666666666668,0.042981829235227864,1
USR022,2026-08-21,Teller,9,0,4,21,0,0,0,1,9.066666666666666,16.933333333333334,0.06286271220258283,1
USR026,2026-08-03,Teller,12,0,1,28,0,0,0,1,9.083333333333334,16.9,0.037449587903953474,1
USR026,2026-08-04,Teller,13,0,12,23,1,0,0,1,9.1,16.616666666666667,-0.04402744524388391,-1
USR026,2026-08-05,Teller,9,0,16,11,0,0,0,1,9.133333333333333,16.9,0.011889179391315952,1
USR026,2026-08-06,Teller,9,0,5,12,0,0,0,1,9.033333333333331,16.716666666666665,0.05541357725913992,1
USR026,2026-08-07,Teller,10,0,9,13,0,0,0,1,9.05,16.95,0.058727344489487354,1
USR026,2026-08-10,Teller,14,0,8,29,0,0,0,1,9.033333333333331,16.9,0.022802526940029322,1
USR026,2026-08-11,Teller,9,0,1,19,0,0,0,1,9.2,16.783333333333335,0.05766482511776144,1
USR026,2026-08-12,Teller,8,0,1,14,0,0,0,1,9.233333333333333,16.566666666666666,-0.0022862130710757933,-1
USR026,2026-08-13,Teller,9,0,4,12,0,0,0,1,9.066666666666666,16.916666666666668,0.06466215549199211,1
USR026,2026-08-14,Teller,13,0,4,27,0,0,0,1,9.25,16.85,0.052813052470396304,1
USR026,2026-08-17,Teller,8,0,14,9,0,0,0,1,9.0,16.683333333333334,-0.044475053788528895,-1
USR026,2026-08-18,Teller,14,0,11,23,1,0,0,1,9.116666666666667,16.75,-0.05112263570259323,-1
USR026,2026-08-19,Teller,8,0,6,15,0,0,0,1,9.1,16.766666666666666,0.050000106046346804,1
USR026,2026-08-20,Teller,12,0,7,27,0,0,0,1,9.266666666666667,16.9,0.0487425290529957,1
USR026,2026-08-21,Teller,11,0,2,32,0,0,0,1,9.016666666666667,16.6,-0.01800663394019808,-1
USR027,2026-08-03,Teller,12,0,5,24,0,0,0,1,9.15,16.933333333333334,0.07333714212861919,1
USR027,2026-08-04,Teller,9,0,1,17,0,0,0,1,9.133333333333333,16.85,0.05894239351352487,1
USR027,2026-08-05,Teller,14,0,3,41,0,0,0,1,9.216666666666669,16.766666666666666,-0.043896323649794344,-1
USR027,2026-08-06,Teller,14,0,12,22,0,0,0,1,9.116666666666667,16.616666666666667,0.016793362040302573,1
USR027,2026-08-07,Teller,12,0,15,12,0,0,0,1,9.116666666666667,16.583333333333332,-0.007168991762593224,-1
USR027,2026-08-10,Teller,13,0,0,33,0,0,0,1,9.316666666666666,16.783333333333335,-0.03579142563705451,-1
USR027,2026-08-11,Teller,13,0,7,23,0,0,0,1,9.116666666666667,16.866666666666667,0.07335029008396404,1
USR027,2026-08-12,Teller,14,0,5,36,0,0,0,1,9.216666666666669,16.583333333333332,-0.03416729474061764,-1
USR027,2026-08-13,Teller,14,0,11,21,0,0,0,1,9.05,16.783333333333335,0.026885283932006343,1
USR027,2026-08-14,Teller,12,0,5,25,0,0,0,1,9.333333333333334,16.966666666666665,0.00672738521803401,1
USR027,2026-08-17,Teller,8,0,12,11,0,0,0,1,9.316666666666666,16.766666666666666,-0.027909939107924386,-1
USR027,2026-08-18,Teller,10,0,8,21,2,0,0,1,9.016666666666667,16.85,-0.11860746360598096,-1
USR027,2026-08-19,Teller,12,0,7,17,1,0,0,1,9.116666666666667,16.566666666666666,-0.04438165359915469,-1
USR027,2026-08-20,Teller,10,0,3,16,0,0,0,1,9.116666666666667,16.783333333333335,0.07912557368340478,1
USR027,2026-08-21,Teller,13,0,0,36,0,0,0,1,9.0,16.766666666666666,-0.052636670430911914,-1
USR029,2026-08-03,Teller,13,0,6,34,0,0,0,1,9.233333333333333,16.8,0.019263787085353645,1
USR029,2026-08-04,Teller,8,0,9,9,0,0,0,1,9.083333333333334,16.683333333333334,0.015624215040503653,1
USR029,2026-08-05,Teller,14,0,11,17,1,0,0,1,9.05,16.95,-0.07770303689318725,-1
USR029,2026-08-06,Teller,11,0,11,7,0,0,0,1,9.333333333333334,16.966666666666665,-0.05242226500934222,-1
USR029,2026-08-07,Teller,9,0,8,15,0,0,0,1,9.0,16.866666666666667,0.05162539954120965,1
USR029,2026-08-10,Teller,8,0,0,17,0,0,0,1,9.066666666666666,16.983333333333334,-0.012023878192825466,-1
USR029,2026-08-11,Teller,13,0,5,23,0,0,0,1,9.05,16.9,0.05924522504989288,1
USR029,2026-08-12,Teller,11,0,7,25,0,0,0,1,9.3,16.866666666666667,0.045737094199030603,1
USR029,2026-08-13,Teller,13,0,11,19,1,0,0,1,9.233333333333333,16.85,-0.042917111698965504,-1
USR029,2026-08-14,Teller,14,0,9,26,0,0,0,1,9.266666666666667,16.883333333333333,0.02780576844571464,1
USR029,2026-08-17,Teller,12,0,6,17,0,0,0,1,9.216666666666669,16.983333333333334,0.037006419175696914,1
USR029,2026-08-18,Teller,8,0,3,17,0,0,0,1,9.283333333333331,16.65,0.019846154153890794,1
USR029,2026-08-19,Teller,14,0,9,34,1,0,0,1,9.166666666666666,16.966666666666665,-0.1076768514099593,-1
USR029,2026-08-20,Teller,14,0,4,31,1,0,0,1,9.333333333333334,16.8,-0.11900279302066774,-1
USR029,2026-08-21,Teller,9,0,3,15,0,0,0,1,9.0,16.95,0.022242763766726403,1
USR031,2026-08-03,Teller,13,0,5,24,0,0,0,1,9.2,16.666666666666668,0.05712520342386762,1
USR031,2026-08-04,Teller,10,0,4,23,0,0,0,1,9.05,16.783333333333335,0.07249323554327891,1
USR031,2026-08-05,Teller,9,0,5,15,0,0,0,1,9.0,16.533333333333335,0.0009787049739873321,1
USR031,2026-08-06,Teller,13,0,10,23,0,0,0,1,9.1,16.566666666666666,0.03152920989281305,1
USR031,2026-08-07,Teller,8,0,4,12,0,0,0,1,9.133333333333333,16.8,0.04149738751009857,1
USR031,2026-08-10,Teller,12,0,10,17,0,0,0,1,9.016666666666667,16.966666666666665,0.03550599972359719,1
USR031,2026-08-11,Teller,14,0,7,24,0,0,0,1,9.15,16.633333333333333,0.03114218615085962,1
USR031,2026-08-12,Teller,9,0,7,14,0,0,0,1,9.183333333333334,16.883333333333333,0.07551093385899338,1
USR031,2026-08-13,Teller,14,0,2,33,0,0,0,1,9.25,16.966666666666665,-0.02520781727417143,-1
USR031,2026-08-14,Teller,10,0,15,13,0,0,0,1,9.133333333333333,16.6,0.012084841013091985,1
USR031,2026-08-17,Teller,8,0,0,20,0,0,0,1,9.1,16.966666666666665,-0.007096948157136573,-1
USR031,2026-08-18,Teller,10,0,17,10,0,0,0,1,9.25,16.916666666666668,-0.006539663243620875,-1
USR031,2026-08-19,Teller,10,0,2,16,1,0,0,1,9.033333333333331,16.583333333333332,-0.08050396699366169,-1
USR031,2026-08-20,Teller,9,0,9,13,0,0,0,1,9.333333333333334,16.6,-0.011303556474375975,-1
USR031,2026-08-21,Teller,9,0,11,10,0,0,0,1,9.283333333333331,16.5,-0.036746423118374394,-1
USR032,2026-08-03,Teller,10,0,6,15,0,0,0,1,9.233333333333333,16.566666666666666,0.0420874732575941,1
USR032,2026-08-04,Teller,12,0,12,24,0,0,0,1,9.1,16.633333333333333,0.041540892995800605,1
USR032,2026-08-05,Teller,13,0,7,32,0,0,0,1,9.066666666666666,16.866666666666667,0.037294790604605055,1
USR032,2026-08-06,Teller,14,0,17,26,0,0,0,1,9.033333333333331,16.716666666666665,-0.031267922639910184,-1
USR032,2026-08-07,Teller,10,0,12,14,0,0,0,1,9.25,16.883333333333333,0.05390318944350708,1
USR032,2026-08-10,Teller,12,0,17,15,0,0,0,1,9.033333333333331,16.733333333333334,-0.017098926781448864,-1
USR032,2026-08-11,Teller,13,0,5,26,0,0,0,1,9.116666666666667,16.8,0.07005541154690081,1
USR032,2026-08-12,Teller,8,0,8,7,0,0,0,1,9.15,16.666666666666668,0.0062643089951992525,1
USR032,2026-08-13,Teller,10,0,2,16,0,0,0,1,9.283333333333331,16.966666666666665,0.030577368304800456,1
USR032,2026-08-14,Teller,11,0,6,21,0,0,0,1,9.05,16.716666666666665,0.06673518214598112,1
USR032,2026-08-17,Teller,11,0,8,17,0,0,0,1,9.066666666666666,16.966666666666665,0.05783331158702221,1
USR032,2026-08-18,Teller,9,0,8,14,1,0,0,1,9.016666666666667,16.9,-0.05589378940648193,-1
USR032,2026-08-19,Teller,13,0,9,26,0,0,0,1,9.15,16.666666666666668,0.05469012090717296,1
USR032,2026-08-20,Teller,8,0,6,8,0,0,0,1,9.033333333333331,16.583333333333332,-0.010913135831989162,-1
USR032,2026-08-21,Teller,8,0,2,11,0,0,0,1,9.1,16.6,0.0070683287835608954,1
USR037,2026-08-03,Teller,14,0,5,31,0,0,0,1,9.033333333333331,16.55,-0.02808765212534503,-1
USR037,2026-08-04,Teller,13,0,11,24,0,0,0,1,9.283333333333331,16.783333333333335,0.04244909244842737,1
USR037,2026-08-05,Teller,11,0,9,28,0,0,0,1,9.183333333333334,16.966666666666665,0.030165637529798395,1
USR037,2026-08-06,Teller,10,0,11,6,0,0,0,1,9.316666666666666,16.983333333333334,-0.050802785959782604,-1
USR037,2026-08-07,Teller,11,0,11,17,0,0,0,1,9.133333333333333,16.883333333333333,0.06750132745595777,1
USR037,2026-08-10,Teller,14,0,7,26,0,0,0,1,9.216666666666669,16.966666666666665,0.023001875902496582,1
USR037,2026-08-11,Teller,11,0,0,23,0,0,0,1,9.083333333333334,16.683333333333334,0.03323507854634111,1
USR037,2026-08-12,Teller,9,0,4,22,0,0,0,1,9.066666666666666,16.816666666666666,0.0679252157439339,1
USR037,2026-08-13,Teller,11,0,10,20,1,0,0,1,9.166666666666666,16.816666666666666,-0.012774164214628847,-1
USR037,2026-08-14,Teller,14,0,10,24,0,0,0,1,9.0,16.883333333333333,0.0050396804964148445,1
USR037,2026-08-17,Teller,10,0,3,20,0,0,0,1,9.1,16.916666666666668,0.07466858869968457,1
USR037,2026-08-18,Teller,11,0,0,32,0,0,0,1,9.183333333333334,16.766666666666666,0.0002239481269713517,1
USR037,2026-08-19,Teller,11,0,6,18,0,0,0,1,9.05,16.783333333333335,0.07737988035947957,1
USR037,2026-08-20,Teller,9,0,5,20,0,0,0,1,9.2,16.933333333333334,0.06887956344442397,1
USR037,2026-08-21,Teller,11,0,8,20,0,0,0,1,9.066666666666666,16.55,0.03930655902523267,1
USR039,2026-08-03,Teller,13,0,5,29,0,0,0,1,9.216666666666669,16.983333333333334,0.025991686764722854,1
USR039,2026-08-04,Teller,14,0,3,29,0,0,0,1,9.25,16.85,0.019156842145601594,1
USR039,2026-08-05,Teller,11,0,5,19,0,0,0,1,9.133333333333333,16.783333333333335,0.08460545910740341,1
USR039,2026-08-06,Teller,8,0,0,20,0,0,0,1,9.25,16.816666666666666,0.004410802117042534,1
USR039,2026-08-07,Teller,14,0,6,32,0,0,0,1,9.1,16.883333333333333,0.023874817214454613,1
USR039,2026-08-10,Teller,14,0,6,31,0,0,0,1,9.0,16.816666666666666,-0.006895841559370064,-1
USR039,2026-08-11,Teller,9,0,5,17,0,0,0,1,9.283333333333331,16.95,0.052368407145092055,1
USR039,2026-08-12,Teller,12,0,10,14,0,0,0,1,9.183333333333334,16.616666666666667,0.03172765676120598,1
USR039,2026-08-13,Teller,9,0,6,14,0,0,0,1,9.016666666666667,16.966666666666665,0.04401652496536346,1
USR039,2026-08-14,Teller,8,0,3,10,0,0,0,1,9.15,16.8,0.024256593314642028,1
USR039,2026-08-17,Teller,11,0,6,18,0,0,0,1,9.15,16.983333333333334,0.05484475160285063,1
USR039,2026-08-18,Teller,14,0,12,20,0,0,0,1,9.033333333333331,16.733333333333334,0.01159066543668158,1
USR039,2026-08-19,Teller,8,0,9,5,0,0,0,1,9.133333333333333,16.533333333333335,-0.04866615565685317,-1
USR039,2026-08-20,Teller,12,0,9,16,0,0,0,1,9.0,16.633333333333333,0.014006889122963606,1
USR039,2026-08-21,Teller,8,0,2,9,0,0,0,1,9.316666666666666,16.816666666666666,-0.02025585710294664,-1
USR044,2026-08-03,Teller,12,0,9,26,0,0,0,1,9.166666666666666,16.516666666666666,0.016348624442844295,1
USR044,2026-08-04,Teller,14,0,17,25,0,0,0,1,9.216666666666669,16.566666666666666,-0.051224807505846015,-1
USR044,2026-08-05,Teller,14,0,7,21,0,0,0,1,9.0,16.866666666666667,0.004423116611328659,1
USR044,2026-08-06,Teller,9,0,7,17,0,0,0,1,9.066666666666666,16.933333333333334,0.0733198383495065,1
USR044,2026-08-07,Teller,9,0,10,14,0,0,0,1,9.033333333333331,16.666666666666668,0.045494975205397525,1
USR044,2026-08-10,Teller,10,0,9,20,1,0,0,1,9.15,16.783333333333335,-0.01511060095658967,-1
USR044,2026-08-11,Teller,12,0,7,22,1,0,0,1,9.083333333333334,16.616666666666667,-0.03668218809035295,-1
USR044,2026-08-12,Teller,10,0,6,20,0,0,0,1,9.15,16.65,0.07233745723022372,1
USR044,2026-08-13,Teller,9,0,0,27,0,0,0,1,9.266666666666667,16.9,-0.006393651177515003,-1
USR044,2026-08-14,Teller,9,0,0,24,0,0,0,1,9.233333333333333,16.683333333333334,0.019695932898434187,1
USR044,2026-08-17,Teller,9,0,9,11,0,0,0,1,9.05,16.666666666666668,0.04902537848563493,1
USR044,2026-08-18,Teller,11,0,4,31,0,0,0,1,9.3,16.633333333333333,-0.003819366436883742,-1
USR044,2026-08-19,Teller,12,0,11,23,0,0,0,1,9.083333333333334,16.55,0.03186554443416295,1
USR044,2026-08-20,Teller,10,0,9,18,0,0,0,1,9.333333333333334,16.95,0.01213039257155668,1
USR044,2026-08-21,Teller,10,0,6,17,0,0,0,1,9.216666666666669,16.85,0.08372510312205556,1
USR046,2026-08-03,Teller,13,0,8,29,0,0,0,1,9.2,16.866666666666667,0.056668605599530464,1
USR046,2026-08-04,Teller,9,0,3,17,1,0,0,1,9.1,16.95,-0.06687441916397041,-1
USR046,2026-08-05,Teller,8,0,4,8,0,0,0,1,9.05,16.65,0.0024706356665738505,1
USR046,2026-08-06,Teller,14,0,4,35,0,0,0,1,9.116666666666667,16.783333333333335,0.007429126156586308,1
USR046,2026-08-07,Teller,14,0,2,28,1,0,0,1,9.25,16.733333333333334,-0.0939955307215744,-1
USR046,2026-08-10,Teller,8,0,5,17,0,0,0,1,9.016666666666667,16.533333333333335,-0.01205834620548707,-1
USR046,2026-08-11,Teller,12,0,9,19,0,0,0,1,9.2,16.716666666666665,0.06446170963104958,1
USR046,2026-08-12,Teller,12,0,10,26,0,0,0,1,9.0,16.983333333333334,0.00197549891164972,1
USR046,2026-08-13,Teller,14,0,16,16,0,0,0,1,9.216666666666669,16.75,-0.024054411738286485,-1
USR046,2026-08-14,Teller,9,0,10,16,0,0,0,1,9.283333333333331,16.733333333333334,0.0425227574040723,1
USR046,2026-08-17,Teller,11,0,11,16,0,0,0,1,9.333333333333334,16.683333333333334,0.004629860171470268,1
USR046,2026-08-18,Teller,9,0,6,13,0,0,0,1,9.1,16.816666666666666,0.08087332742577269,1
USR046,2026-08-19,Teller,12,0,1,25,0,0,0,1,9.316666666666666,16.983333333333334,-0.011597970346493236,-1
USR046,2026-08-20,Teller,10,0,0,18,0,0,0,1,9.316666666666666,16.7,0.00629111407721461,1
USR046,2026-08-21,Teller,13,0,8,31,0,0,0,1,9.133333333333333,16.966666666666665,0.027590059874199935,1
USR049,2026-08-03,Teller,8,0,3,18,0,0,0,1,9.283333333333331,16.633333333333333,0.015645470660984373,1
USR049,2026-08-04,Teller,10,0,7,10,0,0,0,1,9.0,16.733333333333334,0.02650051881033416,1
USR049,2026-08-05,Teller,14,0,8,28,0,0,0,1,9.016666666666667,16.633333333333333,-0.0007300271069290432,-1
USR049,2026-08-06,Teller,14,0,13,26,0,0,0,1,9.1,16.983333333333334,0.0037579438580156443,1
USR049,2026-08-07,Teller,14,0,16,27,1,0,0,1,9.033333333333331,16.683333333333334,-0.10592346887604198,-1
USR049,2026-08-10,Teller,8,0,6,11,0,0,0,1,9.1,16.916666666666668,0.04068214869522818,1
USR049,2026-08-11,Teller,9,0,10,14,0,0,0,1,9.05,16.916666666666668,0.06455764080592785,1
USR049,2026-08-12,Teller,11,0,5,30,0,0,0,1,9.333333333333334,16.966666666666665,-0.014010273862414047,-1
USR049,2026-08-13,Teller,8,0,2,19,0,0,0,1,9.133333333333333,16.783333333333335,0.044901281362034584,1
USR049,2026-08-14,Teller,8,0,2,14,0,0,0,1,9.0,16.55,-0.031845487891066004,-1
USR049,2026-08-17,Teller,12,0,9,17,0,0,0,1,9.283333333333331,16.966666666666665,0.03628016856479516,1
USR049,2026-08-18,Teller,14,0,6,35,0,0,0,1,9.016666666666667,16.833333333333332,-0.004725059558106093,-1
USR049,2026-08-19,Teller,14,0,8,23,0,0,0,1,9.133333333333333,16.783333333333335,0.05104404042518157,1
USR049,2026-08-20,Teller,12,0,1,29,0,0,0,1,9.066666666666666,16.616666666666667,0.02008041315542336,1
USR049,2026-08-21,Teller,13,0,8,24,0,0,0,1,9.283333333333331,16.866666666666667,0.054992109741641815,1
USR053,2026-08-03,Teller,12,0,7,28,0,0,0,1,9.133333333333333,16.933333333333334,0.058155582354716184,1
USR053,2026-08-04,Teller,11,0,20,17,0,0,0,1,9.266666666666667,16.9,-0.02797142233785832,-1
USR053,2026-08-05,Teller,10,0,9,12,0,0,0,1,9.0,16.866666666666667,0.046704230419346904,1
USR053,2026-08-06,Teller,11,0,13,24,0,0,0,1,9.316666666666666,16.733333333333334,-0.0018288057986449724,-1
USR053,2026-08-07,Teller,13,0,14,18,0,0,0,1,9.1,16.8,0.038207269245107645,1
USR053,2026-08-10,Teller,10,0,14,9,0,0,0,1,9.033333333333331,16.833333333333332,0.019004207626516334,1
USR053,2026-08-11,Teller,10,0,6,13,0,0,0,1,9.0,16.883333333333333,0.04492533938689247,1
USR053,2026-08-12,Teller,13,0,11,21,0,0,0,1,9.183333333333334,16.933333333333334,0.05186047827866014,1
USR053,2026-08-13,Teller,12,0,6,23,0,0,0,1,9.033333333333331,16.666666666666668,0.048860351026874416,1
USR053,2026-08-14,Teller,12,0,5,20,0,0,0,1,9.2,16.516666666666666,0.022483033415736264,1
USR053,2026-08-17,Teller,14,0,10,36,1,0,0,1,9.233333333333333,16.55,-0.13153186903079805,-1
USR053,2026-08-18,Teller,13,0,5,28,0,0,0,1,9.1,16.583333333333332,0.026749999755838083,1
USR053,2026-08-19,Teller,12,0,3,19,0,0,0,1,9.066666666666666,16.883333333333333,0.06358171137092283,1
USR053,2026-08-20,Teller,14,0,9,27,0,0,0,1,9.233333333333333,16.8,0.03847639150918053,1
USR053,2026-08-21,Teller,13,0,10,19,0,0,0,1,9.116666666666667,16.65,0.05232703318043391,1
USR056,2026-08-03,Teller,13,0,5,20,0,0,0,1,9.016666666666667,16.9,0.04196823868462196,1
USR056,2026-08-04,Teller,12,0,11,24,0,0,0,1,9.133333333333333,16.783333333333335,0.06538956208385055,1
USR056,2026-08-05,Teller,9,0,7,14,0,0,0,1,9.183333333333334,16.7,0.062273662985749656,1
USR056,2026-08-06,Teller,8,0,5,13,0,0,0,1,9.266666666666667,16.983333333333334,-0.007598460483383085,-1
USR056,2026-08-07,Teller,9,0,0,19,0,0,0,1,9.083333333333334,16.516666666666666,-0.0029835741385236814,-1
USR056,2026-08-10,Teller,12,0,5,22,0,0,0,1,9.233333333333333,16.7,0.05887823507414669,1
USR056,2026-08-11,Teller,10,0,0,21,0,0,0,1,9.3,16.833333333333332,0.027087169181217174,1
USR056,2026-08-12,Teller,9,0,4,15,0,0,0,1,9.316666666666666,16.933333333333334,0.029922736837671216,1
USR056,2026-08-13,Teller,12,0,8,25,0,0,0,1,9.266666666666667,16.783333333333335,0.05850633113598541,1
USR056,2026-08-14,Teller,13,0,2,21,0,0,0,1,9.166666666666666,16.816666666666666,0.05484006336105185,1
USR056,2026-08-17,Teller,11,0,9,18,1,0,0,1,9.116666666666667,16.95,-0.025284938748269203,-1
USR056,2026-08-18,Teller,8,0,1,17,0,0,0,1,9.333333333333334,16.766666666666666,-0.018368612276739138,-1
USR056,2026-08-19,Teller,10,0,3,18,0,0,0,1,9.1,16.533333333333335,0.038234013950715684,1
USR056,2026-08-20,Teller,11,0,4,28,0,0,0,1,9.333333333333334,16.9,0.003095245716111694,1
USR056,2026-08-21,Teller,13,0,19,18,0,0,0,1,9.25,16.983333333333334,-0.04575365615331173,-1
USR068,2026-08-03,Teller,12,0,2,27,0,0,0,1,9.133333333333333,16.95,0.04152023387958581,1
USR068,2026-08-04,Teller,11,0,3,19,0,0,0,1,9.15,16.716666666666665,0.06808416975352416,1
USR068,2026-08-05,Teller,13,0,5,30,0,0,0,1,9.333333333333334,16.85,-0.00548175272536966,-1
USR068,2026-08-06,Teller,11,0,9,13,1,0,0,1,9.25,16.583333333333332,-0.08203587926156186,-1
USR068,2026-08-07,Teller,10,0,2,23,0,0,0,1,9.083333333333334,16.983333333333334,0.03959142142268901,1
USR068,2026-08-10,Teller,13,0,8,24,0,0,0,1,9.333333333333334,16.7,0.0031692352666720103,1
USR068,2026-08-11,Teller,12,0,13,23,0,0,0,1,9.133333333333333,16.816666666666666,0.057567248675162386,1
USR068,2026-08-12,Teller,9,0,12,9,0,0,0,1,9.066666666666666,16.683333333333334,0.030994656284176192,1
USR068,2026-08-13,Teller,14,0,19,17,0,0,0,1,9.3,16.933333333333334,-0.07023179394693824,-1
USR068,2026-08-14,Teller,10,0,0,21,0,0,0,1,9.216666666666669,16.583333333333332,0.02135586604239087,1
USR068,2026-08-17,Teller,8,0,5,12,0,0,0,1,9.083333333333334,16.7,0.03137420393242796,1
USR068,2026-08-18,Teller,14,0,8,31,0,0,0,1,9.066666666666666,16.883333333333333,0.024165995406001284,1
USR068,2026-08-19,Teller,14,0,6,30,0,0,0,1,9.266666666666667,16.983333333333334,-0.0015893060175280471,-1
USR068,2026-08-20,Teller,9,0,2,24,0,0,0,1,9.216666666666669,16.816666666666666,0.05008019852325796,1
USR068,2026-08-21,Teller,9,0,5,16,0,0,0,1,9.133333333333333,16.75,0.07884776974139862,1
USR069,2026-08-03,Teller,9,0,8,11,0,0,0,1,9.15,16.833333333333332,0.07156658354908879,1
USR069,2026-08-04,Teller,10,0,2,26,0,0,0,1,9.033333333333331,16.616666666666667,0.018166583654083024,1
USR069,2026-08-05,Teller,14,0,13,19,0,0,0,1,9.3,16.683333333333334,-0.014281833469097283,-1
USR069,2026-08-06,Teller,13,0,12,23,0,0,0,1,9.183333333333334,16.966666666666665,0.03606956489346563,1
USR069,2026-08-07,Teller,9,0,5,20,0,0,0,1,9.183333333333334,16.633333333333333,0.0560972066028847,1
USR069,2026-08-10,Teller,10,0,9,20,0,0,0,1,9.066666666666666,16.983333333333334,0.05010353293710679,1
USR069,2026-08-11,Teller,13,0,5,26,0,0,0,1,9.033333333333331,16.55,0.0077493234170432634,1
USR069,2026-08-12,Teller,10,0,0,34,1,0,0,1,9.066666666666666,16.516666666666666,-0.14043135658637962,-1
USR069,2026-08-13,Teller,11,0,4,25,1,0,0,1,9.0,16.883333333333333,-0.05342110080681206,-1
USR069,2026-08-14,Teller,11,0,1,21,0,0,0,1,9.3,16.616666666666667,0.010101432691573153,1
USR069,2026-08-17,Teller,13,0,12,24,0,0,0,1,9.05,16.666666666666668,0.032969188165640706,1
USR069,2026-08-18,Teller,10,0,0,29,0,0,0,1,9.2,16.833333333333332,0.020612957799233722,1
USR069,2026-08-19,Teller,14,0,15,23,0,0,0,1,9.05,16.666666666666668,-0.00039716031597014645,-1
USR069,2026-08-20,Teller,12,0,14,13,0,0,0,1,9.016666666666667,16.55,-0.027163561190893137,-1
USR069,2026-08-21,Teller,14,0,11,25,0,0,0,1,9.116666666666667,16.883333333333333,0.036877410009166556,1
USR071,2026-08-03,Teller,9,0,12,9,0,0,0,1,9.116666666666667,16.616666666666667,0.02539545909591323,1
USR071,2026-08-04,Teller,9,0,10,11,0,0,0,1,9.033333333333331,16.916666666666668,0.04894864965375162,1
USR071,2026-08-05,Teller,11,0,8,19,1,0,0,1,9.0,16.733333333333334,-0.03527331855311733,-1
USR071,2026-08-06,Teller,9,0,3,15,0,0,0,1,9.3,16.866666666666667,0.049980658826874025,1
USR071,2026-08-07,Teller,13,0,9,36,0,0,0,1,9.183333333333334,16.866666666666667,0.013113519848272304,1
USR071,2026-08-10,Teller,12,0,17,16,0,0,0,1,9.216666666666669,16.533333333333335,-0.035672018655347304,-1
USR071,2026-08-11,Teller,8,0,11,7,0,0,0,1,9.283333333333331,16.816666666666666,-0.0374715541535775,-1
USR071,2026-08-12,Teller,14,0,16,30,0,0,0,1,9.283333333333331,16.55,-0.08373337227757627,-1
USR071,2026-08-13,Teller,11,0,13,11,0,0,0,1,9.016666666666667,16.8,0.01894814643021947,1
USR071,2026-08-14,Teller,11,0,0,21,0,0,0,1,9.0,16.716666666666665,0.005488860553303554,1
USR071,2026-08-17,Teller,13,0,23,22,0,0,0,1,9.05,16.733333333333334,-0.05610557911987646,-1
USR071,2026-08-18,Teller,12,0,4,24,0,0,0,1,9.033333333333331,16.733333333333334,0.05754128575077316,1
USR071,2026-08-19,Teller,12,0,5,24,1,0,0,1,9.066666666666666,16.833333333333332,-0.019275252888590777,-1
USR071,2026-08-20,Teller,14,0,15,20,0,0,0,1,9.033333333333331,16.883333333333333,-0.005234235794066233,-1
USR071,2026-08-21,Teller,9,0,8,13,0,0,0,1,9.166666666666666,16.85,0.0747526005364818,1
USR075,2026-08-03,Teller,11,0,12,21,0,0,0,1,9.083333333333334,16.583333333333332,0.032481301669383233,1
USR075,2026-08-04,Teller,12,0,11,15,0,0,0,1,9.283333333333331,16.633333333333333,0.021240564751756785,1
USR075,2026-08-05,Teller,12,0,7,26,0,0,0,1,9.016666666666667,16.966666666666665,0.0355574859927274,1
USR075,2026-08-06,Teller,9,0,8,18,0,0,0,1,9.033333333333331,16.9,0.06723714877757742,1
USR075,2026-08-07,Teller,10,0,9,19,0,0,0,1,9.233333333333333,16.983333333333334,0.05205354375745774,1
USR075,2026-08-10,Teller,13,0,17,18,1,0,0,1,9.033333333333331,16.8,-0.07596844558674398,-1
USR075,2026-08-11,Teller,10,0,6,23,0,0,0,1,9.183333333333334,16.616666666666667,0.05238821973093827,1
USR075,2026-08-12,Teller,9,0,2,21,0,0,0,1,9.133333333333333,16.633333333333333,0.0487374498348791,1
USR075,2026-08-13,Teller,13,0,4,25,0,0,0,1,9.15,16.633333333333333,0.04740530287115996,1
USR075,2026-08-14,Teller,10,0,15,5,0,0,0,1,9.1,16.933333333333334,-0.030387874653752034,-1
USR075,2026-08-17,Teller,10,0,10,17,0,0,0,1,9.266666666666667,16.566666666666666,0.03330439590166878,1
USR075,2026-08-18,Teller,12,0,6,18,2,0,0,1,9.166666666666666,16.683333333333334,-0.11057603056527843,-1
USR075,2026-08-19,Teller,9,0,4,10,0,0,0,1,9.216666666666669,16.966666666666665,0.03437773714375508,1
USR075,2026-08-20,Teller,9,0,2,24,0,0,0,1,9.116666666666667,16.65,0.03782030988039581,1
USR075,2026-08-21,Teller,11,0,4,35,0,0,0,1,9.016666666666667,16.583333333333332,-0.029729483027692294,-1
USR081,2026-08-03,Teller,8,0,9,13,0,0,0,1,9.016666666666667,16.933333333333334,0.018548903430352537,1
USR081,2026-08-04,Teller,11,0,0,31,0,0,0,1,9.2,16.866666666666667,0.00879459115754505,1
USR081,2026-08-05,Teller,9,0,10,8,0,0,0,1,9.016666666666667,16.65,0.010448864866410112,1
USR081,2026-08-06,Teller,9,0,6,13,0,0,0,1,9.066666666666666,16.783333333333335,0.07558461229178587,1
USR081,2026-08-07,Teller,11,0,4,30,0,0,0,1,9.116666666666667,16.716666666666665,0.03590896914688385,1
USR081,2026-08-10,Teller,12,0,10,23,0,0,0,1,9.2,16.966666666666665,0.05272540570829087,1
USR081,2026-08-11,Teller,11,0,7,20,0,0,0,1,9.283333333333331,16.866666666666667,0.06321382289661986,1
USR081,2026-08-12,Teller,8,0,0,19,0,0,0,1,9.016666666666667,16.85,-0.008772078537688022,-1
USR081,2026-08-13,Teller,8,0,5,15,0,0,0,1,9.233333333333333,16.716666666666665,0.03594281584945158,1
USR081,2026-08-14,Teller,14,0,10,30,0,0,0,1,9.2,16.766666666666666,0.017496936030226895,1
USR081,2026-08-17,Teller,12,0,4,39,0,0,0,1,9.166666666666666,16.566666666666666,-0.0408951178743201,-1
USR081,2026-08-18,Teller,9,0,3,14,0,0,0,1,9.183333333333334,16.9,0.06168811505277705,1
USR081,2026-08-19,Teller,13,0,18,17,0,0,0,1,9.083333333333334,16.716666666666665,-0.02335947597686594,-1
USR081,2026-08-20,Teller,10,0,11,10,0,0,0,1,9.2,16.933333333333334,0.043531567448603314,1
USR081,2026-08-21,Teller,12,0,9,26,0,0,0,1,9.0,16.85,0.03454930753525326,1
USR082,2026-08-03,Teller,12,0,12,19,0,0,0,1,9.166666666666666,16.8,0.06423398611853004,1
USR082,2026-08-04,Teller,10,0,6,14,0,0,0,1,9.266666666666667,16.633333333333333,0.05160894683876244,1
USR082,2026-08-05,Teller,8,0,8,13,0,0,0,1,9.233333333333333,16.85,0.03785071808500856,1
USR082,2026-08-06,Teller,9,0,8,9,0,0,0,1,9.116666666666667,16.916666666666668,0.05467063775249176,1
USR082,2026-08-07,Teller,13,0,9,33,0,0,0,1,9.033333333333331,16.7,0.008303701979345879,1
USR082,2026-08-10,Teller,14,0,3,35,0,0,0,1,9.333333333333334,16.983333333333334,-0.0760093727552581,-1
USR082,2026-08-11,Teller,14,0,14,25,0,0,0,1,9.316666666666666,16.85,-0.02140114178586261,-1
USR082,2026-08-12,Teller,10,0,8,10,0,0,0,1,9.2,16.833333333333332,0.0625227567934607,1
USR082,2026-08-13,Teller,11,0,11,17,0,0,0,1,9.0,16.683333333333334,0.029562478449244534,1
USR082,2026-08-14,Teller,13,0,6,24,0,0,0,1,9.216666666666669,16.916666666666668,0.05885959729393209,1
USR082,2026-08-17,Teller,12,0,14,21,1,0,0,1,9.183333333333334,16.85,-0.040693928890672804,-1
USR082,2026-08-18,Teller,14,0,10,28,0,0,0,1,9.233333333333333,16.85,0.03176851252979507,1
USR082,2026-08-19,Teller,14,0,4,36,0,0,0,1,9.033333333333331,16.933333333333334,-0.019120295351480854,-1
USR082,2026-08-20,Teller,10,0,7,17,0,0,0,1,9.133333333333333,16.583333333333332,0.060773182603364284,1
USR082,2026-08-21,Teller,8,0,8,6,0,0,0,1,9.15,16.783333333333335,-0.004117335299149261,-1
USR083,2026-08-03,Teller,8,0,6,10,0,0,0,1,9.3,16.866666666666667,-2.148187425432546e-05,-1
USR083,2026-08-04,Teller,13,0,11,18,1,0,0,1,9.25,16.966666666666665,-0.07174491118696469,-1
USR083,2026-08-05,Teller,13,0,8,27,0,0,0,1,9.266666666666667,16.716666666666665,0.038521131896719796,1
USR083,2026-08-06,Teller,13,0,0,31,0,0,0,1,9.116666666666667,16.966666666666665,-0.014267251478161658,-1
USR083,2026-08-07,Teller,11,0,10,18,1,0,0,1,9.316666666666666,16.9,-0.06264761934879914,-1
USR083,2026-08-10,Teller,9,0,2,13,0,0,0,1,9.3,16.866666666666667,0.03917679683840225,1
USR083,2026-08-11,Teller,12,0,2,26,0,0,0,1,9.216666666666669,16.533333333333335,0.0033326247834804534,1
USR083,2026-08-12,Teller,11,0,3,19,0,0,0,1,9.133333333333333,16.833333333333332,0.07789311559617351,1
USR083,2026-08-13,Teller,14,0,6,24,0,0,0,1,9.266666666666667,16.816666666666666,0.03378719204777836,1
USR083,2026-08-14,Teller,8,0,4,14,0,0,0,1,9.033333333333331,16.5,-0.032295713865014175,-1
USR083,2026-08-17,Teller,11,0,7,14,0,0,0,1,9.25,16.666666666666668,0.048773312054999685,1
USR083,2026-08-18,Teller,10,0,8,24,0,0,0,1,9.283333333333331,16.8,0.050060250012814445,1
USR083,2026-08-19,Teller,8,0,3,12,0,0,0,1,9.016666666666667,16.933333333333334,0.005202938803902324,1
USR083,2026-08-20,Teller,9,0,3,17,0,0,0,1,9.15,16.833333333333332,0.07779789318457919,1
USR083,2026-08-21,Teller,9,0,5,12,0,0,0,1,9.266666666666667,16.75,0.05518397646218148,1
USR084,2026-08-03,Teller,11,0,7,26,0,0,0,1,9.016666666666667,16.966666666666665,0.030536687657512163,1
USR084,2026-08-04,Teller,8,0,0,16,0,0,0,1,9.266666666666667,16.683333333333334,0.0037661783896891787,1
USR084,2026-08-05,Teller,13,0,11,22,1,0,0,1,9.05,16.783333333333335,-0.036379503796489576,-1
USR084,2026-08-06,Teller,12,0,5,21,0,0,0,1,9.166666666666666,16.833333333333332,0.08008221452276004,1
USR084,2026-08-07,Teller,12,0,10,28,0,0,0,1,9.216666666666669,16.666666666666668,0.03793176671340487,1
USR084,2026-08-10,Teller,8,0,5,14,0,0,0,1,9.033333333333331,16.683333333333334,0.03066879987724125,1
USR084,2026-08-11,Teller,8,0,4,7,0,0,0,1,9.233333333333333,16.733333333333334,-0.006542029995105558,-1
USR084,2026-08-12,Teller,14,0,7,21,0,0,0,1,9.116666666666667,16.9,0.03886425073542943,1
USR084,2026-08-13,Teller,11,0,12,18,0,0,0,1,9.316666666666666,16.683333333333334,0.019026699044931816,1
USR084,2026-08-14,Teller,12,0,14,20,0,0,0,1,9.233333333333333,16.933333333333334,0.030549500750974623,1
USR084,2026-08-17,Teller,13,0,16,25,1,0,0,1,9.183333333333334,16.616666666666667,-0.08496389381225389,-1
USR084,2026-08-18,Teller,10,0,14,7,0,0,0,1,9.033333333333331,16.5,-0.06386931176977662,-1
USR084,2026-08-19,Teller,11,0,3,20,0,0,0,1,9.033333333333331,16.883333333333333,0.06119863774576101,1
USR084,2026-08-20,Teller,10,0,4,22,1,0,0,1,9.15,16.533333333333335,-0.06736143344723133,-1
USR084,2026-08-21,Teller,11,0,5,19,1,0,0,1,9.033333333333331,16.916666666666668,-0.029591437766710804,-1
USR087,2026-08-03,Teller,10,0,1,22,0,0,0,1,9.333333333333334,16.816666666666666,0.0035539974865017587,1
USR087,2026-08-04,Teller,11,0,5,23,0,0,0,1,9.016666666666667,16.6,0.03455635865237472,1
USR087,2026-08-05,Teller,8,0,4,21,0,0,0,1,9.033333333333331,16.883333333333333,0.024768938822118558,1
USR087,2026-08-06,Teller,8,0,2,16,0,0,0,1,9.133333333333333,16.766666666666666,0.044321819438352006,1
USR087,2026-08-07,Teller,8,0,4,16,0,0,0,1,9.233333333333333,16.633333333333333,0.02757559507512236,1
USR087,2026-08-10,Teller,10,0,11,13,0,0,0,1,9.05,16.85,0.0612006192589159,1
USR087,2026-08-11,Teller,11,0,18,13,0,0,0,1,9.1,16.833333333333332,-0.0060213876523025345,-1
USR087,2026-08-12,Teller,11,0,3,21,0,0,0,1,9.2,16.916666666666668,0.061941291748301264,1
USR087,2026-08-13,Teller,8,0,0,16,0,0,0,1,9.066666666666666,16.666666666666668,0.002591033762801953,1
USR087,2026-08-14,Teller,8,0,0,14,0,0,0,1,9.183333333333334,16.766666666666666,0.011399639916761184,1
USR087,2026-08-17,Teller,9,0,0,14,0,0,0,1,9.066666666666666,16.516666666666666,-0.013565618026583515,-1
USR087,2026-08-18,Teller,12,0,2,19,0,0,0,1,9.033333333333331,16.833333333333332,0.04887846299847215,1
USR087,2026-08-19,Teller,12,0,13,14,0,0,0,1,9.0,16.866666666666667,0.009379287930080416,1
USR087,2026-08-20,Teller,14,0,6,27,0,0,0,1,9.283333333333331,16.933333333333334,0.00903242394441145,1
USR087,2026-08-21,Teller,8,0,4,13,0,0,0,1,9.1,16.9,0.04594728732408321,1
USR090,2026-08-03,Teller,8,0,10,11,0,0,0,1,9.166666666666666,16.533333333333335,-0.005742580379576756,-1
USR090,2026-08-04,Teller,14,0,10,26,0,0,0,1,9.016666666666667,16.983333333333334,-0.0023177195470028833,-1
USR090,2026-08-05,Teller,9,0,13,9,0,0,0,1,9.05,16.933333333333334,0.018797346040749063,1
USR090,2026-08-06,Teller,12,0,6,18,0,0,0,1,9.016666666666667,16.85,0.060801999972100285,1
USR090,2026-08-07,Teller,9,0,5,9,0,0,0,1,9.3,16.566666666666666,-0.002934843331266146,-1
USR090,2026-08-10,Teller,10,0,8,19,0,0,0,1,9.05,16.85,0.07771196957959658,1
USR090,2026-08-11,Teller,8,0,11,8,0,0,0,1,9.233333333333333,16.933333333333334,-0.015062759202889464,-1
USR090,2026-08-12,Teller,10,0,3,22,0,0,0,1,9.216666666666669,16.55,0.027927729823130187,1
USR090,2026-08-13,Teller,9,0,9,13,0,0,0,1,9.05,16.866666666666667,0.07389647564780971,1
USR090,2026-08-14,Teller,11,0,4,29,0,0,0,1,9.0,16.883333333333333,0.01800059103783641,1
USR090,2026-08-17,Teller,11,0,5,22,0,0,0,1,9.3,16.85,0.05270957249351349,1
USR090,2026-08-18,Teller,8,0,0,19,0,0,0,1,9.25,16.583333333333332,-0.007123036126009508,-1
USR090,2026-08-19,Teller,9,0,7,20,0,0,0,1,9.133333333333333,16.816666666666666,0.07853107109621899,1
USR090,2026-08-20,Teller,12,0,3,30,0,0,0,1,9.066666666666666,16.75,0.049900182195415366,1
USR090,2026-08-21,Teller,9,0,0,23,0,0,0,1,9.316666666666666,16.933333333333334,-0.011768186295510463,-1
USR095,2026-08-03,Teller,14,0,27,11,0,0,0,1,9.116666666666667,16.983333333333334,-0.11711766817468472,-1
USR095,2026-08-04,Teller,8,0,4,15,0,0,0,1,9.1,16.6,0.02842239594258905,1
USR095,2026-08-05,Teller,12,0,3,25,0,0,0,1,9.25,16.883333333333333,0.05528082903746634,1
USR095,2026-08-06,Teller,12,0,2,37,0,0,0,1,9.3,16.65,-0.04442750102520754,-1
USR095,2026-08-07,Teller,10,0,0,28,0,0,0,1,9.333333333333334,16.983333333333334,-0.046005995419040824,-1
USR095,2026-08-10,Teller,10,0,0,24,0,0,0,1,9.166666666666666,16.6,0.024666313356242697,1
USR095,2026-08-11,Teller,8,0,12,10,0,0,0,1,9.15,16.666666666666668,0.004735572842649527,1
USR095,2026-08-12,Teller,12,0,9,28,0,0,0,1,9.2,16.533333333333335,0.011191251628149934,1
USR095,2026-08-13,Teller,10,0,2,19,1,0,0,1,9.15,16.633333333333333,-0.04866225219787701,-1
USR095,2026-08-14,Teller,12,0,8,24,0,0,0,1,9.083333333333334,16.8,0.07776064511424596,1
USR095,2026-08-17,Teller,12,0,10,22,0,0,0,1,9.116666666666667,16.916666666666668,0.06844968968771115,1
USR095,2026-08-18,Teller,9,0,8,14,0,0,0,1,9.25,16.55,0.023316947543037314,1
USR095,2026-08-19,Teller,14,0,9,30,0,0,0,1,9.05,16.833333333333332,0.02229284711410584,1
USR095,2026-08-20,Teller,9,0,2,20,0,0,0,1,9.1,16.766666666666666,0.06692835641217199,1
USR095,2026-08-21,Teller,12,0,7,23,0,0,0,1,9.016666666666667,16.816666666666666,0.0632590153716836,1
USR100,2026-08-03,Teller,14,0,7,32,0,0,0,1,9.166666666666666,16.65,0.010617621525322862,1
USR100,2026-08-04,Teller,12,0,11,19,0,0,0,1,9.266666666666667,16.816666666666666,0.058023630253047076,1
USR100,2026-08-05,Teller,8,0,0,18,0,0,0,1,9.0,16.916666666666668,-0.022893780082087978,-1
USR100,2026-08-06,Teller,12,0,6,18,1,0,0,1,9.116666666666667,16.816666666666666,-0.009543576773840545,-1
USR100,2026-08-07,Teller,13,0,8,24,0,0,0,1,9.016666666666667,16.966666666666665,0.03118459639025256,1
USR100,2026-08-10,Teller,9,0,10,13,0,0,0,1,9.033333333333331,16.95,0.04431416738538896,1
USR100,2026-08-11,Teller,12,0,0,32,0,0,0,1,9.316666666666666,16.983333333333334,-0.04588794677156249,-1
USR100,2026-08-12,Teller,12,0,0,26,0,0,0,1,9.083333333333334,16.766666666666666,0.029494490087054404,1
USR100,2026-08-13,Teller,14,0,10,28,0,0,0,1,9.133333333333333,16.95,0.0246739377603567,1
USR100,2026-08-14,Teller,14,0,14,22,0,0,0,1,9.25,16.95,-0.0016588609495934437,-1
USR100,2026-08-17,Teller,14,0,4,37,1,0,0,1,9.233333333333333,16.966666666666665,-0.12468573099274904,-1
USR100,2026-08-18,Teller,14,0,14,27,0,0,0,1,9.016666666666667,16.816666666666666,-0.003733540692473447,-1
USR100,2026-08-19,Teller,10,0,6,21,0,0,0,1,9.083333333333334,16.666666666666668,0.06147640098957219,1
USR100,2026-08-20,Teller,13,0,2,24,0,0,0,1,9.233333333333333,16.966666666666665,0.02568840888841284,1
USR100,2026-08-21,Teller,13,0,12,19,0,0,0,1,9.133333333333333,16.85,0.05582512651574145,1
USR005,2026-08-03,CustomerService,16,0,3,47,0,0,0,1,9.033333333333331,16.666666666666668,-0.06615826450103146,-1
USR005,2026-08-04,CustomerService,11,0,3,21,0,0,0,1,9.05,16.733333333333334,0.04876939839404992,1
USR005,2026-08-05,CustomerService,12,0,2,18,0,0,0,1,9.183333333333334,16.983333333333334,0.026774150258678187,1
USR005,2026-08-06,CustomerService,15,0,7,31,0,0,0,1,9.016666666666667,16.65,0.027221436962408696,1
USR005,2026-08-07,CustomerService,16,0,23,28,1,0,0,1,9.016666666666667,16.916666666666668,-0.013135232636375727,-1
USR005,2026-08-10,CustomerService,11,0,17,18,0,0,0,1,9.216666666666669,16.616666666666667,0.05874915603315711,1
USR005,2026-08-11,CustomerService,16,0,30,28,2,0,0,1,9.05,16.516666666666666,-0.12375951280791075,-1
USR005,2026-08-12,CustomerService,14,0,12,35,0,0,0,1,9.016666666666667,16.866666666666667,0.0326268486859011,1
USR005,2026-08-13,CustomerService,14,0,7,24,0,0,0,1,9.3,16.933333333333334,0.026328961921348648,1
USR005,2026-08-14,CustomerService,11,0,24,14,0,0,0,1,9.166666666666666,16.75,0.04602324605393049,1
USR005,2026-08-17,CustomerService,13,0,17,25,0,0,0,1,9.25,16.7,0.0497957363577059,1
USR005,2026-08-18,CustomerService,14,0,17,35,1,0,0,1,9.283333333333331,16.966666666666665,-0.013889397216881871,-1
USR005,2026-08-19,CustomerService,9,0,15,11,0,0,0,1,9.25,16.833333333333332,0.002796104022326662,1
USR005,2026-08-20,CustomerService,9,0,1,19,0,0,0,1,9.216666666666669,16.9,0.012716216766661625,1
USR005,2026-08-21,CustomerService,9,0,6,18,0,0,0,1,9.116666666666667,16.683333333333334,0.02705641521741936,1
USR006,2026-08-03,CustomerService,10,0,11,11,0,0,0,1,9.233333333333333,16.783333333333335,0.03637850886232852,1
USR006,2026-08-04,CustomerService,14,0,2,20,1,0,0,1,9.1,16.816666666666666,0.007753977995572203,1
USR006,2026-08-05,CustomerService,11,0,13,18,0,0,0,1,9.316666666666666,16.55,0.005127428601375661,1
USR006,2026-08-06,CustomerService,9,0,16,11,0,0,0,1,9.016666666666667,16.75,-0.002646849143001173,-1
USR006,2026-08-07,CustomerService,10,0,2,22,1,0,0,1,9.25,16.9,-0.004025157485419428,-1
USR006,2026-08-10,CustomerService,9,0,16,11,1,0,0,1,9.333333333333334,16.966666666666665,-0.07005194283497718,-1
USR006,2026-08-11,CustomerService,16,0,52,28,0,0,0,1,9.083333333333334,16.983333333333334,-0.08205469429563994,-1
USR006,2026-08-12,CustomerService,15,0,0,42,0,0,0,1,9.0,16.783333333333335,-0.054328352797887836,-1
USR006,2026-08-13,CustomerService,10,0,4,25,0,0,0,1,9.183333333333334,16.666666666666668,0.03879264397514287,1
USR006,2026-08-14,CustomerService,10,0,20,15,0,0,0,1,9.183333333333334,16.516666666666666,0.010045799742197381,1
USR006,2026-08-17,CustomerService,14,0,11,32,0,0,0,1,9.033333333333331,16.75,0.04337816902640457,1
USR006,2026-08-18,CustomerService,14,0,8,27,0,0,0,1,9.233333333333333,16.616666666666667,0.04064519333826799,1
USR006,2026-08-19,CustomerService,12,0,4,20,0,0,0,1,9.25,16.5,0.009634486651807994,1
USR006,2026-08-20,CustomerService,9,0,4,18,0,0,0,1,9.116666666666667,16.6,0.016212853204928324,1
USR006,2026-08-21,CustomerService,15,0,37,26,0,0,0,1,9.266666666666667,16.883333333333333,-0.01263490012553481,-1
USR008,2026-08-03,CustomerService,9,0,0,15,0,0,0,1,9.233333333333333,16.533333333333335,-0.019213963935482026,-1
USR008,2026-08-04,CustomerService,13,0,11,33,0,0,0,1,9.2,16.983333333333334,0.023538671823779278,1
USR008,2026-08-05,CustomerService,15,0,30,22,0,0,0,1,9.066666666666666,16.966666666666665,0.02845046741534496,1
USR008,2026-08-06,CustomerService,15,0,18,25,1,0,0,1,9.116666666666667,16.883333333333333,0.03301204339988262,1
USR008,2026-08-07,CustomerService,16,0,23,40,0,0,0,1,9.1,16.75,-0.01700862362485267,-1
USR008,2026-08-10,CustomerService,12,0,17,14,2,0,0,1,9.083333333333334,16.6,-0.10331758982968309,-1
USR008,2026-08-11,CustomerService,14,0,12,30,0,0,0,1,9.283333333333331,16.533333333333335,-0.000986219475048622,-1
USR008,2026-08-12,CustomerService,13,0,2,30,0,0,0,1,9.3,16.65,0.002327703253015123,1
USR008,2026-08-13,CustomerService,15,0,10,31,0,0,0,1,9.183333333333334,16.7,0.05033580343239241,1
USR008,2026-08-14,CustomerService,16,0,40,28,1,0,0,1,9.15,16.716666666666665,-0.06256194382537072,-1
USR008,2026-08-17,CustomerService,14,0,8,32,0,0,0,1,9.033333333333331,16.85,0.05067395798366969,1
USR008,2026-08-18,CustomerService,14,0,25,28,1,0,0,1,9.233333333333333,16.8,0.02461180530027468,1
USR008,2026-08-19,CustomerService,14,0,14,24,0,0,0,1,9.233333333333333,16.983333333333334,0.044903533121005035,1
USR008,2026-08-20,CustomerService,15,0,17,34,1,0,0,1,9.016666666666667,16.566666666666666,-0.04116757582284358,-1
USR008,2026-08-21,CustomerService,12,0,11,21,0,0,0,1,9.133333333333333,16.966666666666665,0.06588965271477715,1
USR009,2026-08-03,CustomerService,11,0,4,24,0,0,0,1,9.0,16.983333333333334,0.010147658013455962,1
USR009,2026-08-04,CustomerService,11,0,13,11,0,0,0,1,9.283333333333331,16.9,0.01132475601507743,1
USR009,2026-08-05,CustomerService,12,0,14,25,1,0,0,1,9.166666666666666,16.95,0.04348170786054767,1
USR009,2026-08-06,CustomerService,9,0,0,15,0,0,0,1,9.116666666666667,16.566666666666666,-0.019512185479850785,-1
USR009,2026-08-07,CustomerService,12,0,7,25,0,0,0,1,9.166666666666666,16.833333333333332,0.07526429117080063,1
USR009,2026-08-10,CustomerService,15,0,6,38,0,0,0,1,9.15,16.95,0.0071952656662435666,1
USR009,2026-08-11,CustomerService,10,0,0,27,0,0,0,1,9.283333333333331,16.883333333333333,-0.00536639014668483,-1
USR009,2026-08-12,CustomerService,11,0,24,16,1,0,0,1,9.216666666666669,16.716666666666665,-0.002395124279357841,-1
USR009,2026-08-13,CustomerService,16,0,6,33,0,0,0,1,9.133333333333333,16.933333333333334,0.015853234875538025,1
USR009,2026-08-14,CustomerService,10,0,2,14,0,0,0,1,9.05,16.983333333333334,-0.007446760118807627,-1
USR009,2026-08-17,CustomerService,16,0,42,25,0,0,0,1,9.083333333333334,16.7,-0.04191765778161982,-1
USR009,2026-08-18,CustomerService,13,0,12,29,1,0,0,1,9.183333333333334,16.833333333333332,0.04651727890001911,1
USR009,2026-08-19,CustomerService,16,0,16,44,0,0,0,1,9.25,16.7,-0.03471438328451648,-1
USR009,2026-08-20,CustomerService,10,0,10,21,0,0,0,1,9.116666666666667,16.633333333333333,0.05632725639097108,1
USR009,2026-08-21,CustomerService,11,0,1,21,1,0,0,1,9.05,16.616666666666667,-0.01468638646268372,-1
USR014,2026-08-03,CustomerService,10,0,16,13,0,0,0,1,9.0,16.7,0.013819678899136434,1
USR014,2026-08-04,CustomerService,10,0,14,9,0,0,0,1,9.0,16.616666666666667,-0.021740243491477518,-1
USR014,2026-08-05,CustomerService,10,0,13,16,0,0,0,1,9.2,16.566666666666666,0.03944829597079913,1
USR014,2026-08-06,CustomerService,14,0,22,16,0,0,0,1,9.033333333333331,16.883333333333333,0.03824256831325146,1
USR014,2026-08-07,CustomerService,12,0,21,15,0,0,0,1,9.033333333333331,16.833333333333332,0.04578536117689164,1
USR014,2026-08-10,CustomerService,10,0,6,13,1,0,0,1,9.05,16.5,-0.07570111570556082,-1
USR014,2026-08-11,CustomerService,15,0,22,22,0,0,0,1,9.3,16.95,0.012691991702598271,1
USR014,2026-08-12,CustomerService,14,0,31,17,0,0,0,1,9.15,16.633333333333333,-0.01042379680918748,-1
USR014,2026-08-13,CustomerService,10,0,23,19,1,0,0,1,9.2,16.633333333333333,-0.009630923508341604,-1
USR014,2026-08-14,CustomerService,9,0,15,15,1,0,0,1,9.266666666666667,16.883333333333333,-0.017684271779785377,-1
USR014,2026-08-17,CustomerService,11,0,31,12,1,0,0,1,9.316666666666666,16.933333333333334,-0.06461455359679436,-1
USR014,2026-08-18,CustomerService,14,0,25,25,1,0,0,1,9.266666666666667,16.666666666666668,0.0038995315862856428,1
USR014,2026-08-19,CustomerService,11,0,10,25,0,0,0,1,9.05,16.533333333333335,0.021755527597737523,1
USR014,2026-08-20,CustomerService,13,0,22,24,0,0,0,1,9.066666666666666,16.866666666666667,0.06903199427546386,1
USR014,2026-08-21,CustomerService,14,0,2,27,0,0,0,1,9.0,16.933333333333334,0.024496560321062677,1
USR015,2026-08-03,CustomerService,12,0,0,32,0,0,0,1,9.0,16.75,-0.00985040189546793,-1
USR015,2026-08-04,CustomerService,12,0,13,27,0,0,0,1,9.016666666666667,16.916666666666668,0.051340373382240234,1
USR015,2026-08-05,CustomerService,9,0,4,13,0,0,0,1,9.166666666666666,16.916666666666668,0.007063122456552107,1
USR015,2026-08-06,CustomerService,14,0,5,24,0,0,0,1,9.1,16.95,0.05101317383367243,1
USR015,2026-08-07,CustomerService,11,0,9,26,0,0,0,1,9.116666666666667,16.733333333333334,0.0632930271380861,1
USR015,2026-08-10,CustomerService,12,0,21,19,0,0,0,1,9.016666666666667,16.733333333333334,0.05370398554584066,1
USR015,2026-08-11,CustomerService,14,0,10,38,0,0,0,1,9.116666666666667,16.883333333333333,0.0249217413219861,1
USR015,2026-08-12,CustomerService,9,0,26,9,0,0,0,1,9.2,16.5,-0.07678449559925749,-1
USR015,2026-08-13,CustomerService,13,0,18,23,0,0,0,1,9.3,16.55,0.004579423841148733,1
USR015,2026-08-14,CustomerService,10,0,15,21,0,0,0,1,9.016666666666667,16.8,0.04418188160799119,1
USR015,2026-08-17,CustomerService,14,0,7,27,0,0,0,1,9.183333333333334,16.983333333333334,0.045200908486699554,1
USR015,2026-08-18,CustomerService,9,0,2,21,1,0,0,1,9.133333333333333,16.5,-0.06367052913497717,-1
USR015,2026-08-19,CustomerService,15,0,14,36,0,0,0,1,9.116666666666667,16.7,0.030138316748189342,1
USR015,2026-08-20,CustomerService,9,0,0,27,0,0,0,1,9.25,16.733333333333334,-0.022920565886579314,-1
USR015,2026-08-21,CustomerService,11,0,6,27,1,0,0,1,9.116666666666667,16.833333333333332,0.028603422393355282,1
USR018,2026-08-03,CustomerService,9,0,3,16,0,0,0,1,9.2,16.983333333333334,-0.0024481940368149546,-1
USR018,2026-08-04,CustomerService,14,0,31,23,1,0,0,1,9.0,16.95,-0.01767099246920545,-1
USR018,2026-08-05,CustomerService,14,0,7,35,1,0,0,1,9.116666666666667,16.75,0.005124913397271391,1
USR018,2026-08-06,CustomerService,10,0,14,16,0,0,0,1,9.133333333333333,16.8,0.05974938338382363,1
USR018,2026-08-07,CustomerService,11,0,24,15,0,0,0,1,9.05,16.75,0.047828515584445064,1
USR018,2026-08-10,CustomerService,12,0,13,20,0,0,0,1,9.25,16.983333333333334,0.042800355135381385,1
USR018,2026-08-11,CustomerService,14,0,19,38,0,0,0,1,9.166666666666666,16.65,-0.008365775234251416,-1
USR018,2026-08-12,CustomerService,15,0,14,31,0,0,0,1,9.066666666666666,16.933333333333334,0.054362695813760076,1
USR018,2026-08-13,CustomerService,15,0,32,20,0,0,0,1,9.216666666666669,16.633333333333333,-0.00953969982334879,-1
USR018,2026-08-14,CustomerService,9,0,15,12,0,0,0,1,9.233333333333333,16.6,0.010625947946719727,1
USR018,2026-08-17,CustomerService,13,0,31,14,0,0,0,1,9.3,16.883333333333333,-0.022367248584270194,-1
USR018,2026-08-18,CustomerService,14,0,10,29,0,0,0,1,9.183333333333334,16.816666666666666,0.06597302129988131,1
USR018,2026-08-19,CustomerService,15,0,38,15,0,0,0,1,9.0,16.983333333333334,-0.04945188236442,-1
USR018,2026-08-20,CustomerService,10,0,5,19,0,0,0,1,9.283333333333331,16.8,0.02825299598383696,1
USR018,2026-08-21,CustomerService,15,0,30,20,0,0,0,1,9.05,16.85,0.04065797547879124,1
USR021,2026-08-03,CustomerService,15,0,24,23,0,0,0,1,9.316666666666666,16.983333333333334,-0.008881992393688476,-1
USR021,2026-08-04,CustomerService,12,0,7,24,1,0,0,1,9.216666666666669,16.95,0.02708577585766625,1
USR021,2026-08-05,CustomerService,15,0,25,29,0,0,0,1,9.316666666666666,16.516666666666666,-0.04090905879034412,-1
USR021,2026-08-06,CustomerService,10,0,0,24,1,0,0,1,9.133333333333333,16.9,0.003230086163262702,1
USR021,2026-08-07,CustomerService,9,0,25,11,0,0,0,1,9.133333333333333,16.983333333333334,-0.03790816465685498,-1
USR021,2026-08-10,CustomerService,11,0,10,23,1,0,0,1,9.216666666666669,16.916666666666668,0.03007031674347327,1
USR021,2026-08-11,CustomerService,15,0,20,33,2,0,0,1,9.233333333333333,16.5,-0.12092173691453201,-1
USR021,2026-08-12,CustomerService,11,0,12,22,0,0,0,1,9.033333333333331,16.966666666666665,0.04936083592531104,1
USR021,2026-08-13,CustomerService,15,0,23,19,0,0,0,1,9.15,16.983333333333334,0.034124476097037115,1
USR021,2026-08-14,CustomerService,10,0,8,20,0,0,0,1,9.083333333333334,16.866666666666667,0.06542889594444129,1
USR021,2026-08-17,CustomerService,12,0,6,30,1,0,0,1,9.166666666666666,16.7,0.011142723457968184,1
USR021,2026-08-18,CustomerService,9,0,10,13,0,0,0,1,9.166666666666666,16.883333333333333,0.026606029634371975,1
USR021,2026-08-19,CustomerService,9,0,0,19,0,0,0,1,9.066666666666666,16.616666666666667,-0.015772704684075545,-1
USR021,2026-08-20,CustomerService,13,0,22,18,0,0,0,1,9.15,16.816666666666666,0.06829098642543863,1
USR021,2026-08-21,CustomerService,16,0,29,18,0,0,0,1,9.016666666666667,16.8,-0.0008431214501465334,-1
USR023,2026-08-03,CustomerService,12,0,16,15,0,0,0,1,9.166666666666666,16.983333333333334,0.03690491529441364,1
USR023,2026-08-04,CustomerService,9,0,20,16,0,0,0,1,9.283333333333331,16.9,-0.008142037196882557,-1
USR023,2026-08-05,CustomerService,16,0,9,49,0,0,0,1,9.316666666666666,16.7,-0.09326189971651189,-1
USR023,2026-08-06,CustomerService,15,0,15,22,0,0,0,1,9.0,16.516666666666666,-0.017069076605386813,-1
USR023,2026-08-07,CustomerService,12,0,29,24,1,0,0,1,9.183333333333334,16.983333333333334,-0.01501605157187158,-1
USR023,2026-08-10,CustomerService,10,0,1,21,0,0,0,1,9.05,16.85,0.03385706862017013,1
USR023,2026-08-11,CustomerService,11,0,6,24,0,0,0,1,9.266666666666667,16.683333333333334,0.046218996387472844,1
USR023,2026-08-12,CustomerService,15,0,5,43,0,0,0,1,9.0,16.85,-0.02933373273789719,-1
USR023,2026-08-13,CustomerService,15,0,10,31,1,0,0,1,9.016666666666667,16.95,-0.005065904296464474,-1
USR023,2026-08-14,CustomerService,10,0,20,17,0,0,0,1,9.1,16.933333333333334,0.046658754149235926,1
USR023,2026-08-17,CustomerService,12,0,6,31,0,0,0,1,9.016666666666667,16.583333333333332,0.006956283502157989,1
USR023,2026-08-18,CustomerService,15,0,22,27,0,0,0,1,9.233333333333333,16.916666666666668,0.05134744176201639,1
USR023,2026-08-19,CustomerService,14,0,21,28,0,0,0,1,9.166666666666666,16.733333333333334,0.058632128008676954,1
USR023,2026-08-20,CustomerService,9,0,2,17,0,0,0,1,9.183333333333334,16.833333333333332,0.022076147847133576,1
USR023,2026-08-21,CustomerService,11,0,9,16,0,0,0,1,9.25,16.8,0.05413090299791112,1
USR024,2026-08-03,CustomerService,16,0,29,28,0,0,0,1,9.133333333333333,16.9,0.028716990164391443,1
USR024,2026-08-04,CustomerService,14,0,3,37,0,0,0,1,9.083333333333334,16.983333333333334,-0.004789118681263971,-1
USR024,2026-08-05,CustomerService,15,0,6,33,0,0,0,1,9.0,16.866666666666667,0.028619570294136365,1
USR024,2026-08-06,CustomerService,10,0,8,16,0,0,0,1,9.333333333333334,16.916666666666668,-0.0038302670892294,-1
USR024,2026-08-07,CustomerService,12,0,0,23,1,0,0,1,9.216666666666669,16.666666666666668,-0.004879152364363648,-1
USR024,2026-08-10,CustomerService,12,0,9,27,0,0,0,1,9.033333333333331,16.833333333333332,0.06211559442507869,1
USR024,2026-08-11,CustomerService,16,0,23,33,0,0,0,1,9.066666666666666,16.966666666666665,0.016184329670982878,1
USR024,2026-08-12,CustomerService,13,0,12,29,0,0,0,1,9.133333333333333,16.833333333333332,0.07074485115252616,1
USR024,2026-08-13,CustomerService,11,0,37,15,2,0,0,1,9.116666666666667,16.783333333333335,-0.11427240972232222,-1
USR024,2026-08-14,CustomerService,12,0,10,22,0,0,0,1,9.266666666666667,16.633333333333333,0.052819797229901266,1
USR024,2026-08-17,CustomerService,15,0,32,26,0,0,0,1,9.0,16.783333333333335,0.022472580052762203,1
USR024,2026-08-18,CustomerService,15,0,11,34,0,0,0,1,9.283333333333331,16.616666666666667,-0.002241529458937963,-1
USR024,2026-08-19,CustomerService,9,0,11,20,0,0,0,1,9.016666666666667,16.6,-0.0004783939572844398,-1
USR024,2026-08-20,CustomerService,11,0,9,18,0,0,0,1,9.033333333333331,16.65,0.04590146319736038,1
USR024,2026-08-21,CustomerService,16,0,26,21,1,0,0,1,9.333333333333334,16.633333333333333,-0.07825567218081708,-1
USR025,2026-08-03,CustomerService,12,0,22,21,1,0,0,1,9.283333333333331,16.8,0.01544590783762545,1
USR025,2026-08-04,CustomerService,11,0,15,16,1,0,0,1,9.05,16.983333333333334,-0.009176494656172318,-1
USR025,2026-08-05,CustomerService,12,0,7,23,0,0,0,1,9.0,16.633333333333333,0.04206502319144467,1
USR025,2026-08-06,CustomerService,16,0,30,39,1,0,0,1,9.316666666666666,16.9,-0.09110227357979428,-1
USR025,2026-08-07,CustomerService,10,0,0,21,1,0,0,1,9.133333333333333,16.933333333333334,0.001890336564055295,1
USR025,2026-08-10,CustomerService,13,0,11,24,2,0,0,1,9.066666666666666,16.966666666666665,-0.05444109708826772,-1
USR025,2026-08-11,CustomerService,10,0,22,10,0,0,0,1,9.15,16.733333333333334,0.024187608743154343,1
USR025,2026-08-12,CustomerService,12,0,12,18,0,0,0,1,9.133333333333333,16.866666666666667,0.07455114695970061,1
USR025,2026-08-13,CustomerService,16,0,11,36,0,0,0,1,9.016666666666667,16.6,-0.016991644035411535,-1
USR025,2026-08-14,CustomerService,9,0,0,22,1,0,0,1,9.15,16.8,-0.02389845707020144,-1
USR025,2026-08-17,CustomerService,9,0,10,11,0,0,0,1,9.066666666666666,16.733333333333334,0.009980156644973759,1
USR025,2026-08-18,CustomerService,13,0,20,25,1,0,0,1,9.233333333333333,16.766666666666666,0.03258167459949046,1
USR025,2026-08-19,CustomerService,10,0,6,20,0,0,0,1,9.083333333333334,16.733333333333334,0.05557964737131588,1
USR025,2026-08-20,CustomerService,9,0,3,21,0,0,0,1,9.266666666666667,16.95,-0.005677484869151428,-1
USR025,2026-08-21,CustomerService,11,0,9,19,0,0,0,1,9.1,16.566666666666666,0.047472419712864866,1
USR028,2026-08-03,CustomerService,10,0,15,25,0,0,0,1,9.233333333333333,16.533333333333335,0.01109965847386396,1
USR028,2026-08-04,CustomerService,12,0,23,17,0,0,0,1,9.033333333333331,16.85,0.05206732725401192,1
USR028,2026-08-05,CustomerService,12,0,6,32,0,0,0,1,9.116666666666667,16.733333333333334,0.048225552226944024,1
USR028,2026-08-06,CustomerService,16,0,20,32,3,0,0,1,9.3,16.95,-0.1462003949503301,-1
USR028,2026-08-07,CustomerService,16,0,12,41,0,0,0,1,9.3,16.733333333333334,-0.03432417388715292,-1
USR028,2026-08-10,CustomerService,11,0,15,14,0,0,0,1,9.0,16.983333333333334,0.00811652183153383,1
USR028,2026-08-11,CustomerService,15,0,32,25,0,0,0,1,9.0,16.8,0.022754195966363466,1
USR028,2026-08-12,CustomerService,15,0,19,29,1,0,0,1,9.033333333333331,16.733333333333334,0.014783207884898397,1
USR028,2026-08-13,CustomerService,12,0,27,20,0,0,0,1,9.0,16.75,0.033932613601225736,1
USR028,2026-08-14,CustomerService,11,0,7,19,0,0,0,1,9.066666666666666,16.933333333333334,0.06405316080131435,1
USR028,2026-08-17,CustomerService,15,0,15,37,0,0,0,1,9.083333333333334,16.616666666666667,0.0060688089461134465,1
USR028,2026-08-18,CustomerService,13,0,18,18,2,0,0,1,9.133333333333333,16.883333333333333,-0.04094942423812087,-1
USR028,2026-08-19,CustomerService,16,0,6,20,0,0,0,1,9.3,16.5,-0.05699635882151899,-1
USR028,2026-08-20,CustomerService,15,0,1,31,0,0,0,1,9.0,16.783333333333335,0.008511087672987416,1
USR028,2026-08-21,CustomerService,9,0,11,9,0,0,0,1,9.183333333333334,16.783333333333335,0.008786532221690235,1
USR030,2026-08-03,CustomerService,10,0,12,14,0,0,0,1,9.166666666666666,16.966666666666665,0.04687131228064517,1
USR030,2026-08-04,CustomerService,15,0,21,30,2,0,0,1,9.083333333333334,16.8,-0.05822675423500023,-1
USR030,2026-08-05,CustomerService,9,0,16,8,2,0,0,1,9.083333333333334,16.883333333333333,-0.12248671611511885,-1
USR030,2026-08-06,CustomerService,15,0,14,24,0,0,0,1,9.016666666666667,16.55,0.009904397850975133,1
USR030,2026-08-07,CustomerService,16,0,23,29,0,0,0,1,9.083333333333334,16.65,0.021609644225617952,1
USR030,2026-08-10,CustomerService,15,0,40,15,0,0,0,1,9.05,16.783333333333335,-0.02491504907223141,-1
USR030,2026-08-11,CustomerService,11,0,14,22,0,0,0,1,9.066666666666666,16.85,0.07163403372939009,1
USR030,2026-08-12,CustomerService,9,0,0,25,0,0,0,1,9.233333333333333,16.783333333333335,-0.010383123409923423,-1
USR030,2026-08-13,CustomerService,10,0,8,22,0,0,0,1,9.116666666666667,16.8,0.06831756807636424,1
USR030,2026-08-14,CustomerService,10,0,0,29,0,0,0,1,9.016666666666667,16.816666666666666,-0.00700673291866194,-1
USR030,2026-08-17,CustomerService,14,0,10,27,1,0,0,1,9.3,16.683333333333334,-0.004701961614162142,-1
USR030,2026-08-18,CustomerService,9,0,10,17,0,0,0,1,9.116666666666667,16.833333333333332,0.03489276077293918,1
USR030,2026-08-19,CustomerService,10,0,22,14,0,0,0,1,9.066666666666666,16.983333333333334,0.011033405623074366,1
USR030,2026-08-20,CustomerService,15,0,24,32,3,0,0,1,9.3,16.916666666666668,-0.13737813121809872,-1
USR030,2026-08-21,CustomerService,14,0,31,19,1,0,0,1,9.0,16.65,-0.03995215735847779,-1
USR034,2026-08-03,CustomerService,15,0,17,26,0,0,0,1,9.166666666666666,16.916666666666668,0.06512390548227592,1
USR034,2026-08-04,CustomerService,13,0,14,25,0,0,0,1,9.166666666666666,16.9,0.07551651427996331,1
USR034,2026-08-05,CustomerService,12,0,10,32,0,0,0,1,9.05,16.5,-0.022572599369505952,-1
USR034,2026-08-06,CustomerService,13,0,25,16,0,0,0,1,9.05,16.95,0.03688917947337772,1
USR034,2026-08-07,CustomerService,13,0,18,25,0,0,0,1,9.066666666666666,16.883333333333333,0.06743140663649849,1
USR034,2026-08-10,CustomerService,12,0,18,25,1,0,0,1,9.183333333333334,16.966666666666665,0.0341457790943866,1
USR034,2026-08-11,CustomerService,11,0,4,31,1,0,0,1,9.0,16.9,-0.03477333238575675,-1
USR034,2026-08-12,CustomerService,9,0,0,23,2,0,0,1,9.1,16.983333333333334,-0.11657693030401273,-1
USR034,2026-08-13,CustomerService,13,0,15,32,0,0,0,1,9.1,16.7,0.04767113358476294,1
USR034,2026-08-14,CustomerService,16,0,28,32,0,0,0,1,9.15,16.866666666666667,0.020130897725729513,1
USR034,2026-08-17,CustomerService,12,0,19,18,1,0,0,1,9.25,16.866666666666667,0.024661172592454095,1
USR034,2026-08-18,CustomerService,16,0,32,29,1,0,0,1,9.0,16.516666666666666,-0.09421660774746321,-1
USR034,2026-08-19,CustomerService,15,0,12,33,0,0,0,1,9.033333333333331,16.633333333333333,0.026854594882422478,1
USR034,2026-08-20,CustomerService,11,0,4,23,0,0,0,1,9.083333333333334,16.933333333333334,0.055749766923090915,1
USR034,2026-08-21,CustomerService,10,0,11,10,0,0,0,1,9.216666666666669,16.65,0.021269644645615815,1
USR035,2026-08-03,CustomerService,9,0,14,16,0,0,0,1,9.183333333333334,16.983333333333334,0.0216773879350165,1
USR035,2026-08-04,CustomerService,14,0,11,31,0,0,0,1,9.2,16.833333333333332,0.05687600578486074,1
USR035,2026-08-05,CustomerService,11,0,15,14,1,0,0,1,9.0,16.916666666666668,-0.014399092522895285,-1
USR035,2026-08-06,CustomerService,13,0,21,24,0,0,0,1,9.333333333333334,16.9,0.01007371302561838,1
USR035,2026-08-07,CustomerService,12,0,16,21,0,0,0,1,9.316666666666666,16.55,-0.0034541614127330256,-1
USR035,2026-08-10,CustomerService,12,0,19,24,0,0,0,1,9.15,16.85,0.0680372739817992,1
USR035,2026-08-11,CustomerService,14,0,11,31,1,0,0,1,9.15,16.733333333333334,0.02697159600556598,1
USR035,2026-08-12,CustomerService,10,0,0,25,0,0,0,1,9.116666666666667,16.966666666666665,0.015179287681787668,1
USR035,2026-08-13,CustomerService,12,0,18,26,0,0,0,1,9.033333333333331,16.85,0.05725900451473953,1
USR035,2026-08-14,CustomerService,16,0,1,46,1,0,0,1,9.233333333333333,16.766666666666666,-0.10380245159671031,-1
USR035,2026-08-17,CustomerService,15,0,16,41,1,0,0,1,9.05,16.866666666666667,-0.028195956488270446,-1
USR035,2026-08-18,CustomerService,15,0,33,20,1,0,0,1,9.266666666666667,16.783333333333335,-0.027255535320676594,-1
USR035,2026-08-19,CustomerService,16,0,22,27,1,0,0,1,9.216666666666669,16.833333333333332,0.0041780922188559555,1
USR035,2026-08-20,CustomerService,15,0,4,25,0,0,0,1,9.166666666666666,16.966666666666665,0.03904378708713796,1
USR035,2026-08-21,CustomerService,11,0,9,12,0,0,0,1,9.333333333333334,16.683333333333334,-0.010468643481762574,-1
USR043,2026-08-03,CustomerService,12,0,1,22,1,0,0,1,9.333333333333334,16.55,-0.06391166408034388,-1
USR043,2026-08-04,CustomerService,13,0,7,19,0,0,0,1,9.0,16.866666666666667,0.04879502945365627,1
USR043,2026-08-05,CustomerService,16,0,18,30,2,0,0,1,9.0,16.933333333333334,-0.08945411438384487,-1
USR043,2026-08-06,CustomerService,12,0,16,26,0,0,0,1,9.216666666666669,16.983333333333334,0.04148713621059508,1
USR043,2026-08-07,CustomerService,15,0,31,32,0,0,0,1,9.066666666666666,16.9,0.0230258867025514,1
USR043,2026-08-10,CustomerService,15,0,37,22,1,0,0,1,9.083333333333334,16.766666666666666,-0.027370640037379546,-1
USR043,2026-08-11,CustomerService,10,0,6,19,0,0,0,1,9.083333333333334,16.633333333333333,0.049468105014511654,1
USR043,2026-08-12,CustomerService,15,0,10,28,1,0,0,1,9.233333333333333,16.633333333333333,0.0005320738498639788,1
USR043,2026-08-13,CustomerService,12,0,13,22,0,0,0,1,9.233333333333333,16.966666666666665,0.05988288836923544,1
USR043,2026-08-14,CustomerService,15,0,24,29,0,0,0,1,9.233333333333333,16.6,0.017392584867589267,1
USR043,2026-08-17,CustomerService,15,0,13,36,1,0,0,1,9.2,16.916666666666668,-5.1677018634510574e-05,-1
USR043,2026-08-18,CustomerService,12,0,25,26,0,0,0,1,9.1,16.816666666666666,0.05220247716871629,1
USR043,2026-08-19,CustomerService,14,0,19,27,1,0,0,1,9.216666666666669,16.766666666666666,0.03599731033709158,1
USR043,2026-08-20,CustomerService,14,0,0,42,0,0,0,1,9.166666666666666,16.9,-0.026176691772947347,-1
USR043,2026-08-21,CustomerService,13,0,2,28,0,0,0,1,9.1,16.616666666666667,0.027349199887885423,1
USR048,2026-08-03,CustomerService,9,0,23,8,0,0,0,1,9.183333333333334,16.516666666666666,-0.06478355555833037,-1
USR048,2026-08-04,CustomerService,9,0,6,24,0,0,0,1,9.216666666666669,16.516666666666666,0.002557109818340564,1
USR048,2026-08-05,CustomerService,12,0,5,24,0,0,0,1,9.3,16.866666666666667,0.036654794468617025,1
USR048,2026-08-06,CustomerService,11,0,8,17,0,0,0,1,9.15,16.766666666666666,0.06384310955685263,1
USR048,2026-08-07,CustomerService,13,0,16,30,0,0,0,1,9.25,16.8,0.051400403254621474,1
USR048,2026-08-10,CustomerService,10,0,0,20,1,0,0,1,9.116666666666667,16.983333333333334,-0.018411231741299883,-1
USR048,2026-08-11,CustomerService,16,0,11,34,1,0,0,1,9.2,16.85,-0.009183925209393151,-1
USR048,2026-08-12,CustomerService,13,0,17,22,0,0,0,1,9.1,16.916666666666668,0.07120153308875765,1
USR048,2026-08-13,CustomerService,16,0,16,35,0,0,0,1,9.2,16.916666666666668,0.017106693712982235,1
USR048,2026-08-14,CustomerService,10,0,22,16,0,0,0,1,9.2,16.85,0.04885356475595548,1
USR048,2026-08-17,CustomerService,14,0,16,32,1,0,0,1,9.25,16.783333333333335,0.022704009971262262,1
USR048,2026-08-18,CustomerService,11,0,19,17,0,0,0,1,9.183333333333334,16.6,0.04009865317707012,1
USR048,2026-08-19,CustomerService,9,0,20,4,0,0,0,1,9.3,16.733333333333334,-0.07543112568596388,-1
USR048,2026-08-20,CustomerService,12,0,28,21,0,0,0,1,9.266666666666667,16.8,0.02084814876245955,1
USR048,2026-08-21,CustomerService,12,0,20,19,0,0,0,1,9.2,16.7,0.05756174267295899,1
USR055,2026-08-03,CustomerService,16,0,20,37,0,0,0,1,9.083333333333334,16.566666666666666,-0.03399346011275328,-1
USR055,2026-08-04,CustomerService,10,0,15,15,1,0,0,1,9.15,16.816666666666666,0.019333235651925684,1
USR055,2026-08-05,CustomerService,14,0,22,32,0,0,0,1,9.116666666666667,16.55,0.0010918367771333704,1
USR055,2026-08-06,CustomerService,9,0,3,21,0,0,0,1,9.116666666666667,16.516666666666666,-0.005838384886074577,-1
USR055,2026-08-07,CustomerService,9,0,5,17,0,0,0,1,9.283333333333331,16.916666666666668,-0.0035494045341215585,-1
USR055,2026-08-10,CustomerService,12,0,4,21,0,0,0,1,9.05,16.633333333333333,0.046260855785187516,1
USR055,2026-08-11,CustomerService,14,0,20,31,1,0,0,1,9.066666666666666,16.666666666666668,-0.0016278628466847023,-1
USR055,2026-08-12,CustomerService,15,0,16,25,1,0,0,1,9.2,16.95,0.02943522253142994,1
USR055,2026-08-13,CustomerService,12,0,1,33,0,0,0,1,9.083333333333334,16.9,0.025137267178115152,1
USR055,2026-08-14,CustomerService,10,0,1,20,1,0,0,1,9.216666666666669,16.55,-0.024690715961252496,-1
USR055,2026-08-17,CustomerService,11,0,9,26,0,0,0,1,9.05,16.75,0.057870271951012076,1
USR055,2026-08-18,CustomerService,9,0,1,15,1,0,0,1,9.183333333333334,16.95,-0.03198980858835809,-1
USR055,2026-08-19,CustomerService,11,0,10,19,0,0,0,1,9.216666666666669,16.683333333333334,0.06750789528341966,1
USR055,2026-08-20,CustomerService,14,0,5,27,0,0,0,1,9.316666666666666,16.733333333333334,0.011265420182782093,1
USR055,2026-08-21,CustomerService,12,0,8,27,0,0,0,1,9.233333333333333,16.65,0.049180087834831965,1
USR059,2026-08-03,CustomerService,15,0,32,26,1,0,0,1,9.05,16.916666666666668,0.0006441916537941461,1
USR059,2026-08-04,CustomerService,15,0,28,26,0,0,0,1,9.033333333333331,16.533333333333335,-0.015057045808518854,-1
USR059,2026-08-05,CustomerService,14,0,16,26,1,0,0,1,9.0,16.833333333333332,0.017865803331948482,1
USR059,2026-08-06,CustomerService,15,0,17,40,0,0,0,1,9.0,16.6,-0.028947203821691914,-1
USR059,2026-08-07,CustomerService,16,0,30,19,0,0,0,1,9.033333333333331,16.733333333333334,0.004544711986711358,1
USR059,2026-08-10,CustomerService,16,0,11,31,0,0,0,1,9.166666666666666,16.733333333333334,0.03519994980316271,1
USR059,2026-08-11,CustomerService,13,0,28,18,1,0,0,1,9.2,16.75,0.0042229337487814655,1
USR059,2026-08-12,CustomerService,9,0,23,15,0,0,0,1,9.05,16.616666666666667,-0.009529380376373964,-1
USR059,2026-08-13,CustomerService,16,0,49,21,0,0,0,1,9.0,16.783333333333335,-0.08126670088826227,-1
USR059,2026-08-14,CustomerService,12,0,15,24,1,0,0,1,9.033333333333331,16.716666666666665,0.01808581343453647,1
USR059,2026-08-17,CustomerService,15,0,27,21,0,0,0,1,9.333333333333334,16.75,-0.0219657743262458,-1
USR059,2026-08-18,CustomerService,14,0,7,24,0,0,0,1,9.283333333333331,16.683333333333334,0.03502091640821836,1
USR059,2026-08-19,CustomerService,9,0,17,19,1,0,0,1,9.0,16.566666666666666,-0.06726748375885672,-1
USR059,2026-08-20,CustomerService,15,0,23,29,0,0,0,1,9.066666666666666,16.983333333333334,0.03895822827640677,1
USR059,2026-08-21,CustomerService,13,0,24,23,0,0,0,1,9.133333333333333,16.833333333333332,0.0660317416358901,1
USR063,2026-08-03,CustomerService,10,0,7,19,0,0,0,1,9.15,16.883333333333333,0.06613288835047054,1
USR063,2026-08-04,CustomerService,12,0,6,25,1,0,0,1,9.333333333333334,16.55,-0.05112444104461411,-1
USR063,2026-08-05,CustomerService,16,0,21,32,0,0,0,1,9.216666666666669,16.916666666666668,0.02345829684150552,1
USR063,2026-08-06,CustomerService,10,0,14,23,1,0,0,1,9.233333333333333,16.783333333333335,0.01736041887754347,1
USR063,2026-08-07,CustomerService,15,0,26,19,0,0,0,1,9.05,16.516666666666666,-0.020417550818372154,-1
USR063,2026-08-10,CustomerService,12,0,6,30,1,0,0,1,9.0,16.666666666666668,-0.01993970504371123,-1
USR063,2026-08-11,CustomerService,16,0,6,38,0,0,0,1,9.1,16.8,0.002423831456791703,1
USR063,2026-08-12,CustomerService,11,0,9,25,0,0,0,1,9.166666666666666,16.766666666666666,0.06489199702096476,1
USR063,2026-08-13,CustomerService,13,0,8,25,1,0,0,1,9.0,16.766666666666666,0.006281126793582392,1
USR063,2026-08-14,CustomerService,13,0,50,4,0,0,0,1,9.0,16.65,-0.13698115477139294,-1
USR063,2026-08-17,CustomerService,13,0,21,20,0,0,0,1,9.05,16.733333333333334,0.06382607681422392,1
USR063,2026-08-18,CustomerService,13,0,20,33,0,0,0,1,9.333333333333334,16.95,-0.017134624482473604,-1
USR063,2026-08-19,CustomerService,10,0,16,17,0,0,0,1,9.1,16.5,0.006494925967498011,1
USR063,2026-08-20,CustomerService,16,0,8,27,0,0,0,1,9.333333333333334,16.766666666666666,-0.022168548655611908,-1
USR063,2026-08-21,CustomerService,9,0,1,15,0,0,0,1,9.25,16.5,-0.028987802405397223,-1
USR064,2026-08-03,CustomerService,9,0,2,17,1,0,0,1,9.183333333333334,16.916666666666668,-0.013296650325496873,-1
USR064,2026-08-04,CustomerService,15,0,9,29,2,0,0,1,9.116666666666667,16.6,-0.08667027450663112,-1
USR064,2026-08-05,CustomerService,10,0,9,19,1,0,0,1,9.2,16.766666666666666,0.023890050576359956,1
USR064,2026-08-06,CustomerService,12,0,6,31,0,0,0,1,9.116666666666667,16.733333333333334,0.054904811710726475,1
USR064,2026-08-07,CustomerService,14,0,9,36,1,0,0,1,9.266666666666667,16.9,-0.01247592169348688,-1
USR064,2026-08-10,CustomerService,11,0,8,21,0,0,0,1,9.216666666666669,16.516666666666666,0.04008559183217203,1
USR064,2026-08-11,CustomerService,10,0,17,13,0,0,0,1,9.316666666666666,16.833333333333332,-0.0019166794954555977,-1
USR064,2026-08-12,CustomerService,11,0,17,12,1,0,0,1,9.016666666666667,16.833333333333332,-0.01713925362941826,-1
USR064,2026-08-13,CustomerService,13,0,12,16,0,0,0,1,9.05,16.65,0.04249863292118994,1
USR064,2026-08-14,CustomerService,15,0,12,27,0,0,0,1,9.0,16.75,0.04432655929431162,1
USR064,2026-08-17,CustomerService,16,0,25,25,0,0,0,1,9.25,16.716666666666665,0.006900551098900143,1
USR064,2026-08-18,CustomerService,14,0,21,24,0,0,0,1,9.0,16.666666666666668,0.03475832147533103,1
USR064,2026-08-19,CustomerService,12,0,8,18,0,0,0,1,9.25,16.766666666666666,0.05641744723972775,1
USR064,2026-08-20,CustomerService,12,0,27,19,1,0,0,1,9.066666666666666,16.866666666666667,0.010771181772768534,1
USR064,2026-08-21,CustomerService,14,0,22,20,1,0,0,1,9.266666666666667,16.933333333333334,0.026913302718667598,1
USR067,2026-08-03,CustomerService,15,0,21,27,0,0,0,1,9.083333333333334,16.983333333333334,0.04346480163447686,1
USR067,2026-08-04,CustomerService,15,0,16,22,0,0,0,1,9.25,16.983333333333334,0.022992004772517005,1
USR067,2026-08-05,CustomerService,10,0,7,20,0,0,0,1,9.133333333333333,16.75,0.0658198506489055,1
USR067,2026-08-06,CustomerService,14,0,0,41,1,0,0,1,9.25,16.833333333333332,-0.06809275990104457,-1
USR067,2026-08-07,CustomerService,10,0,13,20,0,0,0,1,9.216666666666669,16.633333333333333,0.060382726072435666,1
USR067,2026-08-10,CustomerService,10,0,9,16,0,0,0,1,9.183333333333334,16.783333333333335,0.06297089055087851,1
USR067,2026-08-11,CustomerService,15,0,18,27,0,0,0,1,9.133333333333333,16.733333333333334,0.0580424444755111,1
USR067,2026-08-12,CustomerService,10,0,0,23,2,0,0,1,9.1,16.666666666666668,-0.09903352511474262,-1
USR067,2026-08-13,CustomerService,11,0,14,27,0,0,0,1,9.183333333333334,16.95,0.059213540908424844,1
USR067,2026-08-14,CustomerService,10,0,7,16,0,0,0,1,9.2,16.783333333333335,0.05957180565139092,1
USR067,2026-08-17,CustomerService,16,0,25,31,0,0,0,1,9.233333333333333,16.933333333333334,0.01011905726060891,1
USR067,2026-08-18,CustomerService,15,0,3,33,0,0,0,1,9.266666666666667,16.75,0.012623617852778102,1
USR067,2026-08-19,CustomerService,14,0,19,21,0,0,0,1,9.0,16.6,0.022009200000295936,1
USR067,2026-08-20,CustomerService,14,0,29,22,0,0,0,1,9.183333333333334,16.833333333333332,0.04151276951684091,1
USR067,2026-08-21,CustomerService,11,0,22,16,0,0,0,1,9.283333333333331,16.85,0.027253373703577777,1
USR072,2026-08-03,CustomerService,14,0,14,27,0,0,0,1,9.033333333333331,16.966666666666665,0.05488779350735412,1
USR072,2026-08-04,CustomerService,13,0,18,24,2,0,0,1,9.116666666666667,16.533333333333335,-0.08778198780224977,-1
USR072,2026-08-05,CustomerService,13,0,17,26,1,0,0,1,9.1,16.9,0.0451575528870608,1
USR072,2026-08-06,CustomerService,13,0,10,25,0,0,0,1,9.0,16.933333333333334,0.03919858052712538,1
USR072,2026-08-07,CustomerService,11,0,12,17,0,0,0,1,9.15,16.683333333333334,0.06704000195332865,1
USR072,2026-08-10,CustomerService,11,0,14,23,0,0,0,1,9.083333333333334,16.9,0.0653526009191075,1
USR072,2026-08-11,CustomerService,13,0,7,28,0,0,0,1,9.166666666666666,16.816666666666666,0.07276417961593928,1
USR072,2026-08-12,CustomerService,11,0,18,21,0,0,0,1,9.133333333333333,16.733333333333334,0.06469014055228611,1
USR072,2026-08-13,CustomerService,11,0,13,20,1,0,0,1,9.116666666666667,16.816666666666666,0.04626969527710301,1
USR072,2026-08-14,CustomerService,9,0,19,11,0,0,0,1,9.0,16.65,-0.022073411512207763,-1
USR072,2026-08-17,CustomerService,13,0,23,22,0,0,0,1,9.316666666666666,16.683333333333334,0.012816698015391148,1
USR072,2026-08-18,CustomerService,10,0,9,10,0,0,0,1,9.0,16.833333333333332,-0.004748520428943692,-1
USR072,2026-08-19,CustomerService,10,0,8,19,2,0,0,1,9.3,16.616666666666667,-0.10801202590036085,-1
USR072,2026-08-20,CustomerService,12,0,10,19,0,0,0,1,9.15,16.866666666666667,0.07753484108131287,1
USR072,2026-08-21,CustomerService,10,0,8,23,0,0,0,1,9.3,16.8,0.021034573193312422,1
USR074,2026-08-03,CustomerService,16,0,24,34,0,0,0,1,9.1,16.966666666666665,0.014167140423749225,1
USR074,2026-08-04,CustomerService,13,0,3,28,0,0,0,1,9.15,16.716666666666665,0.045121896139620365,1
USR074,2026-08-05,CustomerService,12,0,24,25,2,0,0,1,9.116666666666667,16.966666666666665,-0.06646200341913533,-1
USR074,2026-08-06,CustomerService,13,0,20,30,0,0,0,1,9.083333333333334,16.933333333333334,0.05629659820934563,1
USR074,2026-08-07,CustomerService,10,0,20,13,0,0,0,1,9.1,16.9,0.03434477673239594,1
USR074,2026-08-10,CustomerService,11,0,13,21,1,0,0,1,9.266666666666667,16.833333333333332,0.02881285086201918,1
USR074,2026-08-11,CustomerService,10,0,4,14,0,0,0,1,9.233333333333333,16.816666666666666,0.03528917737767412,1
USR074,2026-08-12,CustomerService,16,0,19,28,0,0,0,1,9.266666666666667,16.583333333333332,-0.01254751491701167,-1
USR074,2026-08-13,CustomerService,16,0,28,20,0,0,0,1,9.0,16.733333333333334,-0.0013560612133316496,-1
USR074,2026-08-14,CustomerService,11,0,18,19,0,0,0,1,9.25,16.683333333333334,0.04573232929146476,1
USR074,2026-08-17,CustomerService,11,0,1,26,1,0,0,1,9.016666666666667,16.666666666666668,-0.0155333680716927,-1
USR074,2026-08-18,CustomerService,11,0,1,23,0,0,0,1,9.016666666666667,16.616666666666667,0.024558032340749325,1
USR074,2026-08-19,CustomerService,9,0,5,18,1,0,0,1,9.183333333333334,16.933333333333334,-0.00964885901480983,-1
USR074,2026-08-20,CustomerService,12,0,26,15,0,0,0,1,9.05,16.65,0.025497475748833154,1
USR074,2026-08-21,CustomerService,10,0,19,18,0,0,0,1,9.1,16.65,0.047424404252807084,1
USR076,2026-08-03,CustomerService,11,0,1,25,2,0,0,1,9.166666666666666,16.916666666666668,-0.06701564163213958,-1
USR076,2026-08-04,CustomerService,11,0,2,21,0,0,0,1,9.233333333333333,16.5,0.013364692830701574,1
USR076,2026-08-05,CustomerService,16,0,17,30,0,0,0,1,9.3,16.85,0.011419148386840161,1
USR076,2026-08-06,CustomerService,13,0,9,37,1,0,0,1,9.333333333333334,16.766666666666666,-0.05585182263745603,-1
USR076,2026-08-07,CustomerService,14,0,7,33,0,0,0,1,9.333333333333334,16.783333333333335,-0.007956677337458085,-1
USR076,2026-08-10,CustomerService,14,0,23,29,0,0,0,1,9.2,16.7,0.0463944260853848,1
USR076,2026-08-11,CustomerService,15,0,27,27,2,0,0,1,9.05,16.933333333333334,-0.0670713044657345,-1
USR076,2026-08-12,CustomerService,16,0,9,41,0,0,0,1,9.083333333333334,16.9,-0.012563257649753079,-1
USR076,2026-08-13,CustomerService,13,0,23,16,0,0,0,1,9.266666666666667,16.8,0.035167030585806,1
USR076,2026-08-14,CustomerService,10,0,3,22,0,0,0,1,9.233333333333333,16.583333333333332,0.03170870645555546,1
USR076,2026-08-17,CustomerService,9,0,16,11,1,0,0,1,9.233333333333333,16.966666666666665,-0.035688182665959745,-1
USR076,2026-08-18,CustomerService,14,0,16,27,0,0,0,1,9.316666666666666,16.65,0.010971030518601932,1
USR076,2026-08-19,CustomerService,10,0,20,18,0,0,0,1,9.166666666666666,16.95,0.0506122319519669,1
USR076,2026-08-20,CustomerService,12,0,23,18,0,0,0,1,9.316666666666666,16.633333333333333,0.003611696809287024,1
USR076,2026-08-21,CustomerService,15,0,13,31,1,0,0,1,9.183333333333334,16.866666666666667,0.034190428050799415,1
USR077,2026-08-03,CustomerService,11,0,17,16,0,0,0,1,9.116666666666667,16.933333333333334,0.05852581781108995,1
USR077,2026-08-04,CustomerService,14,0,25,27,0,0,0,1,9.1,16.966666666666665,0.049979060996755476,1
USR077,2026-08-05,CustomerService,12,0,0,30,0,0,0,1,9.233333333333333,16.55,-0.009703176312110595,-1
USR077,2026-08-06,CustomerService,10,0,27,13,0,0,0,1,9.15,16.75,0.015169948780763054,1
USR077,2026-08-07,CustomerService,16,0,17,32,0,0,0,1,9.15,16.75,0.03631103774878358,1
USR077,2026-08-10,CustomerService,16,0,23,39,1,0,0,1,9.083333333333334,16.633333333333333,-0.06809256495126292,-1
USR077,2026-08-11,CustomerService,13,0,19,32,0,0,0,1,9.333333333333334,16.6,-0.02716686919310518,-1
USR077,2026-08-12,CustomerService,10,0,21,9,0,0,0,1,9.066666666666666,16.933333333333334,-0.007109185971767684,-1
USR077,2026-08-13,CustomerService,12,0,18,22,0,0,0,1,9.333333333333334,16.95,0.0038398501650347416,1
USR077,2026-08-14,CustomerService,16,0,23,29,0,0,0,1,9.066666666666666,16.683333333333334,0.02557778303221231,1
USR077,2026-08-17,CustomerService,13,0,29,22,0,0,0,1,9.0,16.666666666666668,0.008262049872974242,1
USR077,2026-08-18,CustomerService,16,0,29,31,0,0,0,1,9.133333333333333,16.9,0.02183298106574888,1
USR077,2026-08-19,CustomerService,15,0,9,39,1,0,0,1,9.1,16.85,-0.016595015736726948,-1
USR077,2026-08-20,CustomerService,10,0,29,11,0,0,0,1,9.2,16.95,-0.023344225135074947,-1
USR077,2026-08-21,CustomerService,13,0,17,26,0,0,0,1,9.15,16.816666666666666,0.07280748377011759,1
USR079,2026-08-03,CustomerService,11,0,14,22,1,0,0,1,9.183333333333334,16.816666666666666,0.0475380444277087,1
USR079,2026-08-04,CustomerService,10,0,15,19,0,0,0,1,9.116666666666667,16.833333333333332,0.06860363244462359,1
USR079,2026-08-05,CustomerService,16,0,13,39,0,0,0,1,9.066666666666666,16.883333333333333,-0.0016159805295716811,-1
USR079,2026-08-06,CustomerService,13,0,7,24,0,0,0,1,9.033333333333331,16.783333333333335,0.0574075759492777,1
USR079,2026-08-07,CustomerService,12,0,14,22,0,0,0,1,9.05,16.7,0.06711765882775866,1
USR079,2026-08-10,CustomerService,11,0,31,11,0,0,0,1,9.0,16.666666666666668,-0.02485315472576355,-1
USR079,2026-08-11,CustomerService,13,0,26,21,1,0,0,1,9.033333333333331,16.916666666666668,0.011833596846857752,1
USR079,2026-08-12,CustomerService,11,0,22,16,0,0,0,1,9.016666666666667,16.916666666666668,0.032772420559327275,1
USR079,2026-08-13,CustomerService,10,0,6,21,0,0,0,1,9.016666666666667,16.716666666666665,0.02991094508787323,1
USR079,2026-08-14,CustomerService,13,0,15,31,0,0,0,1,9.116666666666667,16.966666666666665,0.05543318289422389,1
USR079,2026-08-17,CustomerService,16,0,3,39,0,0,0,1,9.133333333333333,16.983333333333334,-0.036285835652012266,-1
USR079,2026-08-18,CustomerService,13,0,27,14,0,0,0,1,9.083333333333334,16.866666666666667,0.032002867719751915,1
USR079,2026-08-19,CustomerService,11,0,15,22,0,0,0,1,9.2,16.616666666666667,0.05844964185776641,1
USR079,2026-08-20,CustomerService,13,0,25,28,0,0,0,1,9.066666666666666,16.816666666666666,0.052511797076396916,1
USR079,2026-08-21,CustomerService,11,0,16,23,0,0,0,1,9.066666666666666,16.966666666666665,0.05382827213479224,1
USR080,2026-08-03,CustomerService,14,0,26,32,1,0,0,1,9.283333333333331,16.75,-0.011330954403237503,-1
USR080,2026-08-04,CustomerService,14,0,12,21,0,0,0,1,9.266666666666667,16.85,0.04963177824654591,1
USR080,2026-08-05,CustomerService,13,0,28,25,0,0,0,1,9.066666666666666,16.833333333333332,0.043500224833144474,1
USR080,2026-08-06,CustomerService,9,0,10,9,0,0,0,1,9.0,16.95,-0.04650854263212234,-1
USR080,2026-08-07,CustomerService,13,0,4,25,0,0,0,1,9.133333333333333,16.95,0.05576461778914488,1
USR080,2026-08-10,CustomerService,14,0,9,30,0,0,0,1,9.016666666666667,16.55,0.0032205485176180493,1
USR080,2026-08-11,CustomerService,9,0,11,14,0,0,0,1,9.1,16.866666666666667,0.027424122910799598,1
USR080,2026-08-12,CustomerService,11,0,9,30,0,0,0,1,9.05,16.966666666666665,0.041244737596148995,1
USR080,2026-08-13,CustomerService,16,0,5,38,0,0,0,1,9.15,16.683333333333334,-0.009443986505878743,-1
USR080,2026-08-14,CustomerService,9,0,9,19,0,0,0,1,9.183333333333334,16.6,0.024207555644418344,1
USR080,2026-08-17,CustomerService,12,0,17,22,0,0,0,1,9.166666666666666,16.883333333333333,0.07426732193122937,1
USR080,2026-08-18,CustomerService,15,0,15,30,0,0,0,1,9.15,16.966666666666665,0.05720340296045984,1
USR080,2026-08-19,CustomerService,12,0,10,28,0,0,0,1,9.2,16.916666666666668,0.06078438492178956,1
USR080,2026-08-20,CustomerService,14,0,31,26,0,0,0,1,9.05,16.9,0.036219143875475146,1
USR080,2026-08-21,CustomerService,16,0,27,34,0,0,0,1,9.016666666666667,16.866666666666667,0.0007943753476667981,1
USR085,2026-08-03,CustomerService,11,0,13,20,0,0,0,1,9.25,16.766666666666666,0.062353552823210645,1
USR085,2026-08-04,CustomerService,13,0,30,19,0,0,0,1,9.116666666666667,16.633333333333333,0.009518994000234648,1
USR085,2026-08-05,CustomerService,15,0,15,30,0,0,0,1,9.033333333333331,16.966666666666665,0.04680612304996534,1
USR085,2026-08-06,CustomerService,14,0,1,25,0,0,0,1,9.3,16.816666666666666,0.011896487896206842,1
USR085,2026-08-07,CustomerService,11,0,14,19,0,0,0,1,9.25,16.55,0.03697941549960615,1
USR085,2026-08-10,CustomerService,15,0,26,31,1,0,0,1,9.1,16.516666666666666,-0.05484098404016102,-1
USR085,2026-08-11,CustomerService,11,0,25,16,1,0,0,1,9.25,16.65,-0.027103785985970186,-1
USR085,2026-08-12,CustomerService,16,0,23,18,0,0,0,1,9.15,16.966666666666665,0.01575051634359237,1
USR085,2026-08-13,CustomerService,13,0,11,20,1,0,0,1,9.15,16.95,0.03623663012194078,1
USR085,2026-08-14,CustomerService,12,0,6,27,1,0,0,1,9.083333333333334,16.8,0.030266102416828256,1
USR085,2026-08-17,CustomerService,16,0,25,30,0,0,0,1,9.15,16.866666666666667,0.041433373665826,1
USR085,2026-08-18,CustomerService,16,0,14,25,0,0,0,1,9.333333333333334,16.633333333333333,-0.033433041496333527,-1
USR085,2026-08-19,CustomerService,9,0,12,9,1,0,0,1,9.166666666666666,16.9,-0.03221362816041662,-1
USR085,2026-08-20,CustomerService,12,0,18,20,0,0,0,1,9.1,16.583333333333332,0.043079682918184814,1
USR085,2026-08-21,CustomerService,12,0,5,24,0,0,0,1,9.333333333333334,16.9,0.00452032844942063,1
USR089,2026-08-03,CustomerService,13,0,5,40,0,0,0,1,9.266666666666667,16.666666666666668,-0.033971152350961376,-1
USR089,2026-08-04,CustomerService,10,0,20,16,1,0,0,1,9.25,16.716666666666665,-0.01375983561366212,-1
USR089,2026-08-05,CustomerService,14,0,12,24,0,0,0,1,9.033333333333331,16.983333333333334,0.04164631873795904,1
USR089,2026-08-06,CustomerService,16,0,10,40,0,0,0,1,9.333333333333334,16.8,-0.06076983817885406,-1
USR089,2026-08-07,CustomerService,11,0,7,21,1,0,0,1,9.016666666666667,16.916666666666668,0.007993588459798195,1
USR089,2026-08-10,CustomerService,11,0,4,29,0,0,0,1,9.066666666666666,16.916666666666668,0.0424721770428812,1
USR089,2026-08-11,CustomerService,10,0,11,16,0,0,0,1,9.166666666666666,16.983333333333334,0.04724796681135396,1
USR089,2026-08-12,CustomerService,15,0,25,28,0,0,0,1,9.15,16.733333333333334,0.05056300896103494,1
USR089,2026-08-13,CustomerService,11,0,18,18,0,0,0,1,9.266666666666667,16.883333333333333,0.04032833924789847,1
USR089,2026-08-14,CustomerService,13,0,14,24,1,0,0,1,9.283333333333331,16.883333333333333,0.032377229863030044,1
USR089,2026-08-17,CustomerService,11,0,9,28,1,0,0,1,9.016666666666667,16.966666666666665,-0.0074485906114826195,-1
USR089,2026-08-18,CustomerService,15,0,10,41,1,0,0,1,9.0,16.866666666666667,-0.04722535968535557,-1
USR089,2026-08-19,CustomerService,10,0,7,19,0,0,0,1,9.033333333333331,16.583333333333332,0.021022651524480684,1
USR089,2026-08-20,CustomerService,14,0,19,20,0,0,0,1,9.216666666666669,16.866666666666667,0.059229576694314334,1
USR089,2026-08-21,CustomerService,14,0,5,29,0,0,0,1,9.033333333333331,16.85,0.05016753168841315,1
USR091,2026-08-03,CustomerService,11,0,7,19,0,0,0,1,9.066666666666666,16.766666666666666,0.06476848696312498,1
USR091,2026-08-04,CustomerService,12,0,10,22,0,0,0,1,9.266666666666667,16.566666666666666,0.039683462685926485,1
USR091,2026-08-05,CustomerService,13,0,25,12,1,0,0,1,9.216666666666669,16.9,-0.009537094877118846,-1
USR091,2026-08-06,CustomerService,9,0,19,13,0,0,0,1,9.25,16.95,-0.005199855182354107,-1
USR091,2026-08-07,CustomerService,9,0,7,21,1,0,0,1,9.05,16.5,-0.064732598175399,-1
USR091,2026-08-10,CustomerService,11,0,10,16,1,0,0,1,9.1,16.516666666666666,-0.03337204080406819,-1
USR091,2026-08-11,CustomerService,16,0,8,38,1,0,0,1,9.316666666666666,16.783333333333335,-0.06434474036419069,-1
USR091,2026-08-12,CustomerService,10,0,0,26,1,0,0,1,9.316666666666666,16.866666666666667,-0.04492705235839667,-1
USR091,2026-08-13,CustomerService,15,0,23,30,0,0,0,1,9.0,16.7,0.03416897375733191,1
USR091,2026-08-14,CustomerService,13,0,15,23,0,0,0,1,9.116666666666667,16.816666666666666,0.07573669773292602,1
USR091,2026-08-17,CustomerService,14,0,34,15,0,0,0,1,9.166666666666666,16.883333333333333,0.0017187395587288101,1
USR091,2026-08-18,CustomerService,14,0,9,31,0,0,0,1,9.1,16.966666666666665,0.05388330276381459,1
USR091,2026-08-19,CustomerService,13,0,7,25,0,0,0,1,9.05,16.833333333333332,0.06794094700437892,1
USR091,2026-08-20,CustomerService,9,0,20,13,1,0,0,1,9.316666666666666,16.866666666666667,-0.04961567931394839,-1
USR091,2026-08-21,CustomerService,15,0,2,36,0,0,0,1,9.083333333333334,16.866666666666667,0.016741142457533886,1
USR092,2026-08-03,CustomerService,9,0,1,13,0,0,0,1,9.216666666666669,16.8,-0.0034881839142120175,-1
USR092,2026-08-04,CustomerService,13,0,10,27,0,0,0,1,9.166666666666666,16.966666666666665,0.06465327535926885,1
USR092,2026-08-05,CustomerService,9,0,18,11,0,0,0,1,9.183333333333334,16.783333333333335,0.018534304495042953,1
USR092,2026-08-06,CustomerService,10,0,11,15,0,0,0,1,9.216666666666669,16.966666666666665,0.04117821825966733,1
USR092,2026-08-07,CustomerService,14,0,5,29,0,0,0,1,9.05,16.716666666666665,0.03890777144146629,1
USR092,2026-08-10,CustomerService,14,0,16,34,1,0,0,1,9.116666666666667,16.983333333333334,-0.0029428998403540074,-1
USR092,2026-08-11,CustomerService,10,0,10,19,0,0,0,1,9.066666666666666,16.933333333333334,0.05526292820868678,1
USR092,2026-08-12,CustomerService,13,0,28,28,1,0,0,1,9.05,16.866666666666667,0.012596847995482385,1
USR092,2026-08-13,CustomerService,11,0,16,17,0,0,0,1,9.333333333333334,16.633333333333333,-0.0035507204249307645,-1
USR092,2026-08-14,CustomerService,11,0,1,24,0,0,0,1,9.216666666666669,16.516666666666666,0.017209350298241277,1
USR092,2026-08-17,CustomerService,12,0,22,14,1,0,0,1,9.2,16.966666666666665,-0.0051655918666182465,-1
USR092,2026-08-18,CustomerService,9,0,17,14,1,0,0,1,9.333333333333334,16.933333333333334,-0.049610719703741535,-1
USR092,2026-08-19,CustomerService,16,0,27,33,0,0,0,1,9.316666666666666,16.75,-0.03136738327216071,-1
USR092,2026-08-20,CustomerService,13,0,12,20,0,0,0,1,9.066666666666666,16.6,0.048813535764819505,1
USR092,2026-08-21,CustomerService,14,0,7,22,0,0,0,1,9.233333333333333,16.733333333333334,0.05186399452604351,1
USR096,2026-08-03,CustomerService,14,0,17,30,1,0,0,1,9.0,16.8,0.009221703864475017,1
USR096,2026-08-04,CustomerService,13,0,8,28,1,0,0,1,9.1,16.85,0.04522583630123128,1
USR096,2026-08-05,CustomerService,11,0,26,14,0,0,0,1,9.15,16.9,0.029250898828895866,1
USR096,2026-08-06,CustomerService,10,0,8,19,0,0,0,1,9.183333333333334,16.533333333333335,0.038533767053248846,1
USR096,2026-08-07,CustomerService,10,0,23,15,0,0,0,1,9.15,16.866666666666667,0.04426910310623161,1
USR096,2026-08-10,CustomerService,15,0,24,22,0,0,0,1,9.05,16.983333333333334,0.032768932701965015,1
USR096,2026-08-11,CustomerService,15,0,33,27,0,0,0,1,9.05,16.7,0.017503119195389882,1
USR096,2026-08-12,CustomerService,12,0,0,37,0,0,0,1,9.233333333333333,16.95,-0.025775686553561994,-1
USR096,2026-08-13,CustomerService,16,0,9,24,0,0,0,1,9.083333333333334,16.666666666666668,0.01967210605018982,1
USR096,2026-08-14,CustomerService,15,0,16,31,0,0,0,1,9.0,16.8,0.03958676926412835,1
USR096,2026-08-17,CustomerService,12,0,14,21,0,0,0,1,9.0,16.983333333333334,0.030572554638439775,1
USR096,2026-08-18,CustomerService,16,0,16,35,1,0,0,1,9.15,16.916666666666668,-0.01119421045868374,-1
USR096,2026-08-19,CustomerService,16,0,12,33,0,0,0,1,9.283333333333331,16.65,-0.00044455637321871855,-1
USR096,2026-08-20,CustomerService,9,0,11,16,1,0,0,1,9.1,16.816666666666666,-0.0007023901408773625,-1
USR096,2026-08-21,CustomerService,16,0,13,27,0,0,0,1,9.266666666666667,16.55,-0.008763867768563416,-1
USR099,2026-08-03,CustomerService,15,0,12,35,0,0,0,1,9.016666666666667,16.716666666666665,0.025414481103399056,1
USR099,2026-08-04,CustomerService,14,0,29,33,0,0,0,1,9.25,16.966666666666665,-0.009324192888818694,-1
USR099,2026-08-05,CustomerService,15,0,0,36,0,0,0,1,9.166666666666666,16.55,-0.044373080407833165,-1
USR099,2026-08-06,CustomerService,9,0,8,16,0,0,0,1,9.25,16.833333333333332,0.02586306797085325,1
USR099,2026-08-07,CustomerService,13,0,26,22,0,0,0,1,9.3,16.883333333333333,0.02177560702769582,1
USR099,2026-08-10,CustomerService,15,0,19,27,1,0,0,1,9.016666666666667,16.666666666666668,0.0024944407120936485,1
USR099,2026-08-11,CustomerService,15,0,30,15,0,0,0,1,9.0,16.766666666666666,0.0044485883119207426,1
USR099,2026-08-12,CustomerService,11,0,29,10,0,0,0,1,9.066666666666666,16.733333333333334,-0.0017406996331131852,-1
USR099,2026-08-13,CustomerService,16,0,14,32,1,0,0,1,9.183333333333334,16.716666666666665,-0.0049648186799241545,-1
USR099,2026-08-14,CustomerService,9,0,7,17,0,0,0,1,9.3,16.783333333333335,-0.007032763524760899,-1
USR099,2026-08-17,CustomerService,11,0,0,28,0,0,0,1,9.183333333333334,16.816666666666666,0.030736185356840584,1
USR099,2026-08-18,CustomerService,13,0,13,28,1,0,0,1,9.05,16.966666666666665,0.024066848148688536,1
USR099,2026-08-19,CustomerService,12,0,18,17,0,0,0,1,9.0,16.8,0.04465657635585285,1
USR099,2026-08-20,CustomerService,14,0,3,36,1,0,0,1,9.083333333333334,16.783333333333335,-0.013803917068580418,-1
USR099,2026-08-21,CustomerService,9,0,8,14,0,0,0,1,9.233333333333333,16.716666666666665,0.022380130723075597,1
USR001,2026-08-03,Manager,8,0,12,15,2,0,0,1,9.133333333333333,16.816666666666666,0.04387980511282835,1
USR001,2026-08-04,Manager,7,0,10,11,2,0,0,1,9.133333333333333,16.783333333333335,0.007179642112668527,1
USR001,2026-08-05,Manager,8,0,5,11,1,0,0,1,9.116666666666667,16.9,0.04214397939301412,1
USR001,2026-08-06,Manager,7,0,13,10,0,0,0,1,9.016666666666667,16.933333333333334,0.003774915623263375,1
USR001,2026-08-07,Manager,11,0,56,12,2,0,0,1,9.333333333333334,16.95,-0.054061198029582536,-1
USR001,2026-08-10,Manager,7,0,26,2,0,0,0,1,9.333333333333334,16.916666666666668,-0.08184627319112336,-1
USR001,2026-08-11,Manager,12,0,16,25,2,0,0,1,9.083333333333334,16.7,0.021269850515067523,1
USR001,2026-08-12,Manager,11,0,0,27,1,0,0,1,9.05,16.883333333333333,-0.002069138526096692,-1
USR001,2026-08-13,Manager,11,0,4,20,1,0,0,1,9.15,16.583333333333332,0.019020452777721963,1
USR001,2026-08-14,Manager,10,0,37,16,1,0,0,1,9.1,16.85,0.05705217465556278,1
USR001,2026-08-17,Manager,9,0,16,12,0,0,0,1,9.1,16.916666666666668,0.050571899373183404,1
USR001,2026-08-18,Manager,8,0,21,11,0,0,0,1,9.033333333333331,16.816666666666666,0.025118590881457126,1
USR001,2026-08-19,Manager,10,0,54,11,0,0,0,1,9.166666666666666,16.666666666666668,-0.017121657622297448,-1
USR001,2026-08-20,Manager,10,0,77,7,2,0,0,1,9.083333333333334,16.9,-0.07493787045936451,-1
USR001,2026-08-21,Manager,8,0,12,18,1,0,0,1,9.0,16.916666666666668,0.026111840886602344,1
USR003,2026-08-03,Manager,12,0,0,33,0,0,0,1,9.333333333333334,16.716666666666665,-0.08784128387228418,-1
USR003,2026-08-04,Manager,12,0,17,22,0,0,0,1,9.183333333333334,16.916666666666668,0.009555430288000322,1
USR003,2026-08-05,Manager,8,0,21,10,1,0,0,1,9.066666666666666,16.716666666666665,0.04124367388169137,1
USR003,2026-08-06,Manager,11,0,3,17,1,0,0,1,9.0,16.95,0.00963101558284124,1
USR003,2026-08-07,Manager,9,0,2,21,0,0,0,1,9.333333333333334,16.95,-0.03400060864893151,-1
USR003,2026-08-10,Manager,10,0,23,17,0,0,0,1,9.333333333333334,16.95,-0.0116613460338576,-1
USR003,2026-08-11,Manager,10,0,43,12,2,0,0,1,9.033333333333331,16.716666666666665,0.01011729533510708,1
USR003,2026-08-12,Manager,7,0,0,19,1,0,0,1,9.266666666666667,16.516666666666666,-0.03215117884724816,-1
USR003,2026-08-13,Manager,7,0,13,17,0,0,0,1,9.0,16.95,-0.014537209304616105,-1
USR003,2026-08-14,Manager,12,0,16,26,1,0,0,1,9.05,16.8,0.021530100101550986,1
USR003,2026-08-17,Manager,8,0,2,18,1,0,0,1,9.133333333333333,16.666666666666668,0.040778698120624346,1
USR003,2026-08-18,Manager,10,0,32,13,1,0,0,1,9.083333333333334,16.866666666666667,0.05685938065012991,1
USR003,2026-08-19,Manager,9,0,0,25,0,0,0,1,9.2,16.633333333333333,-0.015746460632890202,-1
USR003,2026-08-20,Manager,12,0,12,23,2,0,0,1,9.0,16.95,-0.012850422387130855,-1
USR003,2026-08-21,Manager,10,0,17,22,1,0,0,1,9.266666666666667,16.983333333333334,0.013504978011578739,1
USR004,2026-08-03,Manager,12,0,40,24,2,0,0,1,9.05,16.8,-0.0055187395309651555,-1
USR004,2026-08-04,Manager,12,0,21,25,2,0,0,1,9.183333333333334,16.7,0.023027177731301085,1
USR004,2026-08-05,Manager,8,0,13,16,2,0,0,1,9.233333333333333,16.866666666666667,0.03126144441747797,1
USR004,2026-08-06,Manager,10,0,18,16,0,0,0,1,9.216666666666669,16.983333333333334,0.015953411266917128,1
USR004,2026-08-07,Manager,12,0,50,15,2,0,0,1,9.116666666666667,16.533333333333335,-0.03366060761674616,-1
USR004,2026-08-10,Manager,7,0,6,18,2,0,0,1,9.066666666666666,16.766666666666666,-0.005465032224439836,-1
USR004,2026-08-11,Manager,9,0,19,13,1,0,0,1,9.083333333333334,16.6,0.05195820039904847,1
USR004,2026-08-12,Manager,11,0,74,6,2,0,0,1,9.1,16.683333333333334,-0.0927391755344601,-1
USR004,2026-08-13,Manager,7,0,18,8,0,0,0,1,9.05,16.85,0.016613915915277888,1
USR004,2026-08-14,Manager,8,0,21,10,1,0,0,1,9.2,16.866666666666667,0.04983285766221496,1
USR004,2026-08-17,Manager,10,0,17,20,0,0,0,1,9.1,16.783333333333335,0.04742581607820967,1
USR004,2026-08-18,Manager,9,0,3,18,1,0,0,1,9.016666666666667,16.816666666666666,0.03739814894526111,1
USR004,2026-08-19,Manager,11,0,17,18,0,0,0,1,9.1,16.816666666666666,0.03918925625263703,1
USR004,2026-08-20,Manager,11,0,56,17,1,0,0,1,9.2,16.75,0.013341639209588307,1
USR004,2026-08-21,Manager,7,0,0,16,0,0,0,1,9.083333333333334,16.733333333333334,0.007116852279386188,1
USR010,2026-08-03,Manager,9,0,20,13,0,0,0,1,9.166666666666666,16.966666666666665,0.03462240385685389,1
USR010,2026-08-04,Manager,11,0,36,13,1,0,0,1,9.05,16.916666666666668,0.03021771376533844,1
USR010,2026-08-05,Manager,10,0,26,24,4,0,0,1,9.166666666666666,16.916666666666668,-0.06332885224343343,-1
USR010,2026-08-06,Manager,9,0,49,16,2,0,0,1,9.05,16.816666666666666,0.015229150645598488,1
USR010,2026-08-07,Manager,12,0,54,10,3,0,0,1,9.0,16.866666666666667,-0.08586375560575954,-1
USR010,2026-08-10,Manager,10,0,28,14,1,0,0,1,9.083333333333334,16.566666666666666,0.036742130292296005,1
USR010,2026-08-11,Manager,7,0,0,22,1,0,0,1,9.1,16.566666666666666,-0.0199611328406758,-1
USR010,2026-08-12,Manager,12,0,29,21,2,0,0,1,9.183333333333334,16.583333333333332,0.003104064938256157,1
USR010,2026-08-13,Manager,10,0,20,15,1,0,0,1,9.083333333333334,16.833333333333332,0.07025622243932089,1
USR010,2026-08-14,Manager,10,0,57,12,2,0,0,1,9.116666666666667,16.966666666666665,-0.01860775943830162,-1
USR010,2026-08-17,Manager,7,0,12,15,0,0,0,1,9.166666666666666,16.866666666666667,0.031034760620735846,1
USR010,2026-08-18,Manager,12,0,7,30,1,0,0,1,9.016666666666667,16.883333333333333,-0.024388629687918995,-1
USR010,2026-08-19,Manager,11,0,2,30,3,0,0,1,9.233333333333333,16.85,-0.0535488052967914,-1
USR010,2026-08-20,Manager,8,0,13,18,1,0,0,1,9.333333333333334,16.65,0.0026500778937347813,1
USR010,2026-08-21,Manager,7,0,0,25,1,0,0,1,9.1,16.8,-0.02877570131668361,-1
USR011,2026-08-03,Manager,8,0,35,12,0,0,0,1,9.316666666666666,16.866666666666667,-0.013146471842465757,-1
USR011,2026-08-04,Manager,12,0,45,23,5,0,0,1,9.25,16.933333333333334,-0.128284336591851,-1
USR011,2026-08-05,Manager,8,0,17,12,1,0,0,1,9.316666666666666,16.783333333333335,0.01948918586500853,1
USR011,2026-08-06,Manager,11,0,35,11,4,0,0,1,9.116666666666667,16.516666666666666,-0.09901859501099253,-1
USR011,2026-08-07,Manager,8,0,10,15,1,0,0,1,9.1,16.983333333333334,0.03252766505072219,1
USR011,2026-08-10,Manager,10,0,27,19,1,0,0,1,9.0,16.816666666666666,0.04510031247327462,1
USR011,2026-08-11,Manager,7,0,28,10,1,0,0,1,9.25,16.85,0.017148338783795736,1
USR011,2026-08-12,Manager,8,0,9,17,1,0,0,1,9.183333333333334,16.6,0.04201654747699013,1
USR011,2026-08-13,Manager,12,0,67,13,3,0,0,1,9.0,16.816666666666666,-0.09483195985249948,-1
USR011,2026-08-14,Manager,7,0,22,6,1,0,0,1,9.233333333333333,16.916666666666668,0.008425174329882268,1
USR011,2026-08-17,Manager,11,0,5,22,1,0,0,1,9.05,16.6,0.018100385775283334,1
USR011,2026-08-18,Manager,12,0,12,20,2,0,0,1,9.25,16.933333333333334,0.00610125972215142,1
USR011,2026-08-19,Manager,7,0,3,8,0,0,0,1,9.133333333333333,16.983333333333334,-0.028751733800792212,-1
USR011,2026-08-20,Manager,11,0,61,16,0,0,0,1,9.016666666666667,16.75,-0.041230731313846136,-1
USR011,2026-08-21,Manager,9,0,27,12,2,0,0,1,9.033333333333331,16.6,0.020171236915641266,1
USR012,2026-08-03,Manager,9,0,16,16,0,0,0,1,9.283333333333331,16.75,0.035564215543457456,1
USR012,2026-08-04,Manager,9,0,36,5,2,0,0,1,9.183333333333334,16.85,-0.014264601740424099,-1
USR012,2026-08-05,Manager,7,0,20,10,1,0,0,1,9.266666666666667,16.566666666666666,-0.012079106750613966,-1
USR012,2026-08-06,Manager,7,0,6,12,0,0,0,1,9.233333333333333,16.633333333333333,0.004671643761906652,1
USR012,2026-08-07,Manager,11,0,16,14,0,0,0,1,9.0,16.933333333333334,0.0028946578245206966,1
USR012,2026-08-10,Manager,11,0,8,27,1,0,0,1,9.0,16.716666666666665,-0.017173025764273597,-1
USR012,2026-08-11,Manager,7,0,1,16,1,0,0,1,9.266666666666667,16.75,0.0030469243966674275,1
USR012,2026-08-12,Manager,12,0,21,25,1,0,0,1,9.05,16.916666666666668,0.019852194602928697,1
USR012,2026-08-13,Manager,11,0,49,13,2,0,0,1,9.116666666666667,16.716666666666665,0.02263625856531737,1
USR012,2026-08-14,Manager,9,0,42,13,0,0,0,1,9.0,16.633333333333333,-0.019569499774730437,-1
USR012,2026-08-17,Manager,11,0,14,17,1,0,0,1,9.183333333333334,16.666666666666668,0.048072769733466525,1
USR012,2026-08-18,Manager,7,0,30,6,0,0,0,1,9.25,16.55,-0.04668460885338466,-1
USR012,2026-08-19,Manager,8,0,23,9,1,0,0,1,9.05,16.683333333333334,0.025223056176648273,1
USR012,2026-08-20,Manager,10,0,12,14,1,0,0,1,9.2,16.95,0.05479170397310862,1
USR012,2026-08-21,Manager,11,0,35,20,2,0,0,1,9.133333333333333,16.883333333333333,0.030114916765574706,1
USR013,2026-08-03,Manager,11,0,0,34,1,0,0,1,9.05,16.95,-0.05437918913522466,-1
USR013,2026-08-04,Manager,12,0,18,22,0,0,0,1,9.116666666666667,16.683333333333334,0.00824101302251129,1
USR013,2026-08-05,Manager,8,0,19,14,1,0,0,1,9.116666666666667,16.916666666666668,0.0638303419576452,1
USR013,2026-08-06,Manager,8,0,24,8,2,0,0,1,9.3,16.533333333333335,-0.05387231449870722,-1
USR013,2026-08-07,Manager,9,0,16,23,2,0,0,1,9.083333333333334,16.716666666666665,0.018176211727055913,1
USR013,2026-08-10,Manager,11,0,11,17,3,0,0,1,9.033333333333331,16.8,-0.0031878327476385637,-1
USR013,2026-08-11,Manager,7,0,5,14,1,0,0,1,9.25,16.866666666666667,0.02427695345399944,1
USR013,2026-08-12,Manager,12,0,0,38,2,0,0,1,9.116666666666667,16.85,-0.060328473549007944,-1
USR013,2026-08-13,Manager,10,0,1,28,3,0,0,1,9.016666666666667,16.5,-0.10560551416501796,-1
USR013,2026-08-14,Manager,12,0,41,14,4,0,0,1,9.066666666666666,16.716666666666665,-0.07456234833798059,-1
USR013,2026-08-17,Manager,12,0,10,28,0,0,0,1,9.316666666666666,16.616666666666667,-0.05542691657140464,-1
USR013,2026-08-18,Manager,7,0,10,11,0,0,0,1,9.166666666666666,16.766666666666666,0.03248574559658268,1
USR013,2026-08-19,Manager,9,0,28,11,2,0,0,1,9.316666666666666,16.916666666666668,-0.014803929982447395,-1
USR013,2026-08-20,Manager,8,0,26,19,1,0,0,1,9.0,16.716666666666665,0.014691779995931353,1
USR013,2026-08-21,Manager,8,0,0,17,0,0,0,1,9.15,16.883333333333333,0.025190130760871454,1
USR019,2026-08-03,Manager,12,0,57,17,4,0,0,1,9.333333333333334,16.933333333333334,-0.13355617646057205,-1
USR019,2026-08-04,Manager,8,0,0,14,1,0,0,1,9.2,16.666666666666668,0.03548056110904513,1
USR019,2026-08-05,Manager,7,0,0,13,1,0,0,1,9.233333333333333,16.55,-0.007643153685728321,-1
USR019,2026-08-06,Manager,12,0,41,27,1,0,0,1,9.116666666666667,16.966666666666665,-0.03642970869378348,-1
USR019,2026-08-07,Manager,8,0,32,14,2,0,0,1,9.266666666666667,16.8,0.009217941428573406,1
USR019,2026-08-10,Manager,9,0,0,15,0,0,0,1,9.083333333333334,16.916666666666668,0.023247593100936992,1
USR019,2026-08-11,Manager,8,0,25,16,0,0,0,1,9.133333333333333,16.683333333333334,0.03708290682659682,1
USR019,2026-08-12,Manager,7,0,12,12,0,0,0,1,9.166666666666666,16.75,0.03633045952506436,1
USR019,2026-08-13,Manager,8,0,13,13,1,0,0,1,9.133333333333333,16.883333333333333,0.06719012643202099,1
USR019,2026-08-14,Manager,11,0,11,22,2,0,0,1,9.133333333333333,16.6,0.021554236042721775,1
USR019,2026-08-17,Manager,8,0,0,17,1,0,0,1,9.25,16.766666666666666,0.03626599110629586,1
USR019,2026-08-18,Manager,12,0,15,26,2,0,0,1,9.0,16.95,-0.015567361046713746,-1
USR019,2026-08-19,Manager,8,0,6,18,1,0,0,1,9.333333333333334,16.65,-0.0020620295705137126,-1
USR019,2026-08-20,Manager,8,0,43,9,1,0,0,1,9.066666666666666,16.85,0.0034119315646903847,1
USR019,2026-08-21,Manager,9,0,0,22,2,0,0,1,9.3,16.683333333333334,-0.017587519337751045,-1
USR020,2026-08-03,Manager,9,0,26,8,0,0,0,1,9.066666666666666,16.733333333333334,0.020642470245550604,1
USR020,2026-08-04,Manager,8,0,0,18,2,0,0,1,9.15,16.766666666666666,0.014121317422544133,1
USR020,2026-08-05,Manager,12,0,27,28,1,0,0,1,9.083333333333334,16.766666666666666,0.007131367928136456,1
USR020,2026-08-06,Manager,10,0,0,21,1,0,0,1,9.083333333333334,16.933333333333334,0.025136042242321965,1
USR020,2026-08-07,Manager,9,0,31,12,1,0,0,1,9.083333333333334,16.9,0.05053906717305412,1
USR020,2026-08-10,Manager,7,0,28,8,2,0,0,1,9.016666666666667,16.716666666666665,-0.0356273504387733,-1
USR020,2026-08-11,Manager,10,0,40,9,0,0,0,1,9.233333333333333,16.9,0.00996040376999996,1
USR020,2026-08-12,Manager,8,0,14,20,0,0,0,1,9.15,16.716666666666665,0.034709743183819364,1
USR020,2026-08-13,Manager,7,0,7,9,0,0,0,1,9.266666666666667,16.866666666666667,0.0016576674240501577,1
USR020,2026-08-14,Manager,8,0,20,12,2,0,0,1,9.15,16.75,0.0365257767669514,1
USR020,2026-08-17,Manager,9,0,30,10,1,0,0,1,9.166666666666666,16.983333333333334,0.02283612432241161,1
USR020,2026-08-18,Manager,10,0,53,10,1,0,0,1,9.266666666666667,16.8,-0.011772075954435857,-1
USR020,2026-08-19,Manager,10,0,26,15,4,0,0,1,9.0,16.65,-0.06667490182249136,-1
USR020,2026-08-20,Manager,12,0,11,25,1,0,0,1,9.066666666666666,16.933333333333334,0.005208729687947389,1
USR020,2026-08-21,Manager,12,0,22,26,1,0,0,1,9.116666666666667,16.85,0.027390818397484307,1
USR033,2026-08-03,Manager,8,0,4,16,1,0,0,1,9.066666666666666,16.916666666666668,0.04488585528112127,1
USR033,2026-08-04,Manager,8,0,9,22,0,0,0,1,9.1,16.783333333333335,0.01909817896478222,1
USR033,2026-08-05,Manager,12,0,54,18,1,0,0,1,9.333333333333334,16.75,-0.04638695567021878,-1
USR033,2026-08-06,Manager,8,0,15,14,1,0,0,1,9.3,16.95,0.03206659083056351,1
USR033,2026-08-07,Manager,12,0,35,25,0,0,0,1,9.116666666666667,16.566666666666666,-0.04346617464567315,-1
USR033,2026-08-10,Manager,11,0,35,18,1,0,0,1,9.116666666666667,16.783333333333335,0.043587849575026316,1
USR033,2026-08-11,Manager,9,0,6,5,2,0,0,1,9.05,16.966666666666665,-0.03503255803903915,-1
USR033,2026-08-12,Manager,11,0,12,19,2,0,0,1,9.133333333333333,16.566666666666666,0.016862173038801498,1
USR033,2026-08-13,Manager,10,0,25,12,2,0,0,1,9.283333333333331,16.633333333333333,0.015285370138291454,1
USR033,2026-08-14,Manager,9,0,15,13,1,0,0,1,9.133333333333333,16.733333333333334,0.06690303012909665,1
USR033,2026-08-17,Manager,10,0,50,9,1,0,0,1,9.0,16.883333333333333,-0.01860501348577448,-1
USR033,2026-08-18,Manager,7,0,0,16,2,0,0,1,9.05,16.866666666666667,-0.012454322127018469,-1
USR033,2026-08-19,Manager,8,0,1,14,0,0,0,1,9.05,16.616666666666667,0.0035785191314053333,1
USR033,2026-08-20,Manager,7,0,0,16,1,0,0,1,9.15,16.733333333333334,0.018016071472353734,1
USR033,2026-08-21,Manager,11,0,11,22,1,0,0,1,9.283333333333331,16.833333333333332,0.021989043805922592,1
USR036,2026-08-03,Manager,12,0,23,27,1,0,0,1,9.066666666666666,16.55,-0.02535177521333154,-1
USR036,2026-08-04,Manager,9,0,11,22,2,0,0,1,9.333333333333334,16.516666666666666,-0.05684225828868539,-1
USR036,2026-08-05,Manager,9,0,14,17,2,0,0,1,9.166666666666666,16.833333333333332,0.05302651870404984,1
USR036,2026-08-06,Manager,8,0,0,22,0,0,0,1,9.283333333333331,16.716666666666665,-0.008907505814829686,-1
USR036,2026-08-07,Manager,9,0,20,17,1,0,0,1,9.183333333333334,16.916666666666668,0.0653372475574352,1
USR036,2026-08-10,Manager,11,0,61,17,2,0,0,1,9.283333333333331,16.883333333333333,-0.030212255376059094,-1
USR036,2026-08-11,Manager,12,0,6,27,1,0,0,1,9.0,16.833333333333332,-0.01563645889689791,-1
USR036,2026-08-12,Manager,8,0,19,16,0,0,0,1,9.216666666666669,16.7,0.04324861155377774,1
USR036,2026-08-13,Manager,7,0,18,4,1,0,0,1,9.25,16.75,-0.014080664482923888,-1
USR036,2026-08-14,Manager,10,0,63,6,1,0,0,1,9.016666666666667,16.816666666666666,-0.06117471870761615,-1
USR036,2026-08-17,Manager,9,0,41,8,0,0,0,1,9.0,16.683333333333334,-0.030821683218656193,-1
USR036,2026-08-18,Manager,9,0,3,15,1,0,0,1,9.116666666666667,16.75,0.06166375484493131,1
USR036,2026-08-19,Manager,10,0,34,13,2,0,0,1,9.233333333333333,16.683333333333334,0.03161864872237147,1
USR036,2026-08-20,Manager,8,0,28,14,2,0,0,1,9.033333333333331,16.533333333333335,-0.010168104423809665,-1
USR036,2026-08-21,Manager,12,0,4,31,1,0,0,1,9.15,16.883333333333333,-0.006716557730783501,-1
USR038,2026-08-03,Manager,12,0,23,22,3,0,0,1,9.283333333333331,16.933333333333334,-0.035630170824074825,-1
USR038,2026-08-04,Manager,11,0,41,17,3,0,0,1,9.05,16.65,-0.016262581454451253,-1
USR038,2026-08-05,Manager,9,0,4,17,1,0,0,1,9.066666666666666,16.783333333333335,0.05533549488937756,1
USR038,2026-08-06,Manager,10,0,0,32,2,0,0,1,9.266666666666667,16.866666666666667,-0.048618874987149785,-1
USR038,2026-08-07,Manager,11,0,17,28,2,0,0,1,9.2,16.916666666666668,0.008350580056648571,1
USR038,2026-08-10,Manager,12,0,30,24,0,0,0,1,9.233333333333333,16.716666666666665,-0.014718749695698308,-1
USR038,2026-08-11,Manager,10,0,60,13,2,0,0,1,9.166666666666666,16.933333333333334,-0.011579156188663342,-1
USR038,2026-08-12,Manager,8,0,0,18,1,0,0,1,9.2,16.633333333333333,0.03121596472375804,1
USR038,2026-08-13,Manager,10,0,13,28,2,0,0,1,9.133333333333333,16.966666666666665,-0.00743283028622066,-1
USR038,2026-08-14,Manager,11,0,48,12,0,0,0,1,9.066666666666666,16.583333333333332,-0.038332903251160566,-1
USR038,2026-08-17,Manager,7,0,4,8,0,0,0,1,9.3,16.966666666666665,-0.03413800570767833,-1
USR038,2026-08-18,Manager,9,0,20,19,1,0,0,1,9.25,16.65,0.038746922210507184,1
USR038,2026-08-19,Manager,12,0,1,25,3,0,0,1,9.116666666666667,16.533333333333335,-0.06066227653626466,-1
USR038,2026-08-20,Manager,8,0,12,13,0,0,0,1,9.216666666666669,16.9,0.04784698937255,1
USR038,2026-08-21,Manager,10,0,0,35,0,0,0,1,9.333333333333334,16.65,-0.08442399597729455,-1
USR040,2026-08-03,Manager,10,0,59,6,0,0,0,1,9.083333333333334,16.733333333333334,-0.05997731802603934,-1
USR040,2026-08-04,Manager,10,0,10,17,2,0,0,1,9.016666666666667,16.816666666666666,0.03718939623349021,1
USR040,2026-08-05,Manager,7,0,9,7,1,0,0,1,9.05,16.95,0.005645627077344284,1
USR040,2026-08-06,Manager,7,0,12,13,0,0,0,1,9.116666666666667,16.666666666666668,0.02520910439345664,1
USR040,2026-08-07,Manager,7,0,23,5,1,0,0,1,9.15,16.983333333333334,-0.012123333331745534,-1
USR040,2026-08-10,Manager,11,0,14,21,0,0,0,1,9.333333333333334,16.966666666666665,-0.025972544841998957,-1
USR040,2026-08-11,Manager,8,0,27,10,1,0,0,1,9.15,16.583333333333332,0.015527022506913846,1
USR040,2026-08-12,Manager,10,0,23,14,1,0,0,1,9.2,16.966666666666665,0.04755974398632151,1
USR040,2026-08-13,Manager,10,0,14,19,0,0,0,1,9.333333333333334,16.583333333333332,-0.016192789712170974,-1
USR040,2026-08-14,Manager,10,0,21,14,2,0,0,1,9.0,16.6,0.019607155333067505,1
USR040,2026-08-17,Manager,7,0,0,18,0,0,0,1,9.216666666666669,16.616666666666667,-0.016398205983570335,-1
USR040,2026-08-18,Manager,10,0,23,20,2,0,0,1,9.05,16.933333333333334,0.04013416139188375,1
USR040,2026-08-19,Manager,12,0,7,27,3,0,0,1,9.0,16.633333333333333,-0.05424708496691166,-1
USR040,2026-08-20,Manager,11,0,18,23,4,0,0,1,9.183333333333334,16.616666666666667,-0.057742326073469075,-1
USR040,2026-08-21,Manager,11,0,22,20,2,0,0,1,9.283333333333331,16.95,0.015395973010717268,1
USR041,2026-08-03,Manager,12,0,19,35,1,0,0,1,9.266666666666667,16.716666666666665,-0.03392513415124998,-1
USR041,2026-08-04,Manager,12,0,11,29,1,0,0,1,9.333333333333334,16.533333333333335,-0.07227781633164587,-1
USR041,2026-08-05,Manager,12,0,31,18,3,0,0,1,9.066666666666666,16.533333333333335,-0.044242471200576006,-1
USR041,2026-08-06,Manager,8,0,5,14,2,0,0,1,9.333333333333334,16.716666666666665,-0.02514020922040794,-1
USR041,2026-08-07,Manager,10,0,50,13,1,0,0,1,9.166666666666666,16.716666666666665,0.025294604885649385,1
USR041,2026-08-10,Manager,10,0,22,14,1,0,0,1,9.333333333333334,16.966666666666665,0.0011672509918732588,1
USR041,2026-08-11,Manager,8,0,45,14,0,0,0,1,9.083333333333334,16.683333333333334,-0.003967987578805565,-1
USR041,2026-08-12,Manager,11,0,7,18,1,0,0,1,9.266666666666667,16.633333333333333,0.018141900966385516,1
USR041,2026-08-13,Manager,10,0,16,17,0,0,0,1,9.0,16.733333333333334,0.027458247400660107,1
USR041,2026-08-14,Manager,12,0,28,17,2,0,0,1,9.0,16.866666666666667,0.0016758731160812501,1
USR041,2026-08-17,Manager,8,0,30,11,1,0,0,1,9.083333333333334,16.733333333333334,0.03690869175431605,1
USR041,2026-08-18,Manager,7,0,13,15,0,0,0,1,9.15,16.65,0.02369099659985635,1
USR041,2026-08-19,Manager,12,0,20,28,3,0,0,1,9.316666666666666,16.883333333333333,-0.05552485246607852,-1
USR041,2026-08-20,Manager,12,0,20,23,3,0,0,1,9.1,16.966666666666665,-0.025235764425939333,-1
USR041,2026-08-21,Manager,9,0,11,18,1,0,0,1,9.133333333333333,16.766666666666666,0.06300275597291016,1
USR042,2026-08-03,Manager,9,0,14,15,0,0,0,1,9.066666666666666,16.916666666666668,0.05112692650205014,1
USR042,2026-08-04,Manager,12,0,16,26,1,0,0,1,9.333333333333334,16.933333333333334,-0.02567850336534927,-1
USR042,2026-08-05,Manager,9,0,6,21,3,0,0,1,9.316666666666666,16.866666666666667,-0.048530880228263684,-1
USR042,2026-08-06,Manager,8,0,11,10,0,0,0,1,9.166666666666666,16.516666666666666,-0.004327913714579634,-1
USR042,2026-08-07,Manager,9,0,21,16,1,0,0,1,9.133333333333333,16.783333333333335,0.07455080595923863,1
USR042,2026-08-10,Manager,9,0,14,19,1,0,0,1,9.033333333333331,16.933333333333334,0.05086268164784952,1
USR042,2026-08-11,Manager,12,0,19,26,4,0,0,1,9.3,16.983333333333334,-0.10464859101107893,-1
USR042,2026-08-12,Manager,9,0,0,27,0,0,0,1,9.2,16.833333333333332,-0.022697687023278568,-1
USR042,2026-08-13,Manager,8,0,0,13,2,0,0,1,9.266666666666667,16.966666666666665,-0.023556314658003785,-1
USR042,2026-08-14,Manager,7,0,1,11,1,0,0,1,9.15,16.966666666666665,0.005400432982173353,1
USR042,2026-08-17,Manager,9,0,15,15,0,0,0,1,9.066666666666666,16.766666666666666,0.057654587357245324,1
USR042,2026-08-18,Manager,8,0,7,16,0,0,0,1,9.033333333333331,16.75,0.027383145148354826,1
USR042,2026-08-19,Manager,9,0,19,11,1,0,0,1,9.016666666666667,16.933333333333334,0.04234247095969085,1
USR042,2026-08-20,Manager,12,0,39,19,2,0,0,1,9.2,16.95,-0.0026415278666188646,-1
USR042,2026-08-21,Manager,10,0,35,19,0,0,0,1,9.0,16.6,-0.021908512774386768,-1
USR045,2026-08-03,Manager,9,0,9,17,0,0,0,1,9.2,16.55,0.008972849734142307,1
USR045,2026-08-04,Manager,7,0,14,16,0,0,0,1,9.183333333333334,16.95,0.022607254018095047,1
USR045,2026-08-05,Manager,12,0,32,18,2,0,0,1,9.183333333333334,16.916666666666668,0.01997978165768044,1
USR045,2026-08-06,Manager,12,0,70,15,1,0,0,1,9.333333333333334,16.85,-0.07985210000820997,-1
USR045,2026-08-07,Manager,9,0,0,23,0,0,0,1,9.233333333333333,16.966666666666665,-0.020636617806093827,-1
USR045,2026-08-10,Manager,11,0,0,29,4,0,0,1,9.016666666666667,16.55,-0.12937880100730514,-1
USR045,2026-08-11,Manager,12,0,24,18,1,0,0,1,9.066666666666666,16.766666666666666,0.03335813699907991,1
USR045,2026-08-12,Manager,8,0,17,17,1,0,0,1,9.166666666666666,16.883333333333333,0.06245540464613175,1
USR045,2026-08-13,Manager,11,0,38,15,2,0,0,1,9.0,16.75,0.008033779058620127,1
USR045,2026-08-14,Manager,12,0,27,18,2,0,0,1,9.016666666666667,16.683333333333334,0.0015359280317145951,1
USR045,2026-08-17,Manager,11,0,27,23,2,0,0,1,9.166666666666666,16.616666666666667,0.017999407703915504,1
USR045,2026-08-18,Manager,11,0,33,17,0,0,0,1,9.183333333333334,16.7,0.02628185221465884,1
USR045,2026-08-19,Manager,12,0,35,30,0,0,0,1,9.116666666666667,16.816666666666666,-0.043287353563547515,-1
USR045,2026-08-20,Manager,8,0,17,20,0,0,0,1,9.166666666666666,16.75,0.04039846163921795,1
USR045,2026-08-21,Manager,8,0,12,18,1,0,0,1,9.066666666666666,16.966666666666665,0.03650023879520797,1
USR047,2026-08-03,Manager,10,0,18,19,0,0,0,1,9.15,16.983333333333334,0.009223910256571932,1
USR047,2026-08-04,Manager,12,0,16,24,2,0,0,1,9.0,16.95,-0.0113865548560117,-1
USR047,2026-08-05,Manager,7,0,3,11,0,0,0,1,9.033333333333331,16.966666666666665,-0.01304412671934263,-1
USR047,2026-08-06,Manager,11,0,28,22,0,0,0,1,9.266666666666667,16.716666666666665,0.0030801893450559947,1
USR047,2026-08-07,Manager,8,0,0,17,1,0,0,1,9.216666666666669,16.5,-0.008040515534596504,-1
USR047,2026-08-10,Manager,10,0,15,23,2,0,0,1,9.316666666666666,16.966666666666665,-0.0128386268382773,-1
USR047,2026-08-11,Manager,7,0,34,6,0,0,0,1,9.066666666666666,16.966666666666665,-0.03809549842872195,-1
USR047,2026-08-12,Manager,12,0,7,22,2,0,0,1,9.016666666666667,16.916666666666668,-0.0027132019288776954,-1
USR047,2026-08-13,Manager,9,0,24,13,1,0,0,1,9.066666666666666,16.883333333333333,0.06448019205887717,1
USR047,2026-08-14,Manager,9,0,8,20,1,0,0,1,9.233333333333333,16.883333333333333,0.04453452568511679,1
USR047,2026-08-17,Manager,12,0,23,21,0,0,0,1,9.333333333333334,16.866666666666667,-0.03968161602285525,-1
USR047,2026-08-18,Manager,12,0,42,13,1,0,0,1,9.3,16.766666666666666,-0.019776261095327485,-1
USR047,2026-08-19,Manager,10,0,17,12,1,0,0,1,9.233333333333333,16.7,0.04369678470231314,1
USR047,2026-08-20,Manager,11,0,4,19,2,0,0,1,9.016666666666667,16.883333333333333,0.025787444757560785,1
USR047,2026-08-21,Manager,12,0,20,28,1,0,0,1,9.2,16.783333333333335,0.018823776028474626,1
USR050,2026-08-03,Manager,8,0,19,11,1,0,0,1,9.233333333333333,16.566666666666666,0.02391575809234614,1
USR050,2026-08-04,Manager,11,0,29,17,0,0,0,1,9.116666666666667,16.883333333333333,0.03338871981971203,1
USR050,2026-08-05,Manager,9,0,0,25,0,0,0,1,9.333333333333334,16.583333333333332,-0.05934119066158727,-1
USR050,2026-08-06,Manager,12,0,47,19,2,0,0,1,9.133333333333333,16.7,0.006347681714356068,1
USR050,2026-08-07,Manager,12,0,44,16,1,0,0,1,9.05,16.7,0.00846496213838649,1
USR050,2026-08-10,Manager,11,0,65,9,2,0,0,1,9.2,16.883333333333333,-0.04823669950950393,-1
USR050,2026-08-11,Manager,7,0,28,7,0,0,0,1,9.25,16.85,0.004896200899562386,1
USR050,2026-08-12,Manager,10,0,33,19,1,0,0,1,9.233333333333333,16.983333333333334,0.011042597111351693,1
USR050,2026-08-13,Manager,9,0,15,19,1,0,0,1,9.083333333333334,16.95,0.04938247240482396,1
USR050,2026-08-14,Manager,9,0,0,22,3,0,0,1,9.266666666666667,16.5,-0.08999872414103227,-1
USR050,2026-08-17,Manager,8,0,25,15,3,0,0,1,9.2,16.65,-0.014535710614410613,-1
USR050,2026-08-18,Manager,7,0,36,6,3,0,0,1,9.15,16.7,-0.07809158108245429,-1
USR050,2026-08-19,Manager,9,0,0,21,0,0,0,1,9.15,16.7,0.015228856419678027,1
USR050,2026-08-20,Manager,7,0,25,4,1,0,0,1,9.133333333333333,16.8,-0.009474178178932702,-1
USR050,2026-08-21,Manager,7,0,12,17,0,0,0,1,9.15,16.85,0.026812849481856194,1
USR051,2026-08-03,Manager,7,0,22,12,1,0,0,1,9.016666666666667,16.8,0.023957456615676553,1
USR051,2026-08-04,Manager,10,0,8,16,1,0,0,1,9.25,16.95,0.04350221880109373,1
USR051,2026-08-05,Manager,9,0,42,16,2,0,0,1,9.133333333333333,16.616666666666667,0.01841453905948809,1
USR051,2026-08-06,Manager,12,0,55,13,2,0,0,1,9.216666666666669,16.583333333333332,-0.03964015670125787,-1
USR051,2026-08-07,Manager,11,0,24,12,0,0,0,1,9.183333333333334,16.916666666666668,0.024908079332204014,1
USR051,2026-08-10,Manager,7,0,11,9,1,0,0,1,9.15,16.933333333333334,0.02902731282377602,1
USR051,2026-08-11,Manager,7,0,20,8,0,0,0,1,9.283333333333331,16.65,-0.01654714496646037,-1
USR051,2026-08-12,Manager,8,0,11,13,0,0,0,1,9.25,16.716666666666665,0.03900658997044143,1
USR051,2026-08-13,Manager,7,0,5,12,1,0,0,1,9.233333333333333,16.666666666666668,0.016824210483015356,1
USR051,2026-08-14,Manager,9,0,22,13,2,0,0,1,9.05,16.733333333333334,0.04441686551657931,1
USR051,2026-08-17,Manager,10,0,28,24,2,0,0,1,9.25,16.566666666666666,-0.017643951737330466,-1
USR051,2026-08-18,Manager,12,0,27,20,0,0,0,1,9.0,16.633333333333333,-0.03554257536402394,-1
USR051,2026-08-19,Manager,11,0,15,22,0,0,0,1,9.033333333333331,16.9,0.011480008942375497,1
USR051,2026-08-20,Manager,8,0,8,9,2,0,0,1,9.3,16.85,-0.021206669408897816,-1
USR051,2026-08-21,Manager,9,0,22,14,1,0,0,1,9.3,16.583333333333332,0.01686421845868341,1
USR052,2026-08-03,Manager,10,0,55,12,1,0,0,1,9.1,16.633333333333333,-0.0029037431970035943,-1
USR052,2026-08-04,Manager,9,0,34,8,2,0,0,1,9.016666666666667,16.916666666666668,-0.006613754551864193,-1
USR052,2026-08-05,Manager,12,0,42,18,1,0,0,1,9.15,16.7,0.015304969644569899,1
USR052,2026-08-06,Manager,12,0,32,24,0,0,0,1,9.1,16.716666666666665,-0.006224688123922517,-1
USR052,2026-08-07,Manager,7,0,0,17,0,0,0,1,9.266666666666667,16.816666666666666,-0.005124687751577928,-1
USR052,2026-08-10,Manager,9,0,18,11,2,0,0,1,9.083333333333334,16.7,0.040436426589147034,1
USR052,2026-08-11,Manager,12,0,18,23,1,0,0,1,9.15,16.9,0.03376883763953081,1
USR052,2026-08-12,Manager,10,0,19,28,1,0,0,1,9.2,16.65,0.0034064641493018466,1
USR052,2026-08-13,Manager,8,0,0,15,1,0,0,1,9.2,16.85,0.0378041358364683,1
USR052,2026-08-14,Manager,9,0,27,16,1,0,0,1,9.0,16.8,0.05215546615769945,1
USR052,2026-08-17,Manager,8,0,5,18,0,0,0,1,9.05,16.65,0.018295191441417114,1
USR052,2026-08-18,Manager,7,0,11,7,0,0,0,1,9.15,16.9,0.013462494974693096,1
USR052,2026-08-19,Manager,12,0,21,23,0,0,0,1,9.133333333333333,16.7,0.008052010047141511,1
USR052,2026-08-20,Manager,7,0,0,17,0,0,0,1,9.2,16.716666666666665,0.009918200990645332,1
USR052,2026-08-21,Manager,9,0,37,12,1,0,0,1,9.216666666666669,16.866666666666667,0.044830217744532774,1
USR054,2026-08-03,Manager,12,0,9,25,2,0,0,1,9.0,16.95,-0.017089358149626754,-1
USR054,2026-08-04,Manager,9,0,36,11,0,0,0,1,9.016666666666667,16.5,-0.05163795271254401,-1
USR054,2026-08-05,Manager,10,0,27,17,0,0,0,1,9.25,16.883333333333333,0.0390262631175643,1
USR054,2026-08-06,Manager,10,0,53,7,2,0,0,1,9.0,16.916666666666668,-0.044008365233793034,-1
USR054,2026-08-07,Manager,9,0,24,19,1,0,0,1,9.016666666666667,16.7,0.03194046453769661,1
USR054,2026-08-10,Manager,11,0,10,22,3,0,0,1,9.05,16.866666666666667,-0.002532727168347737,-1
USR054,2026-08-11,Manager,12,0,16,32,0,0,0,1,9.066666666666666,16.666666666666668,-0.048758141875498096,-1
USR054,2026-08-12,Manager,12,0,66,8,1,0,0,1,9.2,16.6,-0.08375443270744998,-1
USR054,2026-08-13,Manager,9,0,49,11,0,0,0,1,9.25,16.75,-0.005629868994622367,-1
USR054,2026-08-14,Manager,10,0,55,14,0,0,0,1,9.116666666666667,16.683333333333334,-0.005684513600387242,-1
USR054,2026-08-17,Manager,7,0,16,13,1,0,0,1,9.2,16.533333333333335,0.002514348290353574,1
USR054,2026-08-18,Manager,8,0,7,10,0,0,0,1,9.3,16.766666666666666,0.005522044563763928,1
USR054,2026-08-19,Manager,11,0,64,13,0,0,0,1,9.25,16.8,-0.04047241561295667,-1
USR054,2026-08-20,Manager,8,0,28,10,0,0,0,1,9.183333333333334,16.866666666666667,0.03575541131325427,1
USR054,2026-08-21,Manager,7,0,19,7,0,0,0,1,9.283333333333331,16.783333333333335,0.0009244905554176008,1
USR057,2026-08-03,Manager,12,0,45,23,1,0,0,1,9.016666666666667,16.866666666666667,-0.032017875051067235,-1
USR057,2026-08-04,Manager,11,0,16,27,3,0,0,1,9.316666666666666,16.983333333333334,-0.0653096971645104,-1
USR057,2026-08-05,Manager,10,0,59,16,1,0,0,1,9.333333333333334,16.916666666666668,-0.039566216161929235,-1
USR057,2026-08-06,Manager,7,0,5,14,1,0,0,1,9.1,16.85,0.03368530746670134,1
USR057,2026-08-07,Manager,8,0,12,12,0,0,0,1,9.066666666666666,16.8,0.044383915310354405,1
USR057,2026-08-10,Manager,7,0,14,14,0,0,0,1,9.183333333333334,16.883333333333333,0.03683120776903798,1
USR057,2026-08-11,Manager,8,0,2,21,1,0,0,1,9.25,16.616666666666667,0.01224150763603632,1
USR057,2026-08-12,Manager,8,0,56,3,0,0,0,1,9.233333333333333,16.55,-0.1161614018394791,-1
USR057,2026-08-13,Manager,10,0,15,16,1,0,0,1,9.166666666666666,16.933333333333334,0.06989788279810172,1
USR057,2026-08-14,Manager,10,0,10,19,1,0,0,1,9.116666666666667,16.5,0.0001003108100360861,1
USR057,2026-08-17,Manager,10,0,24,18,2,0,0,1,9.0,16.916666666666668,0.028515602509982863,1
USR057,2026-08-18,Manager,10,0,9,24,0,0,0,1,9.25,16.75,0.007874791822725768,1
USR057,2026-08-19,Manager,9,0,12,14,2,0,0,1,9.166666666666666,16.633333333333333,0.041389590504089524,1
USR057,2026-08-20,Manager,10,0,14,26,1,0,0,1,9.016666666666667,16.966666666666665,-0.004075016749917393,-1
USR057,2026-08-21,Manager,7,0,14,10,1,0,0,1,9.0,16.966666666666665,0.008544898791096711,1
USR058,2026-08-03,Manager,8,0,9,14,2,0,0,1,9.183333333333334,16.716666666666665,0.037480542895818036,1
USR058,2026-08-04,Manager,12,0,26,27,2,0,0,1,9.05,16.95,-0.009712197760153085,-1
USR058,2026-08-05,Manager,11,0,49,20,1,0,0,1,9.016666666666667,16.916666666666668,-0.0161464551948568,-1
USR058,2026-08-06,Manager,9,0,34,9,1,0,0,1,9.0,16.766666666666666,0.017950594042815182,1
USR058,2026-08-07,Manager,7,0,16,13,2,0,0,1,9.116666666666667,16.883333333333333,0.021519276460814085,1
USR058,2026-08-10,Manager,11,0,19,15,0,0,0,1,9.05,16.65,0.02259219327063955,1
USR058,2026-08-11,Manager,8,0,0,18,1,0,0,1,9.05,16.7,0.029054032895545534,1
USR058,2026-08-12,Manager,12,0,35,17,2,0,0,1,9.016666666666667,16.6,-0.014164596309617083,-1
USR058,2026-08-13,Manager,7,0,17,10,0,0,0,1,9.266666666666667,16.966666666666665,0.008222848652897963,1
USR058,2026-08-14,Manager,11,0,13,18,0,0,0,1,9.216666666666669,16.966666666666665,0.009787895668727065,1
USR058,2026-08-17,Manager,8,0,25,8,1,0,0,1,9.283333333333331,16.866666666666667,0.013207980527184693,1
USR058,2026-08-18,Manager,10,0,19,16,2,0,0,1,9.116666666666667,16.933333333333334,0.057141521902791204,1
USR058,2026-08-19,Manager,10,0,34,11,1,0,0,1,9.0,16.55,-0.014846690430266318,-1
USR058,2026-08-20,Manager,11,0,26,25,1,0,0,1,9.116666666666667,16.566666666666666,-0.0022777697690736787,-1
USR058,2026-08-21,Manager,10,0,22,12,0,0,0,1,9.05,16.516666666666666,-0.023917454958162887,-1
USR060,2026-08-03,Manager,11,0,35,13,2,0,0,1,9.283333333333331,16.8,0.017595253909225617,1
USR060,2026-08-04,Manager,9,0,30,18,2,0,0,1,9.25,16.95,0.012685492300512136,1
USR060,2026-08-05,Manager,11,0,19,16,2,0,0,1,9.066666666666666,16.633333333333333,0.03640160978607243,1
USR060,2026-08-06,Manager,9,0,16,16,1,0,0,1,9.033333333333331,16.75,0.0619827627560775,1
USR060,2026-08-07,Manager,7,0,17,4,1,0,0,1,9.116666666666667,16.85,-0.0014052379496917178,-1
USR060,2026-08-10,Manager,9,0,0,17,1,0,0,1,9.266666666666667,16.55,0.010930313934522207,1
USR060,2026-08-11,Manager,7,0,0,13,2,0,0,1,9.133333333333333,16.966666666666665,-0.024357360425903085,-1
USR060,2026-08-12,Manager,12,0,27,28,1,0,0,1,9.15,16.666666666666668,0.0037074340024553787,1
USR060,2026-08-13,Manager,9,0,15,15,0,0,0,1,9.15,16.85,0.05702554520181485,1
USR060,2026-08-14,Manager,8,0,17,6,1,0,0,1,9.033333333333331,16.65,-0.005884179983058013,-1
USR060,2026-08-17,Manager,8,0,27,8,0,0,0,1,9.283333333333331,16.966666666666665,-0.011926500503113724,-1
USR060,2026-08-18,Manager,11,0,19,33,2,0,0,1,9.3,16.65,-0.0507298027435511,-1
USR060,2026-08-19,Manager,7,0,38,8,1,0,0,1,9.0,16.8,-0.025637970663014986,-1
USR060,2026-08-20,Manager,9,0,18,21,0,0,0,1,9.05,16.9,0.0268147617052637,1
USR060,2026-08-21,Manager,12,0,44,17,2,0,0,1,9.066666666666666,16.55,-0.024690536621659986,-1
USR061,2026-08-03,Manager,8,0,31,14,1,0,0,1,9.0,16.516666666666666,-0.02670268046693225,-1
USR061,2026-08-04,Manager,9,0,14,20,0,0,0,1,9.05,16.533333333333335,-0.014307475720975127,-1
USR061,2026-08-05,Manager,10,0,10,22,1,0,0,1,9.1,16.85,0.05036350024060832,1
USR061,2026-08-06,Manager,7,0,19,6,1,0,0,1,9.116666666666667,16.8,0.019379543896191898,1
USR061,2026-08-07,Manager,7,0,17,14,0,0,0,1,9.3,16.616666666666667,-0.011086068175220398,-1
USR061,2026-08-10,Manager,11,0,18,24,4,0,0,1,9.216666666666669,16.783333333333335,-0.05201234757651274,-1
USR061,2026-08-11,Manager,11,0,27,22,0,0,0,1,9.333333333333334,16.933333333333334,-0.0277739250864657,-1
USR061,2026-08-12,Manager,12,0,15,28,2,0,0,1,9.233333333333333,16.733333333333334,-0.0024729851808850123,-1
USR061,2026-08-13,Manager,10,0,6,19,1,0,0,1,9.0,16.7,0.030528303340459417,1
USR061,2026-08-14,Manager,7,0,1,12,0,0,0,1,9.0,16.633333333333333,-0.04512619671210105,-1
USR061,2026-08-17,Manager,7,0,18,13,0,0,0,1,9.2,16.65,0.02176903049371509,1
USR061,2026-08-18,Manager,9,0,0,27,1,0,0,1,9.05,16.583333333333332,-0.024020150148815422,-1
USR061,2026-08-19,Manager,10,0,54,8,1,0,0,1,9.166666666666666,16.916666666666668,-0.006131194720023436,-1
USR061,2026-08-20,Manager,8,0,19,4,0,0,0,1,9.05,16.65,-0.024378837568205025,-1
USR061,2026-08-21,Manager,11,0,5,18,1,0,0,1,9.05,16.783333333333335,0.04123030451788978,1
USR062,2026-08-03,Manager,10,0,40,14,0,0,0,1,9.25,16.816666666666666,0.026703743164328497,1
USR062,2026-08-04,Manager,8,0,20,15,0,0,0,1,9.216666666666669,16.95,0.03132994430511221,1
USR062,2026-08-05,Manager,11,0,3,23,1,0,0,1,9.266666666666667,16.616666666666667,0.0018108835093518794,1
USR062,2026-08-06,Manager,10,0,30,13,3,0,0,1,9.166666666666666,16.616666666666667,-0.0013620464371878471,-1
USR062,2026-08-07,Manager,9,0,1,17,0,0,0,1,9.066666666666666,16.883333333333333,0.02182581297239855,1
USR062,2026-08-10,Manager,7,0,0,13,0,0,0,1,9.133333333333333,16.716666666666665,0.012823463633691468,1
USR062,2026-08-11,Manager,10,0,0,22,1,0,0,1,9.333333333333334,16.583333333333332,-0.027670792601508953,-1
USR062,2026-08-12,Manager,12,0,8,27,1,0,0,1,9.166666666666666,16.85,0.022374250750236357,1
USR062,2026-08-13,Manager,12,0,25,17,3,0,0,1,9.166666666666666,16.816666666666666,-0.003090094239665442,-1
USR062,2026-08-14,Manager,7,0,26,10,0,0,0,1,9.333333333333334,16.85,-0.02603493261336909,-1
USR062,2026-08-17,Manager,7,0,30,8,2,0,0,1,9.05,16.55,-0.046191723521892714,-1
USR062,2026-08-18,Manager,10,0,18,19,0,0,0,1,9.2,16.833333333333332,0.04898032783623646,1
USR062,2026-08-19,Manager,10,0,18,21,1,0,0,1,9.0,16.983333333333334,0.004113841209893887,1
USR062,2026-08-20,Manager,9,0,14,7,0,0,0,1,9.166666666666666,16.9,0.021645566216783152,1
USR062,2026-08-21,Manager,9,0,33,7,4,0,0,1,9.083333333333334,16.983333333333334,-0.11054617144721235,-1
USR065,2026-08-03,Manager,7,0,17,10,1,0,0,1,9.016666666666667,16.966666666666665,0.018760053565047896,1
USR065,2026-08-04,Manager,11,0,10,21,0,0,0,1,9.3,16.566666666666666,-0.03323724892620561,-1
USR065,2026-08-05,Manager,12,0,19,20,2,0,0,1,9.316666666666666,16.833333333333332,-0.010728515692762008,-1
USR065,2026-08-06,Manager,10,0,13,26,3,0,0,1,9.033333333333331,16.983333333333334,-0.05935526105869238,-1
USR065,2026-08-07,Manager,12,0,29,19,1,0,0,1,9.316666666666666,16.583333333333332,-0.030824615004601652,-1
USR065,2026-08-10,Manager,11,0,20,23,0,0,0,1,9.016666666666667,16.95,-0.013059532778583072,-1
USR065,2026-08-11,Manager,9,0,53,8,0,0,0,1,9.316666666666666,16.883333333333333,-0.0613196226201187,-1
USR065,2026-08-12,Manager,12,0,42,15,2,0,0,1,9.266666666666667,16.916666666666668,-0.01139602628219094,-1
USR065,2026-08-13,Manager,8,0,20,12,0,0,0,1,9.316666666666666,16.6,-0.009517231118080671,-1
USR065,2026-08-14,Manager,8,0,10,16,0,0,0,1,9.05,16.85,0.04465836143211793,1
USR065,2026-08-17,Manager,9,0,7,19,2,0,0,1,9.316666666666666,16.983333333333334,-0.02935231848943065,-1
USR065,2026-08-18,Manager,8,0,6,12,0,0,0,1,9.1,16.95,0.029174680746483828,1
USR065,2026-08-19,Manager,7,0,0,15,1,0,0,1,9.05,16.5,-0.04372729250115204,-1
USR065,2026-08-20,Manager,12,0,0,27,3,0,0,1,9.166666666666666,16.5,-0.08191557921021564,-1
USR065,2026-08-21,Manager,7,0,0,19,1,0,0,1,9.05,16.916666666666668,0.004835799852060119,1
USR066,2026-08-03,Manager,8,0,7,21,0,0,0,1,9.116666666666667,16.55,-0.01284242652776979,-1
USR066,2026-08-04,Manager,7,0,0,18,0,0,0,1,9.033333333333331,16.933333333333334,-0.022582804226131903,-1
USR066,2026-08-05,Manager,9,0,3,22,1,0,0,1,9.2,16.55,0.011856539506104102,1
USR066,2026-08-06,Manager,12,0,0,31,3,0,0,1,9.116666666666667,16.983333333333334,-0.08264464759587142,-1
USR066,2026-08-07,Manager,12,0,12,25,3,0,0,1,9.066666666666666,16.716666666666665,-0.016568905432816083,-1
USR066,2026-08-10,Manager,8,0,13,12,0,0,0,1,9.283333333333331,16.95,0.017975976149353978,1
USR066,2026-08-11,Manager,7,0,0,16,1,0,0,1,9.066666666666666,16.983333333333334,-0.01416300554201777,-1
USR066,2026-08-12,Manager,8,0,29,12,2,0,0,1,9.05,16.566666666666666,0.0006548516857974862,1
USR066,2026-08-13,Manager,10,0,34,15,1,0,0,1,9.066666666666666,16.85,0.05884866075423595,1
USR066,2026-08-14,Manager,12,0,17,30,3,0,0,1,9.183333333333334,16.7,-0.029113458633512,-1
USR066,2026-08-17,Manager,12,0,28,26,0,0,0,1,9.083333333333334,16.583333333333332,-0.03714691274061066,-1
USR066,2026-08-18,Manager,12,0,28,25,1,0,0,1,9.25,16.683333333333334,-0.0018763033666726603,-1
USR066,2026-08-19,Manager,11,0,6,18,2,0,0,1,9.183333333333334,16.883333333333333,0.04043631315812474,1
USR066,2026-08-20,Manager,11,0,8,26,4,0,0,1,9.133333333333333,16.7,-0.06940579603043162,-1
USR066,2026-08-21,Manager,10,0,35,12,1,0,0,1,9.25,16.95,0.03020388151292791,1
USR070,2026-08-03,Manager,10,0,0,21,2,0,0,1,9.183333333333334,16.85,0.018198870335716433,1
USR070,2026-08-04,Manager,9,0,23,15,0,0,0,1,9.1,16.85,0.057427755360453636,1
USR070,2026-08-05,Manager,7,0,22,9,2,0,0,1,9.1,16.916666666666668,0.0030992224511620092,1
USR070,2026-08-06,Manager,11,0,41,15,3,0,0,1,9.316666666666666,16.933333333333334,-0.044632905391693845,-1
USR070,2026-08-07,Manager,12,0,10,28,3,0,0,1,9.0,16.716666666666665,-0.044506736845550066,-1
USR070,2026-08-10,Manager,7,0,0,17,3,0,0,1,9.216666666666669,16.6,-0.0671455951160187,-1
USR070,2026-08-11,Manager,10,0,7,19,3,0,0,1,9.0,16.933333333333334,-0.023238433357671506,-1
USR070,2026-08-12,Manager,12,0,12,32,0,0,0,1,9.216666666666669,16.716666666666665,-0.03900353294652281,-1
USR070,2026-08-13,Manager,7,0,17,11,0,0,0,1,9.25,16.716666666666665,0.02363283754200768,1
USR070,2026-08-14,Manager,9,0,23,14,2,0,0,1,9.166666666666666,16.65,0.04744103280299916,1
USR070,2026-08-17,Manager,10,0,34,15,2,0,0,1,9.25,16.866666666666667,0.03774807851270673,1
USR070,2026-08-18,Manager,12,0,20,33,1,0,0,1,9.083333333333334,16.733333333333334,-0.014958471751916558,-1
USR070,2026-08-19,Manager,9,0,33,19,1,0,0,1,9.316666666666666,16.516666666666666,-0.04529005762829441,-1
USR070,2026-08-20,Manager,10,0,15,22,0,0,0,1,9.233333333333333,16.633333333333333,0.019925632454909248,1
USR070,2026-08-21,Manager,7,0,0,11,0,0,0,1,9.116666666666667,16.583333333333332,-0.019847640874404826,-1
USR073,2026-08-03,Manager,10,0,15,11,0,0,0,1,9.0,16.7,0.008936555601782747,1
USR073,2026-08-04,Manager,10,0,54,15,3,0,0,1,9.25,16.783333333333335,-0.0366546295998198,-1
USR073,2026-08-05,Manager,11,0,30,18,2,0,0,1,9.15,16.933333333333334,0.035425670246803154,1
USR073,2026-08-06,Manager,8,0,8,17,0,0,0,1,9.333333333333334,16.8,-0.0017868131157348088,-1
USR073,2026-08-07,Manager,11,0,39,19,1,0,0,1,9.233333333333333,16.8,0.030782767523357513,1
USR073,2026-08-10,Manager,9,0,13,11,1,0,0,1,9.05,16.8,0.05889037467120389,1
USR073,2026-08-11,Manager,12,0,8,27,2,0,0,1,9.1,16.85,0.0207214385456585,1
USR073,2026-08-12,Manager,7,0,17,6,1,0,0,1,9.316666666666666,16.8,-0.022311163978762316,-1
USR073,2026-08-13,Manager,7,0,18,13,1,0,0,1,9.0,16.95,0.01632361919549874,1
USR073,2026-08-14,Manager,8,0,12,13,0,0,0,1,9.183333333333334,16.733333333333334,0.05436339881115704,1
USR073,2026-08-17,Manager,12,0,17,17,0,0,0,1,9.05,16.9,0.005349232114252311,1
USR073,2026-08-18,Manager,9,0,34,13,1,0,0,1,9.066666666666666,16.8,0.05864812311755152,1
USR073,2026-08-19,Manager,12,0,28,26,2,0,0,1,9.05,16.816666666666666,0.003787696008439756,1
USR073,2026-08-20,Manager,12,0,43,17,2,0,0,1,9.1,16.716666666666665,0.022297983870170957,1
USR073,2026-08-21,Manager,12,0,53,27,0,0,0,1,9.15,16.933333333333334,-0.07065980719910814,-1
USR078,2026-08-03,Manager,11,0,11,25,2,0,0,1,9.116666666666667,16.833333333333332,0.022096712749611724,1
USR078,2026-08-04,Manager,9,0,40,9,1,0,0,1,9.3,16.7,-0.010337482308575341,-1
USR078,2026-08-05,Manager,9,0,20,16,2,0,0,1,9.033333333333331,16.616666666666667,0.03300212219812765,1
USR078,2026-08-06,Manager,12,0,35,11,2,0,0,1,9.283333333333331,16.783333333333335,-0.02443974679669836,-1
USR078,2026-08-07,Manager,9,0,5,15,1,0,0,1,9.233333333333333,16.983333333333334,0.02125085195345766,1
USR078,2026-08-10,Manager,9,0,39,16,1,0,0,1,9.333333333333334,16.616666666666667,-0.025008954698766073,-1
USR078,2026-08-11,Manager,7,0,14,10,0,0,0,1,9.333333333333334,16.983333333333334,-0.038323991036784744,-1
USR078,2026-08-12,Manager,7,0,31,11,0,0,0,1,9.016666666666667,16.683333333333334,-0.02742420985839078,-1
USR078,2026-08-13,Manager,7,0,13,7,1,0,0,1,9.016666666666667,16.9,0.007140375843446012,1
USR078,2026-08-14,Manager,12,0,26,21,2,0,0,1,9.116666666666667,16.733333333333334,0.028010058892705247,1
USR078,2026-08-17,Manager,10,0,20,21,1,0,0,1,9.166666666666666,16.766666666666666,0.05607213055826299,1
USR078,2026-08-18,Manager,12,0,57,16,3,0,0,1,9.033333333333331,16.833333333333332,-0.05845102220508158,-1
USR078,2026-08-19,Manager,8,0,15,18,1,0,0,1,9.25,16.566666666666666,0.02696491473026902,1
USR078,2026-08-20,Manager,8,0,12,10,0,0,0,1,9.2,16.55,0.006266178886747242,1
USR078,2026-08-21,Manager,7,0,30,10,0,0,0,1,9.016666666666667,16.85,-0.008322426002346228,-1
USR086,2026-08-03,Manager,10,0,17,16,1,0,0,1,9.0,16.65,0.040471857606151906,1
USR086,2026-08-04,Manager,11,0,51,17,2,0,0,1,9.25,16.783333333333335,0.009411009105638801,1
USR086,2026-08-05,Manager,7,0,14,11,1,0,0,1,9.033333333333331,16.966666666666665,0.02585432882148697,1
USR086,2026-08-06,Manager,10,0,26,14,0,0,0,1,9.2,16.766666666666666,0.045710107753668905,1
USR086,2026-08-07,Manager,11,0,3,17,1,0,0,1,9.266666666666667,16.633333333333333,0.014655455802108086,1
USR086,2026-08-10,Manager,7,0,0,20,0,0,0,1,9.066666666666666,16.75,-0.012301931534602906,-1
USR086,2026-08-11,Manager,8,0,32,11,0,0,0,1,9.166666666666666,16.966666666666665,0.010689297019989108,1
USR086,2026-08-12,Manager,11,0,54,21,1,0,0,1,9.25,16.95,-0.019976099038782502,-1
USR086,2026-08-13,Manager,7,0,14,10,2,0,0,1,9.116666666666667,16.7,0.005582151376517963,1
USR086,2026-08-14,Manager,9,0,0,18,2,0,0,1,9.05,16.583333333333332,0.0008397359081375733,1
USR086,2026-08-17,Manager,12,0,10,25,0,0,0,1,9.016666666666667,16.9,-0.025232831439065295,-1
USR086,2026-08-18,Manager,12,0,0,26,1,0,0,1,9.2,16.616666666666667,-0.023958756014270666,-1
USR086,2026-08-19,Manager,12,0,57,24,2,0,0,1,9.183333333333334,16.8,-0.0347558212710406,-1
USR086,2026-08-20,Manager,10,0,43,16,0,0,0,1,9.016666666666667,16.85,0.00735402859862061,1
USR086,2026-08-21,Manager,7,0,28,5,1,0,0,1,9.233333333333333,16.583333333333332,-0.038261857559454215,-1
USR088,2026-08-03,Manager,9,0,1,21,1,0,0,1,9.133333333333333,16.95,0.022156298561108456,1
USR088,2026-08-04,Manager,11,0,16,14,2,0,0,1,9.133333333333333,16.933333333333334,0.03902040704887055,1
USR088,2026-08-05,Manager,7,0,14,13,1,0,0,1,9.15,16.983333333333334,0.025324236682689516,1
USR088,2026-08-06,Manager,10,0,69,7,1,0,0,1,9.183333333333334,16.533333333333335,-0.08958298701287404,-1
USR088,2026-08-07,Manager,12,0,35,14,3,0,0,1,9.25,16.716666666666665,-0.02942704706580679,-1
USR088,2026-08-10,Manager,12,0,45,15,0,0,0,1,9.2,16.733333333333334,-0.011263923068414172,-1
USR088,2026-08-11,Manager,11,0,30,13,1,0,0,1,9.3,16.916666666666668,0.015462715100083846,1
USR088,2026-08-12,Manager,9,0,30,4,1,0,0,1,9.15,16.933333333333334,-0.007597985997084278,-1
USR088,2026-08-13,Manager,11,0,48,10,2,0,0,1,9.1,16.95,-0.016222442107430624,-1
USR088,2026-08-14,Manager,9,0,5,14,0,0,0,1,9.283333333333331,16.933333333333334,0.014854129694981733,1
USR088,2026-08-17,Manager,8,0,18,16,1,0,0,1,9.033333333333331,16.616666666666667,0.03370664223049419,1
USR088,2026-08-18,Manager,9,0,41,10,2,0,0,1,9.2,16.566666666666666,-0.02146783179565126,-1
USR088,2026-08-19,Manager,10,0,13,18,0,0,0,1,9.016666666666667,16.916666666666668,0.032600339580054316,1
USR088,2026-08-20,Manager,9,0,0,28,1,0,0,1,9.25,16.883333333333333,-0.012679494557139459,-1
USR088,2026-08-21,Manager,7,0,26,11,0,0,0,1,9.116666666666667,16.9,0.014358598165226,1
USR093,2026-08-03,Manager,10,0,44,12,0,0,0,1,9.216666666666669,16.8,0.022059263494260295,1
USR093,2026-08-04,Manager,9,0,23,15,1,0,0,1,9.3,16.85,0.03622469765437464,1
USR093,2026-08-05,Manager,10,0,17,18,1,0,0,1,9.016666666666667,16.7,0.048059960148449765,1
USR093,2026-08-06,Manager,7,0,4,12,1,0,0,1,9.316666666666666,16.616666666666667,-0.02630934724013123,-1
USR093,2026-08-07,Manager,10,0,32,15,3,0,0,1,9.183333333333334,16.5,-0.045135945204242245,-1
USR093,2026-08-10,Manager,8,0,16,13,2,0,0,1,9.0,16.9,0.009436281070884067,1
USR093,2026-08-11,Manager,11,0,34,16,1,0,0,1,9.0,16.966666666666665,-0.0004012354113196448,-1
USR093,2026-08-12,Manager,11,0,23,21,0,0,0,1,9.2,16.7,0.024679299366857144,1
USR093,2026-08-13,Manager,12,0,6,29,1,0,0,1,9.3,16.916666666666668,-0.03375361134238408,-1
USR093,2026-08-14,Manager,7,0,27,11,3,0,0,1,9.033333333333331,16.95,-0.06015180730230174,-1
USR093,2026-08-17,Manager,10,0,0,17,2,0,0,1,9.183333333333334,16.95,0.02007488060391155,1
USR093,2026-08-18,Manager,10,0,23,17,1,0,0,1,9.066666666666666,16.833333333333332,0.06998203054703,1
USR093,2026-08-19,Manager,9,0,26,14,2,0,0,1,9.233333333333333,16.583333333333332,0.019587807873156726,1
USR093,2026-08-20,Manager,10,0,0,28,0,0,0,1,9.333333333333334,16.916666666666668,-0.054203727168070315,-1
USR093,2026-08-21,Manager,8,0,36,3,0,0,0,1,9.05,16.783333333333335,-0.04030280351691351,-1
USR094,2026-08-03,Manager,7,0,20,11,1,0,0,1,9.033333333333331,16.8,0.031225427830064822,1
USR094,2026-08-04,Manager,10,0,15,21,2,0,0,1,9.15,16.566666666666666,0.017640117126502985,1
USR094,2026-08-05,Manager,11,0,45,14,0,0,0,1,9.15,16.883333333333333,0.011926528837832295,1
USR094,2026-08-06,Manager,7,0,23,10,1,0,0,1,9.233333333333333,16.983333333333334,0.007501247205012718,1
USR094,2026-08-07,Manager,12,0,9,29,3,0,0,1,9.266666666666667,16.983333333333334,-0.07567091606561227,-1
USR094,2026-08-10,Manager,8,0,13,11,1,0,0,1,9.133333333333333,16.733333333333334,0.053162296178813684,1
USR094,2026-08-11,Manager,10,0,9,14,0,0,0,1,9.133333333333333,16.516666666666666,-0.011406450288553471,-1
USR094,2026-08-12,Manager,10,0,2,15,0,0,0,1,9.116666666666667,16.933333333333334,0.0217836821135437,1
USR094,2026-08-13,Manager,10,0,16,17,2,0,0,1,9.333333333333334,16.783333333333335,0.005184472746833146,1
USR094,2026-08-14,Manager,8,0,14,10,0,0,0,1,9.05,16.716666666666665,0.029933834744135746,1
USR094,2026-08-17,Manager,9,0,16,15,3,0,0,1,9.1,16.6,0.0032453537508114194,1
USR094,2026-08-18,Manager,12,0,0,28,0,0,0,1,9.266666666666667,16.883333333333333,-0.04656250386551697,-1
USR094,2026-08-19,Manager,11,0,49,16,1,0,0,1,9.016666666666667,16.55,-0.039712198087113904,-1
USR094,2026-08-20,Manager,12,0,47,13,3,0,0,1,9.2,16.633333333333333,-0.045302104701217094,-1
USR094,2026-08-21,Manager,10,0,11,24,0,0,0,1,9.016666666666667,16.633333333333333,-0.01495849174417363,-1
USR097,2026-08-03,Manager,10,0,23,17,0,0,0,1,9.083333333333334,16.7,0.04731425630876118,1
USR097,2026-08-04,Manager,9,0,45,9,0,0,0,1,9.233333333333333,16.833333333333332,-0.0019923868641572584,-1
USR097,2026-08-05,Manager,10,0,3,25,0,0,0,1,9.083333333333334,16.866666666666667,-0.005551964832583356,-1
USR097,2026-08-06,Manager,10,0,2,18,2,0,0,1,9.066666666666666,16.683333333333334,0.023811491807505414,1
USR097,2026-08-07,Manager,9,0,33,11,0,0,0,1,9.166666666666666,16.65,0.022364660374713297,1
USR097,2026-08-10,Manager,10,0,10,24,1,0,0,1,9.016666666666667,16.833333333333332,0.02036621844214731,1
USR097,2026-08-11,Manager,8,0,11,12,2,0,0,1,9.183333333333334,16.6,0.021736946005922908,1
USR097,2026-08-12,Manager,9,0,30,15,0,0,0,1,9.1,16.583333333333332,0.015672858196396466,1
USR097,2026-08-13,Manager,7,0,23,8,0,0,0,1,9.233333333333333,16.883333333333333,0.01335611798811187,1
USR097,2026-08-14,Manager,7,0,3,10,2,0,0,1,9.0,16.783333333333335,-0.03548826050459597,-1
USR097,2026-08-17,Manager,12,0,17,28,3,0,0,1,9.1,16.833333333333332,-0.012947261055231363,-1
USR097,2026-08-18,Manager,11,0,15,19,2,0,0,1,9.0,16.783333333333335,0.022546702552714015,1
USR097,2026-08-19,Manager,12,0,35,17,0,0,0,1,9.133333333333333,16.766666666666666,0.004646767048619049,1
USR097,2026-08-20,Manager,8,0,10,13,0,0,0,1,9.133333333333333,16.7,0.04909458714827952,1
USR097,2026-08-21,Manager,7,0,25,4,1,0,0,1,9.25,16.966666666666665,-0.023759222216836462,-1
USR098,2026-08-03,Manager,11,0,26,21,0,0,0,1,9.233333333333333,16.966666666666665,-0.00016394231976490925,-1
USR098,2026-08-04,Manager,12,0,35,15,0,0,0,1,9.033333333333331,16.683333333333334,-0.01563263340326726,-1
USR098,2026-08-05,Manager,10,0,14,18,0,0,0,1,9.116666666666667,16.916666666666668,0.05428077204376547,1
USR098,2026-08-06,Manager,12,0,6,28,2,0,0,1,9.116666666666667,16.883333333333333,0.010680667312386538,1
USR098,2026-08-07,Manager,11,0,34,16,2,0,0,1,9.1,16.966666666666665,0.021428455048518813,1
USR098,2026-08-10,Manager,7,0,0,17,0,0,0,1,9.083333333333334,16.583333333333332,-0.01498252584273052,-1
USR098,2026-08-11,Manager,7,0,0,14,1,0,0,1,9.333333333333334,16.95,-0.035427337250742985,-1
USR098,2026-08-12,Manager,7,0,18,12,0,0,0,1,9.05,16.966666666666665,0.0108808568708737,1
USR098,2026-08-13,Manager,8,0,18,8,1,0,0,1,9.016666666666667,16.75,0.021931360066152927,1
USR098,2026-08-14,Manager,9,0,38,14,1,0,0,1,9.116666666666667,16.8,0.05850429232725546,1
USR098,2026-08-17,Manager,12,0,3,29,4,0,0,1,9.183333333333334,16.683333333333334,-0.0958172881918935,-1
USR098,2026-08-18,Manager,10,0,6,25,2,0,0,1,9.183333333333334,16.816666666666666,0.015150689233601577,1
USR098,2026-08-19,Manager,8,0,10,14,0,0,0,1,9.1,16.766666666666666,0.05418918189366628,1
USR098,2026-08-20,Manager,8,0,45,7,1,0,0,1,9.0,16.85,-0.03351624256703434,-1
USR098,2026-08-21,Manager,11,0,37,23,0,0,0,1,9.183333333333334,16.616666666666667,-0.008194775362564855,-1
