user_id,date,role,event_count,failed_login_count,download_total,records_accessed_total,vip_access_count,unknown_ip_count,outside_hours_count,unique_ip_count,first_activity_hour,last_activity_hour
USR001,2026-08-03,Manager,8,0,12,15,2,0,0,1,9.133333333333333,16.816666666666666
USR001,2026-08-04,Manager,7,0,10,11,2,0,0,1,9.133333333333333,16.783333333333335
USR001,2026-08-05,Manager,8,0,5,11,1,0,0,1,9.116666666666667,16.9
USR001,2026-08-06,Manager,7,0,13,10,0,0,0,1,9.016666666666667,16.933333333333334
USR001,2026-08-07,Manager,11,0,56,12,2,0,0,1,9.333333333333334,16.95
USR001,2026-08-10,Manager,7,0,26,2,0,0,0,1,9.333333333333334,16.916666666666668
USR001,2026-08-11,Manager,12,0,16,25,2,0,0,1,9.083333333333334,16.7
USR001,2026-08-12,Manager,11,0,0,27,1,0,0,1,9.05,16.883333333333333
USR001,2026-08-13,Manager,11,0,4,20,1,0,0,1,9.15,16.583333333333332
USR001,2026-08-14,Manager,10,0,37,16,1,0,0,1,9.1,16.85
USR001,2026-08-17,Manager,9,0,16,12,0,0,0,1,9.1,16.916666666666668
USR001,2026-08-18,Manager,8,0,21,11,0,0,0,1,9.033333333333333,16.816666666666666
USR001,2026-08-19,Manager,10,0,54,11,0,0,0,1,9.166666666666666,16.666666666666668
USR001,2026-08-20,Manager,10,0,77,7,2,0,0,1,9.083333333333334,16.9
USR001,2026-08-21,Manager,8,0,12,18,1,0,0,1,9.0,16.916666666666668
USR002,2026-08-03,Teller,10,0,15,14,0,0,0,1,9.016666666666667,16.866666666666667
USR002,2026-08-04,Teller,12,0,0,36,0,0,0,1,9.133333333333333,16.833333333333332
USR002,2026-08-05,Teller,8,0,13,9,0,0,0,1,9.25,16.516666666666666
USR002,2026-08-06,Teller,13,0,13,20,0,0,0,1,9.166666666666666,16.8
USR002,2026-08-07,Teller,14,0,14,25,0,0,0,1,9.016666666666667,16.766666666666666
USR002,2026-08-10,Teller,11,0,19,11,0,0,0,1,9.133333333333333,16.55
USR002,2026-08-11,Teller,11,0,11,12,0,0,0,1,9.266666666666667,16.75
USR002,2026-08-12,Teller,9,0,4,18,0,0,0,1,9.3,16.95
USR002,2026-08-13,Teller,9,0,10,8,0,0,0,1,9.333333333333334,16.683333333333334
USR002,2026-08-14,Teller,14,0,8,24,0,0,0,1,9.033333333333333,16.616666666666667
USR002,2026-08-17,Teller,14,0,4,26,0,0,0,1,9.066666666666666,16.95
USR002,2026-08-18,Teller,13,0,3,30,0,0,0,1,9.183333333333334,16.5
USR002,2026-08-19,Teller,14,0,6,40,1,0,0,1,9.0,16.983333333333334
USR002,2026-08-20,Teller,14,0,16,16,0,0,0,1,9.033333333333333,16.883333333333333
USR002,2026-08-21,Teller,8,0,6,10,0,0,0,1,9.233333333333333,16.85
USR003,2026-08-03,Manager,12,0,0,33,0,0,0,1,9.333333333333334,16.716666666666665
USR003,2026-08-04,Manager,12,0,17,22,0,0,0,1,9.183333333333334,16.916666666666668
USR003,2026-08-05,Manager,8,0,21,10,1,0,0,1,9.066666666666666,16.716666666666665
USR003,2026-08-06,Manager,11,0,3,17,1,0,0,1,9.0,16.95
USR003,2026-08-07,Manager,9,0,2,21,0,0,0,1,9.333333333333334,16.95
USR003,2026-08-10,Manager,10,0,23,17,0,0,0,1,9.333333333333334,16.95
USR003,2026-08-11,Manager,10,0,43,12,2,0,0,1,9.033333333333333,16.716666666666665
USR003,2026-08-12,Manager,7,0,0,19,1,0,0,1,9.266666666666667,16.516666666666666
USR003,2026-08-13,Manager,7,0,13,17,0,0,0,1,9.0,16.95
USR003,2026-08-14,Manager,12,0,16,26,1,0,0,1,9.05,16.8
USR003,2026-08-17,Manager,8,0,2,18,1,0,0,1,9.133333333333333,16.666666666666668
USR003,2026-08-18,Manager,10,0,32,13,1,0,0,1,9.083333333333334,16.866666666666667
USR003,2026-08-19,Manager,9,0,0,25,0,0,0,1,9.2,16.633333333333333
USR003,2026-08-20,Manager,12,0,12,23,2,0,0,1,9.0,16.95
USR003,2026-08-21,Manager,10,0,17,22,1,0,0,1,9.266666666666667,16.983333333333334
USR004,2026-08-03,Manager,12,0,40,24,2,0,0,1,9.05,16.8
USR004,2026-08-04,Manager,12,0,21,25,2,0,0,1,9.183333333333334,16.7
USR004,2026-08-05,Manager,8,0,13,16,2,0,0,1,9.233333333333333,16.866666666666667
USR004,2026-08-06,Manager,10,0,18,16,0,0,0,1,9.216666666666667,16.983333333333334
USR004,2026-08-07,Manager,12,0,50,15,2,0,0,1,9.116666666666667,16.533333333333335
USR004,2026-08-10,Manager,7,0,6,18,2,0,0,1,9.066666666666666,16.766666666666666
USR004,2026-08-11,Manager,9,0,19,13,1,0,0,1,9.083333333333334,16.6
USR004,2026-08-12,Manager,11,0,74,6,2,0,0,1,9.1,16.683333333333334
USR004,2026-08-13,Manager,7,0,18,8,0,0,0,1,9.05,16.85
USR004,2026-08-14,Manager,8,0,21,10,1,0,0,1,9.2,16.866666666666667
USR004,2026-08-17,Manager,10,0,17,20,0,0,0,1,9.1,16.783333333333335
USR004,2026-08-18,Manager,9,0,3,18,1,0,0,1,9.016666666666667,16.816666666666666
USR004,2026-08-19,Manager,11,0,17,18,0,0,0,1,9.1,16.816666666666666
USR004,2026-08-20,Manager,11,0,56,17,1,0,0,1,9.2,16.75
USR004,2026-08-21,Manager,7,0,0,16,0,0,0,1,9.083333333333334,16.733333333333334
USR005,2026-08-03,CustomerService,16,0,3,47,0,0,0,1,9.033333333333333,16.666666666666668
USR005,2026-08-04,CustomerService,11,0,3,21,0,0,0,1,9.05,16.733333333333334
USR005,2026-08-05,CustomerService,12,0,2,18,0,0,0,1,9.183333333333334,16.983333333333334
USR005,2026-08-06,CustomerService,15,0,7,31,0,0,0,1,9.016666666666667,16.65
USR005,2026-08-07,CustomerService,16,0,23,28,1,0,0,1,9.016666666666667,16.916666666666668
USR005,2026-08-10,CustomerService,11,0,17,18,0,0,0,1,9.216666666666667,16.616666666666667
USR005,2026-08-11,CustomerService,16,0,30,28,2,0,0,1,9.05,16.516666666666666
USR005,2026-08-12,CustomerService,14,0,12,35,0,0,0,1,9.016666666666667,16.866666666666667
USR005,2026-08-13,CustomerService,14,0,7,24,0,0,0,1,9.3,16.933333333333334
USR005,2026-08-14,CustomerService,11,0,24,14,0,0,0,1,9.166666666666666,16.75
USR005,2026-08-17,CustomerService,13,0,17,25,0,0,0,1,9.25,16.7
USR005,2026-08-18,CustomerService,14,0,17,35,1,0,0,1,9.283333333333333,16.966666666666665
USR005,2026-08-19,CustomerService,9,0,15,11,0,0,0,1,9.25,16.833333333333332
USR005,2026-08-20,CustomerService,9,0,1,19,0,0,0,1,9.216666666666667,16.9
USR005,2026-08-21,CustomerService,9,0,6,18,0,0,0,1,9.116666666666667,16.683333333333334
USR006,2026-08-03,CustomerService,10,0,11,11,0,0,0,1,9.233333333333333,16.783333333333335
USR006,2026-08-04,CustomerService,14,0,2,20,1,0,0,1,9.1,16.816666666666666
USR006,2026-08-05,CustomerService,11,0,13,18,0,0,0,1,9.316666666666666,16.55
USR006,2026-08-06,CustomerService,9,0,16,11,0,0,0,1,9.016666666666667,16.75
USR006,2026-08-07,CustomerService,10,0,2,22,1,0,0,1,9.25,16.9
USR006,2026-08-10,CustomerService,9,0,16,11,1,0,0,1,9.333333333333334,16.966666666666665
USR006,2026-08-11,CustomerService,16,0,52,28,0,0,0,1,9.083333333333334,16.983333333333334
USR006,2026-08-12,CustomerService,15,0,0,42,0,0,0,1,9.0,16.783333333333335
USR006,2026-08-13,CustomerService,10,0,4,25,0,0,0,1,9.183333333333334,16.666666666666668
USR006,2026-08-14,CustomerService,10,0,20,15,0,0,0,1,9.183333333333334,16.516666666666666
USR006,2026-08-17,CustomerService,14,0,11,32,0,0,0,1,9.033333333333333,16.75
USR006,2026-08-18,CustomerService,14,0,8,27,0,0,0,1,9.233333333333333,16.616666666666667
USR006,2026-08-19,CustomerService,12,0,4,20,0,0,0,1,9.25,16.5
USR006,2026-08-20,CustomerService,9,0,4,18,0,0,0,1,9.116666666666667,16.6
USR006,2026-08-21,CustomerService,15,0,37,26,0,0,0,1,9.266666666666667,16.883333333333333
USR007,2026-08-03,Teller,8,0,3,18,0,0,0,1,9.083333333333334,16.983333333333334
USR007,2026-08-04,Teller,8,0,14,5,0,0,0,1,9.1,16.533333333333335
USR007,2026-08-05,Teller,10,0,8,13,0,0,0,1,9.266666666666667,16.583333333333332
USR007,2026-08-06,Teller,11,0,4,23,0,0,0,1,9.1,16.683333333333334
USR007,2026-08-07,Teller,14,0,8,34,0,0,0,1,9.316666666666666,16.883333333333333
USR007,2026-08-10,Teller,8,0,5,15,0,0,0,1,9.233333333333333,16.883333333333333
USR007,2026-08-11,Teller,13,0,12,22,1,0,0,1,9.033333333333333,16.683333333333334
USR007,2026-08-12,Teller,11,0,10,18,0,0,0,1,9.15,16.65
USR007,2026-08-13,Teller,9,0,8,9,0,0,0,1,9.133333333333333,16.766666666666666
USR007,2026-08-14,Teller,11,0,6,10,0,0,0,1,9.1,16.866666666666667
USR007,2026-08-17,Teller,10,0,10,13,0,0,0,1,9.2,16.85
USR007,2026-08-18,Teller,8,0,5,13,0,0,0,1,9.033333333333333,16.85
USR007,2026-08-19,Teller,13,0,8,27,0,0,0,1,9.016666666666667,16.9
USR007,2026-08-20,Teller,12,0,4,25,0,0,0,1,9.133333333333333,16.916666666666668
USR007,2026-08-21,Teller,9,0,3,22,0,0,0,1,9.2,16.933333333333334
USR008,2026-08-03,CustomerService,9,0,0,15,0,0,0,1,9.233333333333333,16.533333333333335
USR008,2026-08-04,CustomerService,13,0,11,33,0,0,0,1,9.2,16.983333333333334
USR008,2026-08-05,CustomerService,15,0,30,22,0,0,0,1,9.066666666666666,16.966666666666665
USR008,2026-08-06,CustomerService,15,0,18,25,1,0,0,1,9.116666666666667,16.883333333333333
USR008,2026-08-07,CustomerService,16,0,23,40,0,0,0,1,9.1,16.75
USR008,2026-08-10,CustomerService,12,0,17,14,2,0,0,1,9.083333333333334,16.6
USR008,2026-08-11,CustomerService,14,0,12,30,0,0,0,1,9.283333333333333,16.533333333333335
USR008,2026-08-12,CustomerService,13,0,2,30,0,0,0,1,9.3,16.65
USR008,2026-08-13,CustomerService,15,0,10,31,0,0,0,1,9.183333333333334,16.7
USR008,2026-08-14,CustomerService,16,0,40,28,1,0,0,1,9.15,16.716666666666665
USR008,2026-08-17,CustomerService,14,0,8,32,0,0,0,1,9.033333333333333,16.85
USR008,2026-08-18,CustomerService,14,0,25,28,1,0,0,1,9.233333333333333,16.8
USR008,2026-08-19,CustomerService,14,0,14,24,0,0,0,1,9.233333333333333,16.983333333333334
USR008,2026-08-20,CustomerService,15,0,17,34,1,0,0,1,9.016666666666667,16.566666666666666
USR008,2026-08-21,CustomerService,12,0,11,21,0,0,0,1,9.133333333333333,16.966666666666665
USR009,2026-08-03,CustomerService,11,0,4,24,0,0,0,1,9.0,16.983333333333334
USR009,2026-08-04,CustomerService,11,0,13,11,0,0,0,1,9.283333333333333,16.9
USR009,2026-08-05,CustomerService,12,0,14,25,1,0,0,1,9.166666666666666,16.95
USR009,2026-08-06,CustomerService,9,0,0,15,0,0,0,1,9.116666666666667,16.566666666666666
USR009,2026-08-07,CustomerService,12,0,7,25,0,0,0,1,9.166666666666666,16.833333333333332
USR009,2026-08-10,CustomerService,15,0,6,38,0,0,0,1,9.15,16.95
USR009,2026-08-11,CustomerService,10,0,0,27,0,0,0,1,9.283333333333333,16.883333333333333
USR009,2026-08-12,CustomerService,11,0,24,16,1,0,0,1,9.216666666666667,16.716666666666665
USR009,2026-08-13,CustomerService,16,0,6,33,0,0,0,1,9.133333333333333,16.933333333333334
USR009,2026-08-14,CustomerService,10,0,2,14,0,0,0,1,9.05,16.983333333333334
USR009,2026-08-17,CustomerService,16,0,42,25,0,0,0,1,9.083333333333334,16.7
USR009,2026-08-18,CustomerService,13,0,12,29,1,0,0,1,9.183333333333334,16.833333333333332
USR009,2026-08-19,CustomerService,16,0,16,44,0,0,0,1,9.25,16.7
USR009,2026-08-20,CustomerService,10,0,10,21,0,0,0,1,9.116666666666667,16.633333333333333
USR009,2026-08-21,CustomerService,11,0,1,21,1,0,0,1,9.05,16.616666666666667
USR010,2026-08-03,Manager,9,0,20,13,0,0,0,1,9.166666666666666,16.966666666666665
USR010,2026-08-04,Manager,11,0,36,13,1,0,0,1,9.05,16.916666666666668
USR010,2026-08-05,Manager,10,0,26,24,4,0,0,1,9.166666666666666,16.916666666666668
USR010,2026-08-06,Manager,9,0,49,16,2,0,0,1,9.05,16.816666666666666
USR010,2026-08-07,Manager,12,0,54,10,3,0,0,1,9.0,16.866666666666667
USR010,2026-08-10,Manager,10,0,28,14,1,0,0,1,9.083333333333334,16.566666666666666
USR010,2026-08-11,Manager,7,0,0,22,1,0,0,1,9.1,16.566666666666666
USR010,2026-08-12,Manager,12,0,29,21,2,0,0,1,9.183333333333334,16.583333333333332
USR010,2026-08-13,Manager,10,0,20,15,1,0,0,1,9.083333333333334,16.833333333333332
USR010,2026-08-14,Manager,10,0,57,12,2,0,0,1,9.116666666666667,16.966666666666665
USR010,2026-08-17,Manager,7,0,12,15,0,0,0,1,9.166666666666666,16.866666666666667
USR010,2026-08-18,Manager,12,0,7,30,1,0,0,1,9.016666666666667,16.883333333333333
USR010,2026-08-19,Manager,11,0,2,30,3,0,0,1,9.233333333333333,16.85
USR010,2026-08-20,Manager,8,0,13,18,1,0,0,1,9.333333333333334,16.65
USR010,2026-08-21,Manager,7,0,0,25,1,0,0,1,9.1,16.8
USR011,2026-08-03,Manager,8,0,35,12,0,0,0,1,9.316666666666666,16.866666666666667
USR011,2026-08-04,Manager,12,0,45,23,5,0,0,1,9.25,16.933333333333334
USR011,2026-08-05,Manager,8,0,17,12,1,0,0,1,9.316666666666666,16.783333333333335
USR011,2026-08-06,Manager,11,0,35,11,4,0,0,1,9.116666666666667,16.516666666666666
USR011,2026-08-07,Manager,8,0,10,15,1,0,0,1,9.1,16.983333333333334
USR011,2026-08-10,Manager,10,0,27,19,1,0,0,1,9.0,16.816666666666666
USR011,2026-08-11,Manager,7,0,28,10,1,0,0,1,9.25,16.85
USR011,2026-08-12,Manager,8,0,9,17,1,0,0,1,9.183333333333334,16.6
USR011,2026-08-13,Manager,12,0,67,13,3,0,0,1,9.0,16.816666666666666
USR011,2026-08-14,Manager,7,0,22,6,1,0,0,1,9.233333333333333,16.916666666666668
USR011,2026-08-17,Manager,11,0,5,22,1,0,0,1,9.05,16.6
USR011,2026-08-18,Manager,12,0,12,20,2,0,0,1,9.25,16.933333333333334
USR011,2026-08-19,Manager,7,0,3,8,0,0,0,1,9.133333333333333,16.983333333333334
USR011,2026-08-20,Manager,11,0,61,16,0,0,0,1,9.016666666666667,16.75
USR011,2026-08-21,Manager,9,0,27,12,2,0,0,1,9.033333333333333,16.6
USR012,2026-08-03,Manager,9,0,16,16,0,0,0,1,9.283333333333333,16.75
USR012,2026-08-04,Manager,9,0,36,5,2,0,0,1,9.183333333333334,16.85
USR012,2026-08-05,Manager,7,0,20,10,1,0,0,1,9.266666666666667,16.566666666666666
USR012,2026-08-06,Manager,7,0,6,12,0,0,0,1,9.233333333333333,16.633333333333333
USR012,2026-08-07,Manager,11,0,16,14,0,0,0,1,9.0,16.933333333333334
USR012,2026-08-10,Manager,11,0,8,27,1,0,0,1,9.0,16.716666666666665
USR012,2026-08-11,Manager,7,0,1,16,1,0,0,1,9.266666666666667,16.75
USR012,2026-08-12,Manager,12,0,21,25,1,0,0,1,9.05,16.916666666666668
USR012,2026-08-13,Manager,11,0,49,13,2,0,0,1,9.116666666666667,16.716666666666665
USR012,2026-08-14,Manager,9,0,42,13,0,0,0,1,9.0,16.633333333333333
USR012,2026-08-17,Manager,11,0,14,17,1,0,0,1,9.183333333333334,16.666666666666668
USR012,2026-08-18,Manager,7,0,30,6,0,0,0,1,9.25,16.55
USR012,2026-08-19,Manager,8,0,23,9,1,0,0,1,9.05,16.683333333333334
USR012,2026-08-20,Manager,10,0,12,14,1,0,0,1,9.2,16.95
USR012,2026-08-21,Manager,11,0,35,20,2,0,0,1,9.133333333333333,16.883333333333333
USR013,2026-08-03,Manager,11,0,0,34,1,0,0,1,9.05,16.95
USR013,2026-08-04,Manager,12,0,18,22,0,0,0,1,9.116666666666667,16.683333333333334
USR013,2026-08-05,Manager,8,0,19,14,1,0,0,1,9.116666666666667,16.916666666666668
USR013,2026-08-06,Manager,8,0,24,8,2,0,0,1,9.3,16.533333333333335
USR013,2026-08-07,Manager,9,0,16,23,2,0,0,1,9.083333333333334,16.716666666666665
USR013,2026-08-10,Manager,11,0,11,17,3,0,0,1,9.033333333333333,16.8
USR013,2026-08-11,Manager,7,0,5,14,1,0,0,1,9.25,16.866666666666667
USR013,2026-08-12,Manager,12,0,0,38,2,0,0,1,9.116666666666667,16.85
USR013,2026-08-13,Manager,10,0,1,28,3,0,0,1,9.016666666666667,16.5
USR013,2026-08-14,Manager,12,0,41,14,4,0,0,1,9.066666666666666,16.716666666666665
USR013,2026-08-17,Manager,12,0,10,28,0,0,0,1,9.316666666666666,16.616666666666667
USR013,2026-08-18,Manager,7,0,10,11,0,0,0,1,9.166666666666666,16.766666666666666
USR013,2026-08-19,Manager,9,0,28,11,2,0,0,1,9.316666666666666,16.916666666666668
USR013,2026-08-20,Manager,8,0,26,19,1,0,0,1,9.0,16.716666666666665
USR013,2026-08-21,Manager,8,0,0,17,0,0,0,1,9.15,16.883333333333333
USR014,2026-08-03,CustomerService,10,0,16,13,0,0,0,1,9.0,16.7
USR014,2026-08-04,CustomerService,10,0,14,9,0,0,0,1,9.0,16.616666666666667
USR014,2026-08-05,CustomerService,10,0,13,16,0,0,0,1,9.2,16.566666666666666
USR014,2026-08-06,CustomerService,14,0,22,16,0,0,0,1,9.033333333333333,16.883333333333333
USR014,2026-08-07,CustomerService,12,0,21,15,0,0,0,1,9.033333333333333,16.833333333333332
USR014,2026-08-10,CustomerService,10,0,6,13,1,0,0,1,9.05,16.5
USR014,2026-08-11,CustomerService,15,0,22,22,0,0,0,1,9.3,16.95
USR014,2026-08-12,CustomerService,14,0,31,17,0,0,0,1,9.15,16.633333333333333
USR014,2026-08-13,CustomerService,10,0,23,19,1,0,0,1,9.2,16.633333333333333
USR014,2026-08-14,CustomerService,9,0,15,15,1,0,0,1,9.266666666666667,16.883333333333333
USR014,2026-08-17,CustomerService,11,0,31,12,1,0,0,1,9.316666666666666,16.933333333333334
USR014,2026-08-18,CustomerService,14,0,25,25,1,0,0,1,9.266666666666667,16.666666666666668
USR014,2026-08-19,CustomerService,11,0,10,25,0,0,0,1,9.05,16.533333333333335
USR014,2026-08-20,CustomerService,13,0,22,24,0,0,0,1,9.066666666666666,16.866666666666667
USR014,2026-08-21,CustomerService,14,0,2,27,0,0,0,1,9.0,16.933333333333334
USR015,2026-08-03,CustomerService,12,0,0,32,0,0,0,1,9.0,16.75
USR015,2026-08-04,CustomerService,12,0,13,27,0,0,0,1,9.016666666666667,16.916666666666668
USR015,2026-08-05,CustomerService,9,0,4,13,0,0,0,1,9.166666666666666,16.916666666666668
USR015,2026-08-06,CustomerService,14,0,5,24,0,0,0,1,9.1,16.95
USR015,2026-08-07,CustomerService,11,0,9,26,0,0,0,1,9.116666666666667,16.733333333333334
USR015,2026-08-10,CustomerService,12,0,21,19,0,0,0,1,9.016666666666667,16.733333333333334
USR015,2026-08-11,CustomerService,14,0,10,38,0,0,0,1,9.116666666666667,16.883333333333333
USR015,2026-08-12,CustomerService,9,0,26,9,0,0,0,1,9.2,16.5
USR015,2026-08-13,CustomerService,13,0,18,23,0,0,0,1,9.3,16.55
USR015,2026-08-14,CustomerService,10,0,15,21,0,0,0,1,9.016666666666667,16.8
USR015,2026-08-17,CustomerService,14,0,7,27,0,0,0,1,9.183333333333334,16.983333333333334
USR015,2026-08-18,CustomerService,9,0,2,21,1,0,0,1,9.133333333333333,16.5
USR015,2026-08-19,CustomerService,15,0,14,36,0,0,0,1,9.116666666666667,16.7
USR015,2026-08-20,CustomerService,9,0,0,27,0,0,0,1,9.25,16.733333333333334
USR015,2026-08-21,CustomerService,11,0,6,27,1,0,0,1,9.116666666666667,16.833333333333332
USR016,2026-08-03,Teller,8,0,2,11,0,0,0,1,9.333333333333334,16.816666666666666
USR016,2026-08-04,Teller,10,0,2,22,0,0,0,1,9.1,16.616666666666667
USR016,2026-08-05,Teller,10,0,10,11,0,0,0,1,9.233333333333333,16.95
USR016,2026-08-06,Teller,14,0,13,29,0,0,0,1,9.016666666666667,16.966666666666665
USR016,2026-08-07,Teller,10,0,0,21,0,0,0,1,9.05,16.583333333333332
USR016,2026-08-10,Teller,10,0,4,17,1,0,0,1,9.266666666666667,16.866666666666667
USR016,2026-08-11,Teller,11,0,16,17,0,0,0,1,9.183333333333334,16.833333333333332
USR016,2026-08-12,Teller,10,0,2,18,0,0,0,1,9.2,16.783333333333335
USR016,2026-08-13,Teller,8,0,10,11,0,0,0,1,9.116666666666667,16.95
USR016,2026-08-14,Teller,14,0,13,25,0,0,0,1,9.15,16.833333333333332
USR016,2026-08-17,Teller,10,0,5,19,0,0,0,1,9.116666666666667,16.75
USR016,2026-08-18,Teller,13,0,12,25,0,0,0,1,9.266666666666667,16.95
USR016,2026-08-19,Teller,10,0,4,24,0,0,0,1,9.0,16.816666666666666
USR016,2026-08-20,Teller,9,0,8,13,0,0,0,1,9.283333333333333,16.866666666666667
USR016,2026-08-21,Teller,14,0,4,20,0,0,0,1,9.083333333333334,16.65
USR017,2026-08-03,Teller,9,0,10,10,0,0,0,1,9.15,16.633333333333333
USR017,2026-08-04,Teller,11,0,10,18,0,0,0,1,9.1,16.55
USR017,2026-08-05,Teller,11,0,4,25,0,0,0,1,9.216666666666667,16.866666666666667
USR017,2026-08-06,Teller,14,0,0,37,0,0,0,1,9.116666666666667,16.716666666666665
USR017,2026-08-07,Teller,10,0,9,17,0,0,0,1,9.016666666666667,16.666666666666668
USR017,2026-08-10,Teller,13,0,5,26,0,0,0,1,9.15,16.816666666666666
USR017,2026-08-11,Teller,9,0,15,4,0,0,0,1,9.2,16.9
USR017,2026-08-12,Teller,10,0,5,21,0,0,0,1,9.2,16.966666666666665
USR017,2026-08-13,Teller,10,0,16,10,0,0,0,1,9.316666666666666,16.5
USR017,2026-08-14,Teller,14,0,4,27,1,0,0,1,9.316666666666666,16.566666666666666
USR017,2026-08-17,Teller,14,0,15,22,0,0,0,1,9.116666666666667,16.95
USR017,2026-08-18,Teller,10,0,5,22,0,0,0,1,9.033333333333333,16.966666666666665
USR017,2026-08-19,Teller,12,0,8,24,0,0,0,1,9.066666666666666,16.75
USR017,2026-08-20,Teller,9,0,4,15,0,0,0,1,9.25,16.683333333333334
USR017,2026-08-21,Teller,11,0,14,16,0,0,0,1,9.133333333333333,16.616666666666667
USR018,2026-08-03,CustomerService,9,0,3,16,0,0,0,1,9.2,16.983333333333334
USR018,2026-08-04,CustomerService,14,0,31,23,1,0,0,1,9.0,16.95
USR018,2026-08-05,CustomerService,14,0,7,35,1,0,0,1,9.116666666666667,16.75
USR018,2026-08-06,CustomerService,10,0,14,16,0,0,0,1,9.133333333333333,16.8
USR018,2026-08-07,CustomerService,11,0,24,15,0,0,0,1,9.05,16.75
USR018,2026-08-10,CustomerService,12,0,13,20,0,0,0,1,9.25,16.983333333333334
USR018,2026-08-11,CustomerService,14,0,19,38,0,0,0,1,9.166666666666666,16.65
USR018,2026-08-12,CustomerService,15,0,14,31,0,0,0,1,9.066666666666666,16.933333333333334
USR018,2026-08-13,CustomerService,15,0,32,20,0,0,0,1,9.216666666666667,16.633333333333333
USR018,2026-08-14,CustomerService,9,0,15,12,0,0,0,1,9.233333333333333,16.6
USR018,2026-08-17,CustomerService,13,0,31,14,0,0,0,1,9.3,16.883333333333333
USR018,2026-08-18,CustomerService,14,0,10,29,0,0,0,1,9.183333333333334,16.816666666666666
USR018,2026-08-19,CustomerService,15,0,38,15,0,0,0,1,9.0,16.983333333333334
USR018,2026-08-20,CustomerService,10,0,5,19,0,0,0,1,9.283333333333333,16.8
USR018,2026-08-21,CustomerService,15,0,30,20,0,0,0,1,9.05,16.85
USR019,2026-08-03,Manager,12,0,57,17,4,0,0,1,9.333333333333334,16.933333333333334
USR019,2026-08-04,Manager,8,0,0,14,1,0,0,1,9.2,16.666666666666668
USR019,2026-08-05,Manager,7,0,0,13,1,0,0,1,9.233333333333333,16.55
USR019,2026-08-06,Manager,12,0,41,27,1,0,0,1,9.116666666666667,16.966666666666665
USR019,2026-08-07,Manager,8,0,32,14,2,0,0,1,9.266666666666667,16.8
USR019,2026-08-10,Manager,9,0,0,15,0,0,0,1,9.083333333333334,16.916666666666668
USR019,2026-08-11,Manager,8,0,25,16,0,0,0,1,9.133333333333333,16.683333333333334
USR019,2026-08-12,Manager,7,0,12,12,0,0,0,1,9.166666666666666,16.75
USR019,2026-08-13,Manager,8,0,13,13,1,0,0,1,9.133333333333333,16.883333333333333
USR019,2026-08-14,Manager,11,0,11,22,2,0,0,1,9.133333333333333,16.6
USR019,2026-08-17,Manager,8,0,0,17,1,0,0,1,9.25,16.766666666666666
USR019,2026-08-18,Manager,12,0,15,26,2,0,0,1,9.0,16.95
USR019,2026-08-19,Manager,8,0,6,18,1,0,0,1,9.333333333333334,16.65
USR019,2026-08-20,Manager,8,0,43,9,1,0,0,1,9.066666666666666,16.85
USR019,2026-08-21,Manager,9,0,0,22,2,0,0,1,9.3,16.683333333333334
USR020,2026-08-03,Manager,9,0,26,8,0,0,0,1,9.066666666666666,16.733333333333334
USR020,2026-08-04,Manager,8,0,0,18,2,0,0,1,9.15,16.766666666666666
USR020,2026-08-05,Manager,12,0,27,28,1,0,0,1,9.083333333333334,16.766666666666666
USR020,2026-08-06,Manager,10,0,0,21,1,0,0,1,9.083333333333334,16.933333333333334
USR020,2026-08-07,Manager,9,0,31,12,1,0,0,1,9.083333333333334,16.9
USR020,2026-08-10,Manager,7,0,28,8,2,0,0,1,9.016666666666667,16.716666666666665
USR020,2026-08-11,Manager,10,0,40,9,0,0,0,1,9.233333333333333,16.9
USR020,2026-08-12,Manager,8,0,14,20,0,0,0,1,9.15,16.716666666666665
USR020,2026-08-13,Manager,7,0,7,9,0,0,0,1,9.266666666666667,16.866666666666667
USR020,2026-08-14,Manager,8,0,20,12,2,0,0,1,9.15,16.75
USR020,2026-08-17,Manager,9,0,30,10,1,0,0,1,9.166666666666666,16.983333333333334
USR020,2026-08-18,Manager,10,0,53,10,1,0,0,1,9.266666666666667,16.8
USR020,2026-08-19,Manager,10,0,26,15,4,0,0,1,9.0,16.65
USR020,2026-08-20,Manager,12,0,11,25,1,0,0,1,9.066666666666666,16.933333333333334
USR020,2026-08-21,Manager,12,0,22,26,1,0,0,1,9.116666666666667,16.85
USR021,2026-08-03,CustomerService,15,0,24,23,0,0,0,1,9.316666666666666,16.983333333333334
USR021,2026-08-04,CustomerService,12,0,7,24,1,0,0,1,9.216666666666667,16.95
USR021,2026-08-05,CustomerService,15,0,25,29,0,0,0,1,9.316666666666666,16.516666666666666
USR021,2026-08-06,CustomerService,10,0,0,24,1,0,0,1,9.133333333333333,16.9
USR021,2026-08-07,CustomerService,9,0,25,11,0,0,0,1,9.133333333333333,16.983333333333334
USR021,2026-08-10,CustomerService,11,0,10,23,1,0,0,1,9.216666666666667,16.916666666666668
USR021,2026-08-11,CustomerService,15,0,20,33,2,0,0,1,9.233333333333333,16.5
USR021,2026-08-12,CustomerService,11,0,12,22,0,0,0,1,9.033333333333333,16.966666666666665
USR021,2026-08-13,CustomerService,15,0,23,19,0,0,0,1,9.15,16.983333333333334
USR021,2026-08-14,CustomerService,10,0,8,20,0,0,0,1,9.083333333333334,16.866666666666667
USR021,2026-08-17,CustomerService,12,0,6,30,1,0,0,1,9.166666666666666,16.7
USR021,2026-08-18,CustomerService,9,0,10,13,0,0,0,1,9.166666666666666,16.883333333333333
USR021,2026-08-19,CustomerService,9,0,0,19,0,0,0,1,9.066666666666666,16.616666666666667
USR021,2026-08-20,CustomerService,13,0,22,18,0,0,0,1,9.15,16.816666666666666
USR021,2026-08-21,CustomerService,16,0,29,18,0,0,0,1,9.016666666666667,16.8
USR022,2026-08-03,Teller,9,0,6,24,0,0,0,1,9.033333333333333,16.866666666666667
USR022,2026-08-04,Teller,13,0,0,34,0,0,0,1,9.05,16.716666666666665
USR022,2026-08-05,Teller,10,0,7,16,0,0,0,1,9.05,16.916666666666668
USR022,2026-08-06,Teller,8,0,0,20,0,0,0,1,9.266666666666667,16.616666666666667
USR022,2026-08-07,Teller,10,0,3,24,0,0,0,1,9.15,16.8
USR022,2026-08-10,Teller,9,0,4,10,0,0,0,1,9.066666666666666,16.866666666666667
USR022,2026-08-11,Teller,12,0,4,21,1,0,0,1,9.266666666666667,16.716666666666665
USR022,2026-08-12,Teller,11,0,4,28,0,0,0,1,9.05,16.783333333333335
USR022,2026-08-13,Teller,9,0,0,20,0,0,0,1,9.033333333333333,16.533333333333335
USR022,2026-08-14,Teller,13,0,6,34,1,0,0,1,9.033333333333333,16.683333333333334
USR022,2026-08-17,Teller,10,0,6,12,0,0,0,1,9.016666666666667,16.566666666666666
USR022,2026-08-18,Teller,9,0,3,17,0,0,0,1,9.033333333333333,16.85
USR022,2026-08-19,Teller,11,0,1,23,0,0,0,1,9.033333333333333,16.783333333333335
USR022,2026-08-20,Teller,12,0,11,22,0,0,0,1,9.016666666666667,16.916666666666668
USR022,2026-08-21,Teller,9,0,4,21,0,0,0,1,9.066666666666666,16.933333333333334
USR023,2026-08-03,CustomerService,12,0,16,15,0,0,0,1,9.166666666666666,16.983333333333334
USR023,2026-08-04,CustomerService,9,0,20,16,0,0,0,1,9.283333333333333,16.9
USR023,2026-08-05,CustomerService,16,0,9,49,0,0,0,1,9.316666666666666,16.7
USR023,2026-08-06,CustomerService,15,0,15,22,0,0,0,1,9.0,16.516666666666666
USR023,2026-08-07,CustomerService,12,0,29,24,1,0,0,1,9.183333333333334,16.983333333333334
USR023,2026-08-10,CustomerService,10,0,1,21,0,0,0,1,9.05,16.85
USR023,2026-08-11,CustomerService,11,0,6,24,0,0,0,1,9.266666666666667,16.683333333333334
USR023,2026-08-12,CustomerService,15,0,5,43,0,0,0,1,9.0,16.85
USR023,2026-08-13,CustomerService,15,0,10,31,1,0,0,1,9.016666666666667,16.95
USR023,2026-08-14,CustomerService,10,0,20,17,0,0,0,1,9.1,16.933333333333334
USR023,2026-08-17,CustomerService,12,0,6,31,0,0,0,1,9.016666666666667,16.583333333333332
USR023,2026-08-18,CustomerService,15,0,22,27,0,0,0,1,9.233333333333333,16.916666666666668
USR023,2026-08-19,CustomerService,14,0,21,28,0,0,0,1,9.166666666666666,16.733333333333334
USR023,2026-08-20,CustomerService,9,0,2,17,0,0,0,1,9.183333333333334,16.833333333333332
USR023,2026-08-21,CustomerService,11,0,9,16,0,0,0,1,9.25,16.8
USR024,2026-08-03,CustomerService,16,0,29,28,0,0,0,1,9.133333333333333,16.9
USR024,2026-08-04,CustomerService,14,0,3,37,0,0,0,1,9.083333333333334,16.983333333333334
USR024,2026-08-05,CustomerService,15,0,6,33,0,0,0,1,9.0,16.866666666666667
USR024,2026-08-06,CustomerService,10,0,8,16,0,0,0,1,9.333333333333334,16.916666666666668
USR024,2026-08-07,CustomerService,12,0,0,23,1,0,0,1,9.216666666666667,16.666666666666668
USR024,2026-08-10,CustomerService,12,0,9,27,0,0,0,1,9.033333333333333,16.833333333333332
USR024,2026-08-11,CustomerService,16,0,23,33,0,0,0,1,9.066666666666666,16.966666666666665
USR024,2026-08-12,CustomerService,13,0,12,29,0,0,0,1,9.133333333333333,16.833333333333332
USR024,2026-08-13,CustomerService,11,0,37,15,2,0,0,1,9.116666666666667,16.783333333333335
USR024,2026-08-14,CustomerService,12,0,10,22,0,0,0,1,9.266666666666667,16.633333333333333
USR024,2026-08-17,CustomerService,15,0,32,26,0,0,0,1,9.0,16.783333333333335
USR024,2026-08-18,CustomerService,15,0,11,34,0,0,0,1,9.283333333333333,16.616666666666667
USR024,2026-08-19,CustomerService,9,0,11,20,0,0,0,1,9.016666666666667,16.6
USR024,2026-08-20,CustomerService,11,0,9,18,0,0,0,1,9.033333333333333,16.65
USR024,2026-08-21,CustomerService,16,0,26,21,1,0,0,1,9.333333333333334,16.633333333333333
USR025,2026-08-03,CustomerService,12,0,22,21,1,0,0,1,9.283333333333333,16.8
USR025,2026-08-04,CustomerService,11,0,15,16,1,0,0,1,9.05,16.983333333333334
USR025,2026-08-05,CustomerService,12,0,7,23,0,0,0,1,9.0,16.633333333333333
USR025,2026-08-06,CustomerService,16,0,30,39,1,0,0,1,9.316666666666666,16.9
USR025,2026-08-07,CustomerService,10,0,0,21,1,0,0,1,9.133333333333333,16.933333333333334
USR025,2026-08-10,CustomerService,13,0,11,24,2,0,0,1,9.066666666666666,16.966666666666665
USR025,2026-08-11,CustomerService,10,0,22,10,0,0,0,1,9.15,16.733333333333334
USR025,2026-08-12,CustomerService,12,0,12,18,0,0,0,1,9.133333333333333,16.866666666666667
USR025,2026-08-13,CustomerService,16,0,11,36,0,0,0,1,9.016666666666667,16.6
USR025,2026-08-14,CustomerService,9,0,0,22,1,0,0,1,9.15,16.8
USR025,2026-08-17,CustomerService,9,0,10,11,0,0,0,1,9.066666666666666,16.733333333333334
USR025,2026-08-18,CustomerService,13,0,20,25,1,0,0,1,9.233333333333333,16.766666666666666
USR025,2026-08-19,CustomerService,10,0,6,20,0,0,0,1,9.083333333333334,16.733333333333334
USR025,2026-08-20,CustomerService,9,0,3,21,0,0,0,1,9.266666666666667,16.95
USR025,2026-08-21,CustomerService,11,0,9,19,0,0,0,1,9.1,16.566666666666666
USR026,2026-08-03,Teller,12,0,1,28,0,0,0,1,9.083333333333334,16.9
USR026,2026-08-04,Teller,13,0,12,23,1,0,0,1,9.1,16.616666666666667
USR026,2026-08-05,Teller,9,0,16,11,0,0,0,1,9.133333333333333,16.9
USR026,2026-08-06,Teller,9,0,5,12,0,0,0,1,9.033333333333333,16.716666666666665
USR026,2026-08-07,Teller,10,0,9,13,0,0,0,1,9.05,16.95
USR026,2026-08-10,Teller,14,0,8,29,0,0,0,1,9.033333333333333,16.9
USR026,2026-08-11,Teller,9,0,1,19,0,0,0,1,9.2,16.783333333333335
USR026,2026-08-12,Teller,8,0,1,14,0,0,0,1,9.233333333333333,16.566666666666666
USR026,2026-08-13,Teller,9,0,4,12,0,0,0,1,9.066666666666666,16.916666666666668
USR026,2026-08-14,Teller,13,0,4,27,0,0,0,1,9.25,16.85
USR026,2026-08-17,Teller,8,0,14,9,0,0,0,1,9.0,16.683333333333334
USR026,2026-08-18,Teller,14,0,11,23,1,0,0,1,9.116666666666667,16.75
USR026,2026-08-19,Teller,8,0,6,15,0,0,0,1,9.1,16.766666666666666
USR026,2026-08-20,Teller,12,0,7,27,0,0,0,1,9.266666666666667,16.9
USR026,2026-08-21,Teller,11,0,2,32,0,0,0,1,9.016666666666667,16.6
USR027,2026-08-03,Teller,12,0,5,24,0,0,0,1,9.15,16.933333333333334
USR027,2026-08-04,Teller,9,0,1,17,0,0,0,1,9.133333333333333,16.85
USR027,2026-08-05,Teller,14,0,3,41,0,0,0,1,9.216666666666667,16.766666666666666
USR027,2026-08-06,Teller,14,0,12,22,0,0,0,1,9.116666666666667,16.616666666666667
USR027,2026-08-07,Teller,12,0,15,12,0,0,0,1,9.116666666666667,16.583333333333332
USR027,2026-08-10,Teller,13,0,0,33,0,0,0,1,9.316666666666666,16.783333333333335
USR027,2026-08-11,Teller,13,0,7,23,0,0,0,1,9.116666666666667,16.866666666666667
USR027,2026-08-12,Teller,14,0,5,36,0,0,0,1,9.216666666666667,16.583333333333332
USR027,2026-08-13,Teller,14,0,11,21,0,0,0,1,9.05,16.783333333333335
USR027,2026-08-14,Teller,12,0,5,25,0,0,0,1,9.333333333333334,16.966666666666665
USR027,2026-08-17,Teller,8,0,12,11,0,0,0,1,9.316666666666666,16.766666666666666
USR027,2026-08-18,Teller,10,0,8,21,2,0,0,1,9.016666666666667,16.85
USR027,2026-08-19,Teller,12,0,7,17,1,0,0,1,9.116666666666667,16.566666666666666
USR027,2026-08-20,Teller,10,0,3,16,0,0,0,1,9.116666666666667,16.783333333333335
USR027,2026-08-21,Teller,13,0,0,36,0,0,0,1,9.0,16.766666666666666
USR028,2026-08-03,CustomerService,10,0,15,25,0,0,0,1,9.233333333333333,16.533333333333335
USR028,2026-08-04,CustomerService,12,0,23,17,0,0,0,1,9.033333333333333,16.85
USR028,2026-08-05,CustomerService,12,0,6,32,0,0,0,1,9.116666666666667,16.733333333333334
USR028,2026-08-06,CustomerService,16,0,20,32,3,0,0,1,9.3,16.95
USR028,2026-08-07,CustomerService,16,0,12,41,0,0,0,1,9.3,16.733333333333334
USR028,2026-08-10,CustomerService,11,0,15,14,0,0,0,1,9.0,16.983333333333334
USR028,2026-08-11,CustomerService,15,0,32,25,0,0,0,1,9.0,16.8
USR028,2026-08-12,CustomerService,15,0,19,29,1,0,0,1,9.033333333333333,16.733333333333334
USR028,2026-08-13,CustomerService,12,0,27,20,0,0,0,1,9.0,16.75
USR028,2026-08-14,CustomerService,11,0,7,19,0,0,0,1,9.066666666666666,16.933333333333334
USR028,2026-08-17,CustomerService,15,0,15,37,0,0,0,1,9.083333333333334,16.616666666666667
USR028,2026-08-18,CustomerService,13,0,18,18,2,0,0,1,9.133333333333333,16.883333333333333
USR028,2026-08-19,CustomerService,16,0,6,20,0,0,0,1,9.3,16.5
USR028,2026-08-20,CustomerService,15,0,1,31,0,0,0,1,9.0,16.783333333333335
USR028,2026-08-21,CustomerService,9,0,11,9,0,0,0,1,9.183333333333334,16.783333333333335
USR029,2026-08-03,Teller,13,0,6,34,0,0,0,1,9.233333333333333,16.8
USR029,2026-08-04,Teller,8,0,9,9,0,0,0,1,9.083333333333334,16.683333333333334
USR029,2026-08-05,Teller,14,0,11,17,1,0,0,1,9.05,16.95
USR029,2026-08-06,Teller,11,0,11,7,0,0,0,1,9.333333333333334,16.966666666666665
USR029,2026-08-07,Teller,9,0,8,15,0,0,0,1,9.0,16.866666666666667
USR029,2026-08-10,Teller,8,0,0,17,0,0,0,1,9.066666666666666,16.983333333333334
USR029,2026-08-11,Teller,13,0,5,23,0,0,0,1,9.05,16.9
USR029,2026-08-12,Teller,11,0,7,25,0,0,0,1,9.3,16.866666666666667
USR029,2026-08-13,Teller,13,0,11,19,1,0,0,1,9.233333333333333,16.85
USR029,2026-08-14,Teller,14,0,9,26,0,0,0,1,9.266666666666667,16.883333333333333
USR029,2026-08-17,Teller,12,0,6,17,0,0,0,1,9.216666666666667,16.983333333333334
USR029,2026-08-18,Teller,8,0,3,17,0,0,0,1,9.283333333333333,16.65
USR029,2026-08-19,Teller,14,0,9,34,1,0,0,1,9.166666666666666,16.966666666666665
USR029,2026-08-20,Teller,14,0,4,31,1,0,0,1,9.333333333333334,16.8
USR029,2026-08-21,Teller,9,0,3,15,0,0,0,1,9.0,16.95
USR030,2026-08-03,CustomerService,10,0,12,14,0,0,0,1,9.166666666666666,16.966666666666665
USR030,2026-08-04,CustomerService,15,0,21,30,2,0,0,1,9.083333333333334,16.8
USR030,2026-08-05,CustomerService,9,0,16,8,2,0,0,1,9.083333333333334,16.883333333333333
USR030,2026-08-06,CustomerService,15,0,14,24,0,0,0,1,9.016666666666667,16.55
USR030,2026-08-07,CustomerService,16,0,23,29,0,0,0,1,9.083333333333334,16.65
USR030,2026-08-10,CustomerService,15,0,40,15,0,0,0,1,9.05,16.783333333333335
USR030,2026-08-11,CustomerService,11,0,14,22,0,0,0,1,9.066666666666666,16.85
USR030,2026-08-12,CustomerService,9,0,0,25,0,0,0,1,9.233333333333333,16.783333333333335
USR030,2026-08-13,CustomerService,10,0,8,22,0,0,0,1,9.116666666666667,16.8
USR030,2026-08-14,CustomerService,10,0,0,29,0,0,0,1,9.016666666666667,16.816666666666666
USR030,2026-08-17,CustomerService,14,0,10,27,1,0,0,1,9.3,16.683333333333334
USR030,2026-08-18,CustomerService,9,0,10,17,0,0,0,1,9.116666666666667,16.833333333333332
USR030,2026-08-19,CustomerService,10,0,22,14,0,0,0,1,9.066666666666666,16.983333333333334
USR030,2026-08-20,CustomerService,15,0,24,32,3,0,0,1,9.3,16.916666666666668
USR030,2026-08-21,CustomerService,14,0,31,19,1,0,0,1,9.0,16.65
USR031,2026-08-03,Teller,13,0,5,24,0,0,0,1,9.2,16.666666666666668
USR031,2026-08-04,Teller,10,0,4,23,0,0,0,1,9.05,16.783333333333335
USR031,2026-08-05,Teller,9,0,5,15,0,0,0,1,9.0,16.533333333333335
USR031,2026-08-06,Teller,13,0,10,23,0,0,0,1,9.1,16.566666666666666
USR031,2026-08-07,Teller,8,0,4,12,0,0,0,1,9.133333333333333,16.8
USR031,2026-08-10,Teller,12,0,10,17,0,0,0,1,9.016666666666667,16.966666666666665
USR031,2026-08-11,Teller,14,0,7,24,0,0,0,1,9.15,16.633333333333333
USR031,2026-08-12,Teller,9,0,7,14,0,0,0,1,9.183333333333334,16.883333333333333
USR031,2026-08-13,Teller,14,0,2,33,0,0,0,1,9.25,16.966666666666665
USR031,2026-08-14,Teller,10,0,15,13,0,0,0,1,9.133333333333333,16.6
USR031,2026-08-17,Teller,8,0,0,20,0,0,0,1,9.1,16.966666666666665
USR031,2026-08-18,Teller,10,0,17,10,0,0,0,1,9.25,16.916666666666668
USR031,2026-08-19,Teller,10,0,2,16,1,0,0,1,9.033333333333333,16.583333333333332
USR031,2026-08-20,Teller,9,0,9,13,0,0,0,1,9.333333333333334,16.6
USR031,2026-08-21,Teller,9,0,11,10,0,0,0,1,9.283333333333333,16.5
USR032,2026-08-03,Teller,10,0,6,15,0,0,0,1,9.233333333333333,16.566666666666666
USR032,2026-08-04,Teller,12,0,12,24,0,0,0,1,9.1,16.633333333333333
USR032,2026-08-05,Teller,13,0,7,32,0,0,0,1,9.066666666666666,16.866666666666667
USR032,2026-08-06,Teller,14,0,17,26,0,0,0,1,9.033333333333333,16.716666666666665
USR032,2026-08-07,Teller,10,0,12,14,0,0,0,1,9.25,16.883333333333333
USR032,2026-08-10,Teller,12,0,17,15,0,0,0,1,9.033333333333333,16.733333333333334
USR032,2026-08-11,Teller,13,0,5,26,0,0,0,1,9.116666666666667,16.8
USR032,2026-08-12,Teller,8,0,8,7,0,0,0,1,9.15,16.666666666666668
USR032,2026-08-13,Teller,10,0,2,16,0,0,0,1,9.283333333333333,16.966666666666665
USR032,2026-08-14,Teller,11,0,6,21,0,0,0,1,9.05,16.716666666666665
USR032,2026-08-17,Teller,11,0,8,17,0,0,0,1,9.066666666666666,16.966666666666665
USR032,2026-08-18,Teller,9,0,8,14,1,0,0,1,9.016666666666667,16.9
USR032,2026-08-19,Teller,13,0,9,26,0,0,0,1,9.15,16.666666666666668
USR032,2026-08-20,Teller,8,0,6,8,0,0,0,1,9.033333333333333,16.583333333333332
USR032,2026-08-21,Teller,8,0,2,11,0,0,0,1,9.1,16.6
USR033,2026-08-03,Manager,8,0,4,16,1,0,0,1,9.066666666666666,16.916666666666668
USR033,2026-08-04,Manager,8,0,9,22,0,0,0,1,9.1,16.783333333333335
USR033,2026-08-05,Manager,12,0,54,18,1,0,0,1,9.333333333333334,16.75
USR033,2026-08-06,Manager,8,0,15,14,1,0,0,1,9.3,16.95
USR033,2026-08-07,Manager,12,0,35,25,0,0,0,1,9.116666666666667,16.566666666666666
USR033,2026-08-10,Manager,11,0,35,18,1,0,0,1,9.116666666666667,16.783333333333335
USR033,2026-08-11,Manager,9,0,6,5,2,0,0,1,9.05,16.966666666666665
USR033,2026-08-12,Manager,11,0,12,19,2,0,0,1,9.133333333333333,16.566666666666666
USR033,2026-08-13,Manager,10,0,25,12,2,0,0,1,9.283333333333333,16.633333333333333
USR033,2026-08-14,Manager,9,0,15,13,1,0,0,1,9.133333333333333,16.733333333333334
USR033,2026-08-17,Manager,10,0,50,9,1,0,0,1,9.0,16.883333333333333
USR033,2026-08-18,Manager,7,0,0,16,2,0,0,1,9.05,16.866666666666667
USR033,2026-08-19,Manager,8,0,1,14,0,0,0,1,9.05,16.616666666666667
USR033,2026-08-20,Manager,7,0,0,16,1,0,0,1,9.15,16.733333333333334
USR033,2026-08-21,Manager,11,0,11,22,1,0,0,1,9.283333333333333,16.833333333333332
USR034,2026-08-03,CustomerService,15,0,17,26,0,0,0,1,9.166666666666666,16.916666666666668
USR034,2026-08-04,CustomerService,13,0,14,25,0,0,0,1,9.166666666666666,16.9
USR034,2026-08-05,CustomerService,12,0,10,32,0,0,0,1,9.05,16.5
USR034,2026-08-06,CustomerService,13,0,25,16,0,0,0,1,9.05,16.95
USR034,2026-08-07,CustomerService,13,0,18,25,0,0,0,1,9.066666666666666,16.883333333333333
USR034,2026-08-10,CustomerService,12,0,18,25,1,0,0,1,9.183333333333334,16.966666666666665
USR034,2026-08-11,CustomerService,11,0,4,31,1,0,0,1,9.0,16.9
USR034,2026-08-12,CustomerService,9,0,0,23,2,0,0,1,9.1,16.983333333333334
USR034,2026-08-13,CustomerService,13,0,15,32,0,0,0,1,9.1,16.7
USR034,2026-08-14,CustomerService,16,0,28,32,0,0,0,1,9.15,16.866666666666667
USR034,2026-08-17,CustomerService,12,0,19,18,1,0,0,1,9.25,16.866666666666667
USR034,2026-08-18,CustomerService,16,0,32,29,1,0,0,1,9.0,16.516666666666666
USR034,2026-08-19,CustomerService,15,0,12,33,0,0,0,1,9.033333333333333,16.633333333333333
USR034,2026-08-20,CustomerService,11,0,4,23,0,0,0,1,9.083333333333334,16.933333333333334
USR034,2026-08-21,CustomerService,10,0,11,10,0,0,0,1,9.216666666666667,16.65
USR035,2026-08-03,CustomerService,9,0,14,16,0,0,0,1,9.183333333333334,16.983333333333334
USR035,2026-08-04,CustomerService,14,0,11,31,0,0,0,1,9.2,16.833333333333332
USR035,2026-08-05,CustomerService,11,0,15,14,1,0,0,1,9.0,16.916666666666668
USR035,2026-08-06,CustomerService,13,0,21,24,0,0,0,1,9.333333333333334,16.9
USR035,2026-08-07,CustomerService,12,0,16,21,0,0,0,1,9.316666666666666,16.55
USR035,2026-08-10,CustomerService,12,0,19,24,0,0,0,1,9.15,16.85
USR035,2026-08-11,CustomerService,14,0,11,31,1,0,0,1,9.15,16.733333333333334
USR035,2026-08-12,CustomerService,10,0,0,25,0,0,0,1,9.116666666666667,16.966666666666665
USR035,2026-08-13,CustomerService,12,0,18,26,0,0,0,1,9.033333333333333,16.85
USR035,2026-08-14,CustomerService,16,0,1,46,1,0,0,1,9.233333333333333,16.766666666666666
USR035,2026-08-17,CustomerService,15,0,16,41,1,0,0,1,9.05,16.866666666666667
USR035,2026-08-18,CustomerService,15,0,33,20,1,0,0,1,9.266666666666667,16.783333333333335
USR035,2026-08-19,CustomerService,16,0,22,27,1,0,0,1,9.216666666666667,16.833333333333332
USR035,2026-08-20,CustomerService,15,0,4,25,0,0,0,1,9.166666666666666,16.966666666666665
USR035,2026-08-21,CustomerService,11,0,9,12,0,0,0,1,9.333333333333334,16.683333333333334
USR036,2026-08-03,Manager,12,0,23,27,1,0,0,1,9.066666666666666,16.55
USR036,2026-08-04,Manager,9,0,11,22,2,0,0,1,9.333333333333334,16.516666666666666
USR036,2026-08-05,Manager,9,0,14,17,2,0,0,1,9.166666666666666,16.833333333333332
USR036,2026-08-06,Manager,8,0,0,22,0,0,0,1,9.283333333333333,16.716666666666665
USR036,2026-08-07,Manager,9,0,20,17,1,0,0,1,9.183333333333334,16.916666666666668
USR036,2026-08-10,Manager,11,0,61,17,2,0,0,1,9.283333333333333,16.883333333333333
USR036,2026-08-11,Manager,12,0,6,27,1,0,0,1,9.0,16.833333333333332
USR036,2026-08-12,Manager,8,0,19,16,0,0,0,1,9.216666666666667,16.7
USR036,2026-08-13,Manager,7,0,18,4,1,0,0,1,9.25,16.75
USR036,2026-08-14,Manager,10,0,63,6,1,0,0,1,9.016666666666667,16.816666666666666
USR036,2026-08-17,Manager,9,0,41,8,0,0,0,1,9.0,16.683333333333334
USR036,2026-08-18,Manager,9,0,3,15,1,0,0,1,9.116666666666667,16.75
USR036,2026-08-19,Manager,10,0,34,13,2,0,0,1,9.233333333333333,16.683333333333334
USR036,2026-08-20,Manager,8,0,28,14,2,0,0,1,9.033333333333333,16.533333333333335
USR036,2026-08-21,Manager,12,0,4,31,1,0,0,1,9.15,16.883333333333333
USR037,2026-08-03,Teller,14,0,5,31,0,0,0,1,9.033333333333333,16.55
USR037,2026-08-04,Teller,13,0,11,24,0,0,0,1,9.283333333333333,16.783333333333335
USR037,2026-08-05,Teller,11,0,9,28,0,0,0,1,9.183333333333334,16.966666666666665
USR037,2026-08-06,Teller,10,0,11,6,0,0,0,1,9.316666666666666,16.983333333333334
USR037,2026-08-07,Teller,11,0,11,17,0,0,0,1,9.133333333333333,16.883333333333333
USR037,2026-08-10,Teller,14,0,7,26,0,0,0,1,9.216666666666667,16.966666666666665
USR037,2026-08-11,Teller,11,0,0,23,0,0,0,1,9.083333333333334,16.683333333333334
USR037,2026-08-12,Teller,9,0,4,22,0,0,0,1,9.066666666666666,16.816666666666666
USR037,2026-08-13,Teller,11,0,10,20,1,0,0,1,9.166666666666666,16.816666666666666
USR037,2026-08-14,Teller,14,0,10,24,0,0,0,1,9.0,16.883333333333333
USR037,2026-08-17,Teller,10,0,3,20,0,0,0,1,9.1,16.916666666666668
USR037,2026-08-18,Teller,11,0,0,32,0,0,0,1,9.183333333333334,16.766666666666666
USR037,2026-08-19,Teller,11,0,6,18,0,0,0,1,9.05,16.783333333333335
USR037,2026-08-20,Teller,9,0,5,20,0,0,0,1,9.2,16.933333333333334
USR037,2026-08-21,Teller,11,0,8,20,0,0,0,1,9.066666666666666,16.55
USR038,2026-08-03,Manager,12,0,23,22,3,0,0,1,9.283333333333333,16.933333333333334
USR038,2026-08-04,Manager,11,0,41,17,3,0,0,1,9.05,16.65
USR038,2026-08-05,Manager,9,0,4,17,1,0,0,1,9.066666666666666,16.783333333333335
USR038,2026-08-06,Manager,10,0,0,32,2,0,0,1,9.266666666666667,16.866666666666667
USR038,2026-08-07,Manager,11,0,17,28,2,0,0,1,9.2,16.916666666666668
USR038,2026-08-10,Manager,12,0,30,24,0,0,0,1,9.233333333333333,16.716666666666665
USR038,2026-08-11,Manager,10,0,60,13,2,0,0,1,9.166666666666666,16.933333333333334
USR038,2026-08-12,Manager,8,0,0,18,1,0,0,1,9.2,16.633333333333333
USR038,2026-08-13,Manager,10,0,13,28,2,0,0,1,9.133333333333333,16.966666666666665
USR038,2026-08-14,Manager,11,0,48,12,0,0,0,1,9.066666666666666,16.583333333333332
USR038,2026-08-17,Manager,7,0,4,8,0,0,0,1,9.3,16.966666666666665
USR038,2026-08-18,Manager,9,0,20,19,1,0,0,1,9.25,16.65
USR038,2026-08-19,Manager,12,0,1,25,3,0,0,1,9.116666666666667,16.533333333333335
USR038,2026-08-20,Manager,8,0,12,13,0,0,0,1,9.216666666666667,16.9
USR038,2026-08-21,Manager,10,0,0,35,0,0,0,1,9.333333333333334,16.65
USR039,2026-08-03,Teller,13,0,5,29,0,0,0,1,9.216666666666667,16.983333333333334
USR039,2026-08-04,Teller,14,0,3,29,0,0,0,1,9.25,16.85
USR039,2026-08-05,Teller,11,0,5,19,0,0,0,1,9.133333333333333,16.783333333333335
USR039,2026-08-06,Teller,8,0,0,20,0,0,0,1,9.25,16.816666666666666
USR039,2026-08-07,Teller,14,0,6,32,0,0,0,1,9.1,16.883333333333333
USR039,2026-08-10,Teller,14,0,6,31,0,0,0,1,9.0,16.816666666666666
USR039,2026-08-11,Teller,9,0,5,17,0,0,0,1,9.283333333333333,16.95
USR039,2026-08-12,Teller,12,0,10,14,0,0,0,1,9.183333333333334,16.616666666666667
USR039,2026-08-13,Teller,9,0,6,14,0,0,0,1,9.016666666666667,16.966666666666665
USR039,2026-08-14,Teller,8,0,3,10,0,0,0,1,9.15,16.8
USR039,2026-08-17,Teller,11,0,6,18,0,0,0,1,9.15,16.983333333333334
USR039,2026-08-18,Teller,14,0,12,20,0,0,0,1,9.033333333333333,16.733333333333334
USR039,2026-08-19,Teller,8,0,9,5,0,0,0,1,9.133333333333333,16.533333333333335
USR039,2026-08-20,Teller,12,0,9,16,0,0,0,1,9.0,16.633333333333333
USR039,2026-08-21,Teller,8,0,2,9,0,0,0,1,9.316666666666666,16.816666666666666
USR040,2026-08-03,Manager,10,0,59,6,0,0,0,1,9.083333333333334,16.733333333333334
USR040,2026-08-04,Manager,10,0,10,17,2,0,0,1,9.016666666666667,16.816666666666666
USR040,2026-08-05,Manager,7,0,9,7,1,0,0,1,9.05,16.95
USR040,2026-08-06,Manager,7,0,12,13,0,0,0,1,9.116666666666667,16.666666666666668
USR040,2026-08-07,Manager,7,0,23,5,1,0,0,1,9.15,16.983333333333334
USR040,2026-08-10,Manager,11,0,14,21,0,0,0,1,9.333333333333334,16.966666666666665
USR040,2026-08-11,Manager,8,0,27,10,1,0,0,1,9.15,16.583333333333332
USR040,2026-08-12,Manager,10,0,23,14,1,0,0,1,9.2,16.966666666666665
USR040,2026-08-13,Manager,10,0,14,19,0,0,0,1,9.333333333333334,16.583333333333332
USR040,2026-08-14,Manager,10,0,21,14,2,0,0,1,9.0,16.6
USR040,2026-08-17,Manager,7,0,0,18,0,0,0,1,9.216666666666667,16.616666666666667
USR040,2026-08-18,Manager,10,0,23,20,2,0,0,1,9.05,16.933333333333334
USR040,2026-08-19,Manager,12,0,7,27,3,0,0,1,9.0,16.633333333333333
USR040,2026-08-20,Manager,11,0,18,23,4,0,0,1,9.183333333333334,16.616666666666667
USR040,2026-08-21,Manager,11,0,22,20,2,0,0,1,9.283333333333333,16.95
USR041,2026-08-03,Manager,12,0,19,35,1,0,0,1,9.266666666666667,16.716666666666665
USR041,2026-08-04,Manager,12,0,11,29,1,0,0,1,9.333333333333334,16.533333333333335
USR041,2026-08-05,Manager,12,0,31,18,3,0,0,1,9.066666666666666,16.533333333333335
USR041,2026-08-06,Manager,8,0,5,14,2,0,0,1,9.333333333333334,16.716666666666665
USR041,2026-08-07,Manager,10,0,50,13,1,0,0,1,9.166666666666666,16.716666666666665
USR041,2026-08-10,Manager,10,0,22,14,1,0,0,1,9.333333333333334,16.966666666666665
USR041,2026-08-11,Manager,8,0,45,14,0,0,0,1,9.083333333333334,16.683333333333334
USR041,2026-08-12,Manager,11,0,7,18,1,0,0,1,9.266666666666667,16.633333333333333
USR041,2026-08-13,Manager,10,0,16,17,0,0,0,1,9.0,16.733333333333334
USR041,2026-08-14,Manager,12,0,28,17,2,0,0,1,9.0,16.866666666666667
USR041,2026-08-17,Manager,8,0,30,11,1,0,0,1,9.083333333333334,16.733333333333334
USR041,2026-08-18,Manager,7,0,13,15,0,0,0,1,9.15,16.65
USR041,2026-08-19,Manager,12,0,20,28,3,0,0,1,9.316666666666666,16.883333333333333
USR041,2026-08-20,Manager,12,0,20,23,3,0,0,1,9.1,16.966666666666665
USR041,2026-08-21,Manager,9,0,11,18,1,0,0,1,9.133333333333333,16.766666666666666
USR042,2026-08-03,Manager,9,0,14,15,0,0,0,1,9.066666666666666,16.916666666666668
USR042,2026-08-04,Manager,12,0,16,26,1,0,0,1,9.333333333333334,16.933333333333334
USR042,2026-08-05,Manager,9,0,6,21,3,0,0,1,9.316666666666666,16.866666666666667
USR042,2026-08-06,Manager,8,0,11,10,0,0,0,1,9.166666666666666,16.516666666666666
USR042,2026-08-07,Manager,9,0,21,16,1,0,0,1,9.133333333333333,16.783333333333335
USR042,2026-08-10,Manager,9,0,14,19,1,0,0,1,9.033333333333333,16.933333333333334
USR042,2026-08-11,Manager,12,0,19,26,4,0,0,1,9.3,16.983333333333334
USR042,2026-08-12,Manager,9,0,0,27,0,0,0,1,9.2,16.833333333333332
USR042,2026-08-13,Manager,8,0,0,13,2,0,0,1,9.266666666666667,16.966666666666665
USR042,2026-08-14,Manager,7,0,1,11,1,0,0,1,9.15,16.966666666666665
USR042,2026-08-17,Manager,9,0,15,15,0,0,0,1,9.066666666666666,16.766666666666666
USR042,2026-08-18,Manager,8,0,7,16,0,0,0,1,9.033333333333333,16.75
USR042,2026-08-19,Manager,9,0,19,11,1,0,0,1,9.016666666666667,16.933333333333334
USR042,2026-08-20,Manager,12,0,39,19,2,0,0,1,9.2,16.95
USR042,2026-08-21,Manager,10,0,35,19,0,0,0,1,9.0,16.6
USR043,2026-08-03,CustomerService,12,0,1,22,1,0,0,1,9.333333333333334,16.55
USR043,2026-08-04,CustomerService,13,0,7,19,0,0,0,1,9.0,16.866666666666667
USR043,2026-08-05,CustomerService,16,0,18,30,2,0,0,1,9.0,16.933333333333334
USR043,2026-08-06,CustomerService,12,0,16,26,0,0,0,1,9.216666666666667,16.983333333333334
USR043,2026-08-07,CustomerService,15,0,31,32,0,0,0,1,9.066666666666666,16.9
USR043,2026-08-10,CustomerService,15,0,37,22,1,0,0,1,9.083333333333334,16.766666666666666
USR043,2026-08-11,CustomerService,10,0,6,19,0,0,0,1,9.083333333333334,16.633333333333333
USR043,2026-08-12,CustomerService,15,0,10,28,1,0,0,1,9.233333333333333,16.633333333333333
USR043,2026-08-13,CustomerService,12,0,13,22,0,0,0,1,9.233333333333333,16.966666666666665
USR043,2026-08-14,CustomerService,15,0,24,29,0,0,0,1,9.233333333333333,16.6
USR043,2026-08-17,CustomerService,15,0,13,36,1,0,0,1,9.2,16.916666666666668
USR043,2026-08-18,CustomerService,12,0,25,26,0,0,0,1,9.1,16.816666666666666
USR043,2026-08-19,CustomerService,14,0,19,27,1,0,0,1,9.216666666666667,16.766666666666666
USR043,2026-08-20,CustomerService,14,0,0,42,0,0,0,1,9.166666666666666,16.9
USR043,2026-08-21,CustomerService,13,0,2,28,0,0,0,1,9.1,16.616666666666667
USR044,2026-08-03,Teller,12,0,9,26,0,0,0,1,9.166666666666666,16.516666666666666
USR044,2026-08-04,Teller,14,0,17,25,0,0,0,1,9.216666666666667,16.566666666666666
USR044,2026-08-05,Teller,14,0,7,21,0,0,0,1,9.0,16.866666666666667
USR044,2026-08-06,Teller,9,0,7,17,0,0,0,1,9.066666666666666,16.933333333333334
USR044,2026-08-07,Teller,9,0,10,14,0,0,0,1,9.033333333333333,16.666666666666668
USR044,2026-08-10,Teller,10,0,9,20,1,0,0,1,9.15,16.783333333333335
USR044,2026-08-11,Teller,12,0,7,22,1,0,0,1,9.083333333333334,16.616666666666667
USR044,2026-08-12,Teller,10,0,6,20,0,0,0,1,9.15,16.65
USR044,2026-08-13,Teller,9,0,0,27,0,0,0,1,9.266666666666667,16.9
USR044,2026-08-14,Teller,9,0,0,24,0,0,0,1,9.233333333333333,16.683333333333334
USR044,2026-08-17,Teller,9,0,9,11,0,0,0,1,9.05,16.666666666666668
USR044,2026-08-18,Teller,11,0,4,31,0,0,0,1,9.3,16.633333333333333
USR044,2026-08-19,Teller,12,0,11,23,0,0,0,1,9.083333333333334,16.55
USR044,2026-08-20,Teller,10,0,9,18,0,0,0,1,9.333333333333334,16.95
USR044,2026-08-21,Teller,10,0,6,17,0,0,0,1,9.216666666666667,16.85
USR045,2026-08-03,Manager,9,0,9,17,0,0,0,1,9.2,16.55
USR045,2026-08-04,Manager,7,0,14,16,0,0,0,1,9.183333333333334,16.95
USR045,2026-08-05,Manager,12,0,32,18,2,0,0,1,9.183333333333334,16.916666666666668
USR045,2026-08-06,Manager,12,0,70,15,1,0,0,1,9.333333333333334,16.85
USR045,2026-08-07,Manager,9,0,0,23,0,0,0,1,9.233333333333333,16.966666666666665
USR045,2026-08-10,Manager,11,0,0,29,4,0,0,1,9.016666666666667,16.55
USR045,2026-08-11,Manager,12,0,24,18,1,0,0,1,9.066666666666666,16.766666666666666
USR045,2026-08-12,Manager,8,0,17,17,1,0,0,1,9.166666666666666,16.883333333333333
USR045,2026-08-13,Manager,11,0,38,15,2,0,0,1,9.0,16.75
USR045,2026-08-14,Manager,12,0,27,18,2,0,0,1,9.016666666666667,16.683333333333334
USR045,2026-08-17,Manager,11,0,27,23,2,0,0,1,9.166666666666666,16.616666666666667
USR045,2026-08-18,Manager,11,0,33,17,0,0,0,1,9.183333333333334,16.7
USR045,2026-08-19,Manager,12,0,35,30,0,0,0,1,9.116666666666667,16.816666666666666
USR045,2026-08-20,Manager,8,0,17,20,0,0,0,1,9.166666666666666,16.75
USR045,2026-08-21,Manager,8,0,12,18,1,0,0,1,9.066666666666666,16.966666666666665
USR046,2026-08-03,Teller,13,0,8,29,0,0,0,1,9.2,16.866666666666667
USR046,2026-08-04,Teller,9,0,3,17,1,0,0,1,9.1,16.95
USR046,2026-08-05,Teller,8,0,4,8,0,0,0,1,9.05,16.65
USR046,2026-08-06,Teller,14,0,4,35,0,0,0,1,9.116666666666667,16.783333333333335
USR046,2026-08-07,Teller,14,0,2,28,1,0,0,1,9.25,16.733333333333334
USR046,2026-08-10,Teller,8,0,5,17,0,0,0,1,9.016666666666667,16.533333333333335
USR046,2026-08-11,Teller,12,0,9,19,0,0,0,1,9.2,16.716666666666665
USR046,2026-08-12,Teller,12,0,10,26,0,0,0,1,9.0,16.983333333333334
USR046,2026-08-13,Teller,14,0,16,16,0,0,0,1,9.216666666666667,16.75
USR046,2026-08-14,Teller,9,0,10,16,0,0,0,1,9.283333333333333,16.733333333333334
USR046,2026-08-17,Teller,11,0,11,16,0,0,0,1,9.333333333333334,16.683333333333334
USR046,2026-08-18,Teller,9,0,6,13,0,0,0,1,9.1,16.816666666666666
USR046,2026-08-19,Teller,12,0,1,25,0,0,0,1,9.316666666666666,16.983333333333334
USR046,2026-08-20,Teller,10,0,0,18,0,0,0,1,9.316666666666666,16.7
USR046,2026-08-21,Teller,13,0,8,31,0,0,0,1,9.133333333333333,16.966666666666665
USR047,2026-08-03,Manager,10,0,18,19,0,0,0,1,9.15,16.983333333333334
USR047,2026-08-04,Manager,12,0,16,24,2,0,0,1,9.0,16.95
USR047,2026-08-05,Manager,7,0,3,11,0,0,0,1,9.033333333333333,16.966666666666665
USR047,2026-08-06,Manager,11,0,28,22,0,0,0,1,9.266666666666667,16.716666666666665
USR047,2026-08-07,Manager,8,0,0,17,1,0,0,1,9.216666666666667,16.5
USR047,2026-08-10,Manager,10,0,15,23,2,0,0,1,9.316666666666666,16.966666666666665
USR047,2026-08-11,Manager,7,0,34,6,0,0,0,1,9.066666666666666,16.966666666666665
USR047,2026-08-12,Manager,12,0,7,22,2,0,0,1,9.016666666666667,16.916666666666668
USR047,2026-08-13,Manager,9,0,24,13,1,0,0,1,9.066666666666666,16.883333333333333
USR047,2026-08-14,Manager,9,0,8,20,1,0,0,1,9.233333333333333,16.883333333333333
USR047,2026-08-17,Manager,12,0,23,21,0,0,0,1,9.333333333333334,16.866666666666667
USR047,2026-08-18,Manager,12,0,42,13,1,0,0,1,9.3,16.766666666666666
USR047,2026-08-19,Manager,10,0,17,12,1,0,0,1,9.233333333333333,16.7
USR047,2026-08-20,Manager,11,0,4,19,2,0,0,1,9.016666666666667,16.883333333333333
USR047,2026-08-21,Manager,12,0,20,28,1,0,0,1,9.2,16.783333333333335
USR048,2026-08-03,CustomerService,9,0,23,8,0,0,0,1,9.183333333333334,16.516666666666666
USR048,2026-08-04,CustomerService,9,0,6,24,0,0,0,1,9.216666666666667,16.516666666666666
USR048,2026-08-05,CustomerService,12,0,5,24,0,0,0,1,9.3,16.866666666666667
USR048,2026-08-06,CustomerService,11,0,8,17,0,0,0,1,9.15,16.766666666666666
USR048,2026-08-07,CustomerService,13,0,16,30,0,0,0,1,9.25,16.8
USR048,2026-08-10,CustomerService,10,0,0,20,1,0,0,1,9.116666666666667,16.983333333333334
USR048,2026-08-11,CustomerService,16,0,11,34,1,0,0,1,9.2,16.85
USR048,2026-08-12,CustomerService,13,0,17,22,0,0,0,1,9.1,16.916666666666668
USR048,2026-08-13,CustomerService,16,0,16,35,0,0,0,1,9.2,16.916666666666668
USR048,2026-08-14,CustomerService,10,0,22,16,0,0,0,1,9.2,16.85
USR048,2026-08-17,CustomerService,14,0,16,32,1,0,0,1,9.25,16.783333333333335
USR048,2026-08-18,CustomerService,11,0,19,17,0,0,0,1,9.183333333333334,16.6
USR048,2026-08-19,CustomerService,9,0,20,4,0,0,0,1,9.3,16.733333333333334
USR048,2026-08-20,CustomerService,12,0,28,21,0,0,0,1,9.266666666666667,16.8
USR048,2026-08-21,CustomerService,12,0,20,19,0,0,0,1,9.2,16.7
USR049,2026-08-03,Teller,8,0,3,18,0,0,0,1,9.283333333333333,16.633333333333333
USR049,2026-08-04,Teller,10,0,7,10,0,0,0,1,9.0,16.733333333333334
USR049,2026-08-05,Teller,14,0,8,28,0,0,0,1,9.016666666666667,16.633333333333333
USR049,2026-08-06,Teller,14,0,13,26,0,0,0,1,9.1,16.983333333333334
USR049,2026-08-07,Teller,14,0,16,27,1,0,0,1,9.033333333333333,16.683333333333334
USR049,2026-08-10,Teller,8,0,6,11,0,0,0,1,9.1,16.916666666666668
USR049,2026-08-11,Teller,9,0,10,14,0,0,0,1,9.05,16.916666666666668
USR049,2026-08-12,Teller,11,0,5,30,0,0,0,1,9.333333333333334,16.966666666666665
USR049,2026-08-13,Teller,8,0,2,19,0,0,0,1,9.133333333333333,16.783333333333335
USR049,2026-08-14,Teller,8,0,2,14,0,0,0,1,9.0,16.55
USR049,2026-08-17,Teller,12,0,9,17,0,0,0,1,9.283333333333333,16.966666666666665
USR049,2026-08-18,Teller,14,0,6,35,0,0,0,1,9.016666666666667,16.833333333333332
USR049,2026-08-19,Teller,14,0,8,23,0,0,0,1,9.133333333333333,16.783333333333335
USR049,2026-08-20,Teller,12,0,1,29,0,0,0,1,9.066666666666666,16.616666666666667
USR049,2026-08-21,Teller,13,0,8,24,0,0,0,1,9.283333333333333,16.866666666666667
USR050,2026-08-03,Manager,8,0,19,11,1,0,0,1,9.233333333333333,16.566666666666666
USR050,2026-08-04,Manager,11,0,29,17,0,0,0,1,9.116666666666667,16.883333333333333
USR050,2026-08-05,Manager,9,0,0,25,0,0,0,1,9.333333333333334,16.583333333333332
USR050,2026-08-06,Manager,12,0,47,19,2,0,0,1,9.133333333333333,16.7
USR050,2026-08-07,Manager,12,0,44,16,1,0,0,1,9.05,16.7
USR050,2026-08-10,Manager,11,0,65,9,2,0,0,1,9.2,16.883333333333333
USR050,2026-08-11,Manager,7,0,28,7,0,0,0,1,9.25,16.85
USR050,2026-08-12,Manager,10,0,33,19,1,0,0,1,9.233333333333333,16.983333333333334
USR050,2026-08-13,Manager,9,0,15,19,1,0,0,1,9.083333333333334,16.95
USR050,2026-08-14,Manager,9,0,0,22,3,0,0,1,9.266666666666667,16.5
USR050,2026-08-17,Manager,8,0,25,15,3,0,0,1,9.2,16.65
USR050,2026-08-18,Manager,7,0,36,6,3,0,0,1,9.15,16.7
USR050,2026-08-19,Manager,9,0,0,21,0,0,0,1,9.15,16.7
USR050,2026-08-20,Manager,7,0,25,4,1,0,0,1,9.133333333333333,16.8
USR050,2026-08-21,Manager,7,0,12,17,0,0,0,1,9.15,16.85
USR051,2026-08-03,Manager,7,0,22,12,1,0,0,1,9.016666666666667,16.8
USR051,2026-08-04,Manager,10,0,8,16,1,0,0,1,9.25,16.95
USR051,2026-08-05,Manager,9,0,42,16,2,0,0,1,9.133333333333333,16.616666666666667
USR051,2026-08-06,Manager,12,0,55,13,2,0,0,1,9.216666666666667,16.583333333333332
USR051,2026-08-07,Manager,11,0,24,12,0,0,0,1,9.183333333333334,16.916666666666668
USR051,2026-08-10,Manager,7,0,11,9,1,0,0,1,9.15,16.933333333333334
USR051,2026-08-11,Manager,7,0,20,8,0,0,0,1,9.283333333333333,16.65
USR051,2026-08-12,Manager,8,0,11,13,0,0,0,1,9.25,16.716666666666665
USR051,2026-08-13,Manager,7,0,5,12,1,0,0,1,9.233333333333333,16.666666666666668
USR051,2026-08-14,Manager,9,0,22,13,2,0,0,1,9.05,16.733333333333334
USR051,2026-08-17,Manager,10,0,28,24,2,0,0,1,9.25,16.566666666666666
USR051,2026-08-18,Manager,12,0,27,20,0,0,0,1,9.0,16.633333333333333
USR051,2026-08-19,Manager,11,0,15,22,0,0,0,1,9.033333333333333,16.9
USR051,2026-08-20,Manager,8,0,8,9,2,0,0,1,9.3,16.85
USR051,2026-08-21,Manager,9,0,22,14,1,0,0,1,9.3,16.583333333333332
USR052,2026-08-03,Manager,10,0,55,12,1,0,0,1,9.1,16.633333333333333
USR052,2026-08-04,Manager,9,0,34,8,2,0,0,1,9.016666666666667,16.916666666666668
USR052,2026-08-05,Manager,12,0,42,18,1,0,0,1,9.15,16.7
USR052,2026-08-06,Manager,12,0,32,24,0,0,0,1,9.1,16.716666666666665
USR052,2026-08-07,Manager,7,0,0,17,0,0,0,1,9.266666666666667,16.816666666666666
USR052,2026-08-10,Manager,9,0,18,11,2,0,0,1,9.083333333333334,16.7
USR052,2026-08-11,Manager,12,0,18,23,1,0,0,1,9.15,16.9
USR052,2026-08-12,Manager,10,0,19,28,1,0,0,1,9.2,16.65
USR052,2026-08-13,Manager,8,0,0,15,1,0,0,1,9.2,16.85
USR052,2026-08-14,Manager,9,0,27,16,1,0,0,1,9.0,16.8
USR052,2026-08-17,Manager,8,0,5,18,0,0,0,1,9.05,16.65
USR052,2026-08-18,Manager,7,0,11,7,0,0,0,1,9.15,16.9
USR052,2026-08-19,Manager,12,0,21,23,0,0,0,1,9.133333333333333,16.7
USR052,2026-08-20,Manager,7,0,0,17,0,0,0,1,9.2,16.716666666666665
USR052,2026-08-21,Manager,9,0,37,12,1,0,0,1,9.216666666666667,16.866666666666667
USR053,2026-08-03,Teller,12,0,7,28,0,0,0,1,9.133333333333333,16.933333333333334
USR053,2026-08-04,Teller,11,0,20,17,0,0,0,1,9.266666666666667,16.9
USR053,2026-08-05,Teller,10,0,9,12,0,0,0,1,9.0,16.866666666666667
USR053,2026-08-06,Teller,11,0,13,24,0,0,0,1,9.316666666666666,16.733333333333334
USR053,2026-08-07,Teller,13,0,14,18,0,0,0,1,9.1,16.8
USR053,2026-08-10,Teller,10,0,14,9,0,0,0,1,9.033333333333333,16.833333333333332
USR053,2026-08-11,Teller,10,0,6,13,0,0,0,1,9.0,16.883333333333333
USR053,2026-08-12,Teller,13,0,11,21,0,0,0,1,9.183333333333334,16.933333333333334
USR053,2026-08-13,Teller,12,0,6,23,0,0,0,1,9.033333333333333,16.666666666666668
USR053,2026-08-14,Teller,12,0,5,20,0,0,0,1,9.2,16.516666666666666
USR053,2026-08-17,Teller,14,0,10,36,1,0,0,1,9.233333333333333,16.55
USR053,2026-08-18,Teller,13,0,5,28,0,0,0,1,9.1,16.583333333333332
USR053,2026-08-19,Teller,12,0,3,19,0,0,0,1,9.066666666666666,16.883333333333333
USR053,2026-08-20,Teller,14,0,9,27,0,0,0,1,9.233333333333333,16.8
USR053,2026-08-21,Teller,13,0,10,19,0,0,0,1,9.116666666666667,16.65
USR054,2026-08-03,Manager,12,0,9,25,2,0,0,1,9.0,16.95
USR054,2026-08-04,Manager,9,0,36,11,0,0,0,1,9.016666666666667,16.5
USR054,2026-08-05,Manager,10,0,27,17,0,0,0,1,9.25,16.883333333333333
USR054,2026-08-06,Manager,10,0,53,7,2,0,0,1,9.0,16.916666666666668
USR054,2026-08-07,Manager,9,0,24,19,1,0,0,1,9.016666666666667,16.7
USR054,2026-08-10,Manager,11,0,10,22,3,0,0,1,9.05,16.866666666666667
USR054,2026-08-11,Manager,12,0,16,32,0,0,0,1,9.066666666666666,16.666666666666668
USR054,2026-08-12,Manager,12,0,66,8,1,0,0,1,9.2,16.6
USR054,2026-08-13,Manager,9,0,49,11,0,0,0,1,9.25,16.75
USR054,2026-08-14,Manager,10,0,55,14,0,0,0,1,9.116666666666667,16.683333333333334
USR054,2026-08-17,Manager,7,0,16,13,1,0,0,1,9.2,16.533333333333335
USR054,2026-08-18,Manager,8,0,7,10,0,0,0,1,9.3,16.766666666666666
USR054,2026-08-19,Manager,11,0,64,13,0,0,0,1,9.25,16.8
USR054,2026-08-20,Manager,8,0,28,10,0,0,0,1,9.183333333333334,16.866666666666667
USR054,2026-08-21,Manager,7,0,19,7,0,0,0,1,9.283333333333333,16.783333333333335
USR055,2026-08-03,CustomerService,16,0,20,37,0,0,0,1,9.083333333333334,16.566666666666666
USR055,2026-08-04,CustomerService,10,0,15,15,1,0,0,1,9.15,16.816666666666666
USR055,2026-08-05,CustomerService,14,0,22,32,0,0,0,1,9.116666666666667,16.55
USR055,2026-08-06,CustomerService,9,0,3,21,0,0,0,1,9.116666666666667,16.516666666666666
USR055,2026-08-07,CustomerService,9,0,5,17,0,0,0,1,9.283333333333333,16.916666666666668
USR055,2026-08-10,CustomerService,12,0,4,21,0,0,0,1,9.05,16.633333333333333
USR055,2026-08-11,CustomerService,14,0,20,31,1,0,0,1,9.066666666666666,16.666666666666668
USR055,2026-08-12,CustomerService,15,0,16,25,1,0,0,1,9.2,16.95
USR055,2026-08-13,CustomerService,12,0,1,33,0,0,0,1,9.083333333333334,16.9
USR055,2026-08-14,CustomerService,10,0,1,20,1,0,0,1,9.216666666666667,16.55
USR055,2026-08-17,CustomerService,11,0,9,26,0,0,0,1,9.05,16.75
USR055,2026-08-18,CustomerService,9,0,1,15,1,0,0,1,9.183333333333334,16.95
USR055,2026-08-19,CustomerService,11,0,10,19,0,0,0,1,9.216666666666667,16.683333333333334
USR055,2026-08-20,CustomerService,14,0,5,27,0,0,0,1,9.316666666666666,16.733333333333334
USR055,2026-08-21,CustomerService,12,0,8,27,0,0,0,1,9.233333333333333,16.65
USR056,2026-08-03,Teller,13,0,5,20,0,0,0,1,9.016666666666667,16.9
USR056,2026-08-04,Teller,12,0,11,24,0,0,0,1,9.133333333333333,16.783333333333335
USR056,2026-08-05,Teller,9,0,7,14,0,0,0,1,9.183333333333334,16.7
USR056,2026-08-06,Teller,8,0,5,13,0,0,0,1,9.266666666666667,16.983333333333334
USR056,2026-08-07,Teller,9,0,0,19,0,0,0,1,9.083333333333334,16.516666666666666
USR056,2026-08-10,Teller,12,0,5,22,0,0,0,1,9.233333333333333,16.7
USR056,2026-08-11,Teller,10,0,0,21,0,0,0,1,9.3,16.833333333333332
USR056,2026-08-12,Teller,9,0,4,15,0,0,0,1,9.316666666666666,16.933333333333334
USR056,2026-08-13,Teller,12,0,8,25,0,0,0,1,9.266666666666667,16.783333333333335
USR056,2026-08-14,Teller,13,0,2,21,0,0,0,1,9.166666666666666,16.816666666666666
USR056,2026-08-17,Teller,11,0,9,18,1,0,0,1,9.116666666666667,16.95
USR056,2026-08-18,Teller,8,0,1,17,0,0,0,1,9.333333333333334,16.766666666666666
USR056,2026-08-19,Teller,10,0,3,18,0,0,0,1,9.1,16.533333333333335
USR056,2026-08-20,Teller,11,0,4,28,0,0,0,1,9.333333333333334,16.9
USR056,2026-08-21,Teller,13,0,19,18,0,0,0,1,9.25,16.983333333333334
USR057,2026-08-03,Manager,12,0,45,23,1,0,0,1,9.016666666666667,16.866666666666667
USR057,2026-08-04,Manager,11,0,16,27,3,0,0,1,9.316666666666666,16.983333333333334
USR057,2026-08-05,Manager,10,0,59,16,1,0,0,1,9.333333333333334,16.916666666666668
USR057,2026-08-06,Manager,7,0,5,14,1,0,0,1,9.1,16.85
USR057,2026-08-07,Manager,8,0,12,12,0,0,0,1,9.066666666666666,16.8
USR057,2026-08-10,Manager,7,0,14,14,0,0,0,1,9.183333333333334,16.883333333333333
USR057,2026-08-11,Manager,8,0,2,21,1,0,0,1,9.25,16.616666666666667
USR057,2026-08-12,Manager,8,0,56,3,0,0,0,1,9.233333333333333,16.55
USR057,2026-08-13,Manager,10,0,15,16,1,0,0,1,9.166666666666666,16.933333333333334
USR057,2026-08-14,Manager,10,0,10,19,1,0,0,1,9.116666666666667,16.5
USR057,2026-08-17,Manager,10,0,24,18,2,0,0,1,9.0,16.916666666666668
USR057,2026-08-18,Manager,10,0,9,24,0,0,0,1,9.25,16.75
USR057,2026-08-19,Manager,9,0,12,14,2,0,0,1,9.166666666666666,16.633333333333333
USR057,2026-08-20,Manager,10,0,14,26,1,0,0,1,9.016666666666667,16.966666666666665
USR057,2026-08-21,Manager,7,0,14,10,1,0,0,1,9.0,16.966666666666665
USR058,2026-08-03,Manager,8,0,9,14,2,0,0,1,9.183333333333334,16.716666666666665
USR058,2026-08-04,Manager,12,0,26,27,2,0,0,1,9.05,16.95
USR058,2026-08-05,Manager,11,0,49,20,1,0,0,1,9.016666666666667,16.916666666666668
USR058,2026-08-06,Manager,9,0,34,9,1,0,0,1,9.0,16.766666666666666
USR058,2026-08-07,Manager,7,0,16,13,2,0,0,1,9.116666666666667,16.883333333333333
USR058,2026-08-10,Manager,11,0,19,15,0,0,0,1,9.05,16.65
USR058,2026-08-11,Manager,8,0,0,18,1,0,0,1,9.05,16.7
USR058,2026-08-12,Manager,12,0,35,17,2,0,0,1,9.016666666666667,16.6
USR058,2026-08-13,Manager,7,0,17,10,0,0,0,1,9.266666666666667,16.966666666666665
USR058,2026-08-14,Manager,11,0,13,18,0,0,0,1,9.216666666666667,16.966666666666665
USR058,2026-08-17,Manager,8,0,25,8,1,0,0,1,9.283333333333333,16.866666666666667
USR058,2026-08-18,Manager,10,0,19,16,2,0,0,1,9.116666666666667,16.933333333333334
USR058,2026-08-19,Manager,10,0,34,11,1,0,0,1,9.0,16.55
USR058,2026-08-20,Manager,11,0,26,25,1,0,0,1,9.116666666666667,16.566666666666666
USR058,2026-08-21,Manager,10,0,22,12,0,0,0,1,9.05,16.516666666666666
USR059,2026-08-03,CustomerService,15,0,32,26,1,0,0,1,9.05,16.916666666666668
USR059,2026-08-04,CustomerService,15,0,28,26,0,0,0,1,9.033333333333333,16.533333333333335
USR059,2026-08-05,CustomerService,14,0,16,26,1,0,0,1,9.0,16.833333333333332
USR059,2026-08-06,CustomerService,15,0,17,40,0,0,0,1,9.0,16.6
USR059,2026-08-07,CustomerService,16,0,30,19,0,0,0,1,9.033333333333333,16.733333333333334
USR059,2026-08-10,CustomerService,16,0,11,31,0,0,0,1,9.166666666666666,16.733333333333334
USR059,2026-08-11,CustomerService,13,0,28,18,1,0,0,1,9.2,16.75
USR059,2026-08-12,CustomerService,9,0,23,15,0,0,0,1,9.05,16.616666666666667
USR059,2026-08-13,CustomerService,16,0,49,21,0,0,0,1,9.0,16.783333333333335
USR059,2026-08-14,CustomerService,12,0,15,24,1,0,0,1,9.033333333333333,16.716666666666665
USR059,2026-08-17,CustomerService,15,0,27,21,0,0,0,1,9.333333333333334,16.75
USR059,2026-08-18,CustomerService,14,0,7,24,0,0,0,1,9.283333333333333,16.683333333333334
USR059,2026-08-19,CustomerService,9,0,17,19,1,0,0,1,9.0,16.566666666666666
USR059,2026-08-20,CustomerService,15,0,23,29,0,0,0,1,9.066666666666666,16.983333333333334
USR059,2026-08-21,CustomerService,13,0,24,23,0,0,0,1,9.133333333333333,16.833333333333332
USR060,2026-08-03,Manager,11,0,35,13,2,0,0,1,9.283333333333333,16.8
USR060,2026-08-04,Manager,9,0,30,18,2,0,0,1,9.25,16.95
USR060,2026-08-05,Manager,11,0,19,16,2,0,0,1,9.066666666666666,16.633333333333333
USR060,2026-08-06,Manager,9,0,16,16,1,0,0,1,9.033333333333333,16.75
USR060,2026-08-07,Manager,7,0,17,4,1,0,0,1,9.116666666666667,16.85
USR060,2026-08-10,Manager,9,0,0,17,1,0,0,1,9.266666666666667,16.55
USR060,2026-08-11,Manager,7,0,0,13,2,0,0,1,9.133333333333333,16.966666666666665
USR060,2026-08-12,Manager,12,0,27,28,1,0,0,1,9.15,16.666666666666668
USR060,2026-08-13,Manager,9,0,15,15,0,0,0,1,9.15,16.85
USR060,2026-08-14,Manager,8,0,17,6,1,0,0,1,9.033333333333333,16.65
USR060,2026-08-17,Manager,8,0,27,8,0,0,0,1,9.283333333333333,16.966666666666665
USR060,2026-08-18,Manager,11,0,19,33,2,0,0,1,9.3,16.65
USR060,2026-08-19,Manager,7,0,38,8,1,0,0,1,9.0,16.8
USR060,2026-08-20,Manager,9,0,18,21,0,0,0,1,9.05,16.9
USR060,2026-08-21,Manager,12,0,44,17,2,0,0,1,9.066666666666666,16.55
USR061,2026-08-03,Manager,8,0,31,14,1,0,0,1,9.0,16.516666666666666
USR061,2026-08-04,Manager,9,0,14,20,0,0,0,1,9.05,16.533333333333335
USR061,2026-08-05,Manager,10,0,10,22,1,0,0,1,9.1,16.85
USR061,2026-08-06,Manager,7,0,19,6,1,0,0,1,9.116666666666667,16.8
USR061,2026-08-07,Manager,7,0,17,14,0,0,0,1,9.3,16.616666666666667
USR061,2026-08-10,Manager,11,0,18,24,4,0,0,1,9.216666666666667,16.783333333333335
USR061,2026-08-11,Manager,11,0,27,22,0,0,0,1,9.333333333333334,16.933333333333334
USR061,2026-08-12,Manager,12,0,15,28,2,0,0,1,9.233333333333333,16.733333333333334
USR061,2026-08-13,Manager,10,0,6,19,1,0,0,1,9.0,16.7
USR061,2026-08-14,Manager,7,0,1,12,0,0,0,1,9.0,16.633333333333333
USR061,2026-08-17,Manager,7,0,18,13,0,0,0,1,9.2,16.65
USR061,2026-08-18,Manager,9,0,0,27,1,0,0,1,9.05,16.583333333333332
USR061,2026-08-19,Manager,10,0,54,8,1,0,0,1,9.166666666666666,16.916666666666668
USR061,2026-08-20,Manager,8,0,19,4,0,0,0,1,9.05,16.65
USR061,2026-08-21,Manager,11,0,5,18,1,0,0,1,9.05,16.783333333333335
USR062,2026-08-03,Manager,10,0,40,14,0,0,0,1,9.25,16.816666666666666
USR062,2026-08-04,Manager,8,0,20,15,0,0,0,1,9.216666666666667,16.95
USR062,2026-08-05,Manager,11,0,3,23,1,0,0,1,9.266666666666667,16.616666666666667
USR062,2026-08-06,Manager,10,0,30,13,3,0,0,1,9.166666666666666,16.616666666666667
USR062,2026-08-07,Manager,9,0,1,17,0,0,0,1,9.066666666666666,16.883333333333333
USR062,2026-08-10,Manager,7,0,0,13,0,0,0,1,9.133333333333333,16.716666666666665
USR062,2026-08-11,Manager,10,0,0,22,1,0,0,1,9.333333333333334,16.583333333333332
USR062,2026-08-12,Manager,12,0,8,27,1,0,0,1,9.166666666666666,16.85
USR062,2026-08-13,Manager,12,0,25,17,3,0,0,1,9.166666666666666,16.816666666666666
USR062,2026-08-14,Manager,7,0,26,10,0,0,0,1,9.333333333333334,16.85
USR062,2026-08-17,Manager,7,0,30,8,2,0,0,1,9.05,16.55
USR062,2026-08-18,Manager,10,0,18,19,0,0,0,1,9.2,16.833333333333332
USR062,2026-08-19,Manager,10,0,18,21,1,0,0,1,9.0,16.983333333333334
USR062,2026-08-20,Manager,9,0,14,7,0,0,0,1,9.166666666666666,16.9
USR062,2026-08-21,Manager,9,0,33,7,4,0,0,1,9.083333333333334,16.983333333333334
USR063,2026-08-03,CustomerService,10,0,7,19,0,0,0,1,9.15,16.883333333333333
USR063,2026-08-04,CustomerService,12,0,6,25,1,0,0,1,9.333333333333334,16.55
USR063,2026-08-05,CustomerService,16,0,21,32,0,0,0,1,9.216666666666667,16.916666666666668
USR063,2026-08-06,CustomerService,10,0,14,23,1,0,0,1,9.233333333333333,16.783333333333335
USR063,2026-08-07,CustomerService,15,0,26,19,0,0,0,1,9.05,16.516666666666666
USR063,2026-08-10,CustomerService,12,0,6,30,1,0,0,1,9.0,16.666666666666668
USR063,2026-08-11,CustomerService,16,0,6,38,0,0,0,1,9.1,16.8
USR063,2026-08-12,CustomerService,11,0,9,25,0,0,0,1,9.166666666666666,16.766666666666666
USR063,2026-08-13,CustomerService,13,0,8,25,1,0,0,1,9.0,16.766666666666666
USR063,2026-08-14,CustomerService,13,0,50,4,0,0,0,1,9.0,16.65
USR063,2026-08-17,CustomerService,13,0,21,20,0,0,0,1,9.05,16.733333333333334
USR063,2026-08-18,CustomerService,13,0,20,33,0,0,0,1,9.333333333333334,16.95
USR063,2026-08-19,CustomerService,10,0,16,17,0,0,0,1,9.1,16.5
USR063,2026-08-20,CustomerService,16,0,8,27,0,0,0,1,9.333333333333334,16.766666666666666
USR063,2026-08-21,CustomerService,9,0,1,15,0,0,0,1,9.25,16.5
USR064,2026-08-03,CustomerService,9,0,2,17,1,0,0,1,9.183333333333334,16.916666666666668
USR064,2026-08-04,CustomerService,15,0,9,29,2,0,0,1,9.116666666666667,16.6
USR064,2026-08-05,CustomerService,10,0,9,19,1,0,0,1,9.2,16.766666666666666
USR064,2026-08-06,CustomerService,12,0,6,31,0,0,0,1,9.116666666666667,16.733333333333334
USR064,2026-08-07,CustomerService,14,0,9,36,1,0,0,1,9.266666666666667,16.9
USR064,2026-08-10,CustomerService,11,0,8,21,0,0,0,1,9.216666666666667,16.516666666666666
USR064,2026-08-11,CustomerService,10,0,17,13,0,0,0,1,9.316666666666666,16.833333333333332
USR064,2026-08-12,CustomerService,11,0,17,12,1,0,0,1,9.016666666666667,16.833333333333332
USR064,2026-08-13,CustomerService,13,0,12,16,0,0,0,1,9.05,16.65
USR064,2026-08-14,CustomerService,15,0,12,27,0,0,0,1,9.0,16.75
USR064,2026-08-17,CustomerService,16,0,25,25,0,0,0,1,9.25,16.716666666666665
USR064,2026-08-18,CustomerService,14,0,21,24,0,0,0,1,9.0,16.666666666666668
USR064,2026-08-19,CustomerService,12,0,8,18,0,0,0,1,9.25,16.766666666666666
USR064,2026-08-20,CustomerService,12,0,27,19,1,0,0,1,9.066666666666666,16.866666666666667
USR064,2026-08-21,CustomerService,14,0,22,20,1,0,0,1,9.266666666666667,16.933333333333334
USR065,2026-08-03,Manager,7,0,17,10,1,0,0,1,9.016666666666667,16.966666666666665
USR065,2026-08-04,Manager,11,0,10,21,0,0,0,1,9.3,16.566666666666666
USR065,2026-08-05,Manager,12,0,19,20,2,0,0,1,9.316666666666666,16.833333333333332
USR065,2026-08-06,Manager,10,0,13,26,3,0,0,1,9.033333333333333,16.983333333333334
USR065,2026-08-07,Manager,12,0,29,19,1,0,0,1,9.316666666666666,16.583333333333332
USR065,2026-08-10,Manager,11,0,20,23,0,0,0,1,9.016666666666667,16.95
USR065,2026-08-11,Manager,9,0,53,8,0,0,0,1,9.316666666666666,16.883333333333333
USR065,2026-08-12,Manager,12,0,42,15,2,0,0,1,9.266666666666667,16.916666666666668
USR065,2026-08-13,Manager,8,0,20,12,0,0,0,1,9.316666666666666,16.6
USR065,2026-08-14,Manager,8,0,10,16,0,0,0,1,9.05,16.85
USR065,2026-08-17,Manager,9,0,7,19,2,0,0,1,9.316666666666666,16.983333333333334
USR065,2026-08-18,Manager,8,0,6,12,0,0,0,1,9.1,16.95
USR065,2026-08-19,Manager,7,0,0,15,1,0,0,1,9.05,16.5
USR065,2026-08-20,Manager,12,0,0,27,3,0,0,1,9.166666666666666,16.5
USR065,2026-08-21,Manager,7,0,0,19,1,0,0,1,9.05,16.916666666666668
USR066,2026-08-03,Manager,8,0,7,21,0,0,0,1,9.116666666666667,16.55
USR066,2026-08-04,Manager,7,0,0,18,0,0,0,1,9.033333333333333,16.933333333333334
USR066,2026-08-05,Manager,9,0,3,22,1,0,0,1,9.2,16.55
USR066,2026-08-06,Manager,12,0,0,31,3,0,0,1,9.116666666666667,16.983333333333334
USR066,2026-08-07,Manager,12,0,12,25,3,0,0,1,9.066666666666666,16.716666666666665
USR066,2026-08-10,Manager,8,0,13,12,0,0,0,1,9.283333333333333,16.95
USR066,2026-08-11,Manager,7,0,0,16,1,0,0,1,9.066666666666666,16.983333333333334
USR066,2026-08-12,Manager,8,0,29,12,2,0,0,1,9.05,16.566666666666666
USR066,2026-08-13,Manager,10,0,34,15,1,0,0,1,9.066666666666666,16.85
USR066,2026-08-14,Manager,12,0,17,30,3,0,0,1,9.183333333333334,16.7
USR066,2026-08-17,Manager,12,0,28,26,0,0,0,1,9.083333333333334,16.583333333333332
USR066,2026-08-18,Manager,12,0,28,25,1,0,0,1,9.25,16.683333333333334
USR066,2026-08-19,Manager,11,0,6,18,2,0,0,1,9.183333333333334,16.883333333333333
USR066,2026-08-20,Manager,11,0,8,26,4,0,0,1,9.133333333333333,16.7
USR066,2026-08-21,Manager,10,0,35,12,1,0,0,1,9.25,16.95
USR067,2026-08-03,CustomerService,15,0,21,27,0,0,0,1,9.083333333333334,16.983333333333334
USR067,2026-08-04,CustomerService,15,0,16,22,0,0,0,1,9.25,16.983333333333334
USR067,2026-08-05,CustomerService,10,0,7,20,0,0,0,1,9.133333333333333,16.75
USR067,2026-08-06,CustomerService,14,0,0,41,1,0,0,1,9.25,16.833333333333332
USR067,2026-08-07,CustomerService,10,0,13,20,0,0,0,1,9.216666666666667,16.633333333333333
USR067,2026-08-10,CustomerService,10,0,9,16,0,0,0,1,9.183333333333334,16.783333333333335
USR067,2026-08-11,CustomerService,15,0,18,27,0,0,0,1,9.133333333333333,16.733333333333334
USR067,2026-08-12,CustomerService,10,0,0,23,2,0,0,1,9.1,16.666666666666668
USR067,2026-08-13,CustomerService,11,0,14,27,0,0,0,1,9.183333333333334,16.95
USR067,2026-08-14,CustomerService,10,0,7,16,0,0,0,1,9.2,16.783333333333335
USR067,2026-08-17,CustomerService,16,0,25,31,0,0,0,1,9.233333333333333,16.933333333333334
USR067,2026-08-18,CustomerService,15,0,3,33,0,0,0,1,9.266666666666667,16.75
USR067,2026-08-19,CustomerService,14,0,19,21,0,0,0,1,9.0,16.6
USR067,2026-08-20,CustomerService,14,0,29,22,0,0,0,1,9.183333333333334,16.833333333333332
USR067,2026-08-21,CustomerService,11,0,22,16,0,0,0,1,9.283333333333333,16.85
USR068,2026-08-03,Teller,12,0,2,27,0,0,0,1,9.133333333333333,16.95
USR068,2026-08-04,Teller,11,0,3,19,0,0,0,1,9.15,16.716666666666665
USR068,2026-08-05,Teller,13,0,5,30,0,0,0,1,9.333333333333334,16.85
USR068,2026-08-06,Teller,11,0,9,13,1,0,0,1,9.25,16.583333333333332
USR068,2026-08-07,Teller,10,0,2,23,0,0,0,1,9.083333333333334,16.983333333333334
USR068,2026-08-10,Teller,13,0,8,24,0,0,0,1,9.333333333333334,16.7
USR068,2026-08-11,Teller,12,0,13,23,0,0,0,1,9.133333333333333,16.816666666666666
USR068,2026-08-12,Teller,9,0,12,9,0,0,0,1,9.066666666666666,16.683333333333334
USR068,2026-08-13,Teller,14,0,19,17,0,0,0,1,9.3,16.933333333333334
USR068,2026-08-14,Teller,10,0,0,21,0,0,0,1,9.216666666666667,16.583333333333332
USR068,2026-08-17,Teller,8,0,5,12,0,0,0,1,9.083333333333334,16.7
USR068,2026-08-18,Teller,14,0,8,31,0,0,0,1,9.066666666666666,16.883333333333333
USR068,2026-08-19,Teller,14,0,6,30,0,0,0,1,9.266666666666667,16.983333333333334
USR068,2026-08-20,Teller,9,0,2,24,0,0,0,1,9.216666666666667,16.816666666666666
USR068,2026-08-21,Teller,9,0,5,16,0,0,0,1,9.133333333333333,16.75
USR069,2026-08-03,Teller,9,0,8,11,0,0,0,1,9.15,16.833333333333332
USR069,2026-08-04,Teller,10,0,2,26,0,0,0,1,9.033333333333333,16.616666666666667
USR069,2026-08-05,Teller,14,0,13,19,0,0,0,1,9.3,16.683333333333334
USR069,2026-08-06,Teller,13,0,12,23,0,0,0,1,9.183333333333334,16.966666666666665
USR069,2026-08-07,Teller,9,0,5,20,0,0,0,1,9.183333333333334,16.633333333333333
USR069,2026-08-10,Teller,10,0,9,20,0,0,0,1,9.066666666666666,16.983333333333334
USR069,2026-08-11,Teller,13,0,5,26,0,0,0,1,9.033333333333333,16.55
USR069,2026-08-12,Teller,10,0,0,34,1,0,0,1,9.066666666666666,16.516666666666666
USR069,2026-08-13,Teller,11,0,4,25,1,0,0,1,9.0,16.883333333333333
USR069,2026-08-14,Teller,11,0,1,21,0,0,0,1,9.3,16.616666666666667
USR069,2026-08-17,Teller,13,0,12,24,0,0,0,1,9.05,16.666666666666668
USR069,2026-08-18,Teller,10,0,0,29,0,0,0,1,9.2,16.833333333333332
USR069,2026-08-19,Teller,14,0,15,23,0,0,0,1,9.05,16.666666666666668
USR069,2026-08-20,Teller,12,0,14,13,0,0,0,1,9.016666666666667,16.55
USR069,2026-08-21,Teller,14,0,11,25,0,0,0,1,9.116666666666667,16.883333333333333
USR070,2026-08-03,Manager,10,0,0,21,2,0,0,1,9.183333333333334,16.85
USR070,2026-08-04,Manager,9,0,23,15,0,0,0,1,9.1,16.85
USR070,2026-08-05,Manager,7,0,22,9,2,0,0,1,9.1,16.916666666666668
USR070,2026-08-06,Manager,11,0,41,15,3,0,0,1,9.316666666666666,16.933333333333334
USR070,2026-08-07,Manager,12,0,10,28,3,0,0,1,9.0,16.716666666666665
USR070,2026-08-10,Manager,7,0,0,17,3,0,0,1,9.216666666666667,16.6
USR070,2026-08-11,Manager,10,0,7,19,3,0,0,1,9.0,16.933333333333334
USR070,2026-08-12,Manager,12,0,12,32,0,0,0,1,9.216666666666667,16.716666666666665
USR070,2026-08-13,Manager,7,0,17,11,0,0,0,1,9.25,16.716666666666665
USR070,2026-08-14,Manager,9,0,23,14,2,0,0,1,9.166666666666666,16.65
USR070,2026-08-17,Manager,10,0,34,15,2,0,0,1,9.25,16.866666666666667
USR070,2026-08-18,Manager,12,0,20,33,1,0,0,1,9.083333333333334,16.733333333333334
USR070,2026-08-19,Manager,9,0,33,19,1,0,0,1,9.316666666666666,16.516666666666666
USR070,2026-08-20,Manager,10,0,15,22,0,0,0,1,9.233333333333333,16.633333333333333
USR070,2026-08-21,Manager,7,0,0,11,0,0,0,1,9.116666666666667,16.583333333333332
USR071,2026-08-03,Teller,9,0,12,9,0,0,0,1,9.116666666666667,16.616666666666667
USR071,2026-08-04,Teller,9,0,10,11,0,0,0,1,9.033333333333333,16.916666666666668
USR071,2026-08-05,Teller,11,0,8,19,1,0,0,1,9.0,16.733333333333334
USR071,2026-08-06,Teller,9,0,3,15,0,0,0,1,9.3,16.866666666666667
USR071,2026-08-07,Teller,13,0,9,36,0,0,0,1,9.183333333333334,16.866666666666667
USR071,2026-08-10,Teller,12,0,17,16,0,0,0,1,9.216666666666667,16.533333333333335
USR071,2026-08-11,Teller,8,0,11,7,0,0,0,1,9.283333333333333,16.816666666666666
USR071,2026-08-12,Teller,14,0,16,30,0,0,0,1,9.283333333333333,16.55
USR071,2026-08-13,Teller,11,0,13,11,0,0,0,1,9.016666666666667,16.8
USR071,2026-08-14,Teller,11,0,0,21,0,0,0,1,9.0,16.716666666666665
USR071,2026-08-17,Teller,13,0,23,22,0,0,0,1,9.05,16.733333333333334
USR071,2026-08-18,Teller,12,0,4,24,0,0,0,1,9.033333333333333,16.733333333333334
USR071,2026-08-19,Teller,12,0,5,24,1,0,0,1,9.066666666666666,16.833333333333332
USR071,2026-08-20,Teller,14,0,15,20,0,0,0,1,9.033333333333333,16.883333333333333
USR071,2026-08-21,Teller,9,0,8,13,0,0,0,1,9.166666666666666,16.85
USR072,2026-08-03,CustomerService,14,0,14,27,0,0,0,1,9.033333333333333,16.966666666666665
USR072,2026-08-04,CustomerService,13,0,18,24,2,0,0,1,9.116666666666667,16.533333333333335
USR072,2026-08-05,CustomerService,13,0,17,26,1,0,0,1,9.1,16.9
USR072,2026-08-06,CustomerService,13,0,10,25,0,0,0,1,9.0,16.933333333333334
USR072,2026-08-07,CustomerService,11,0,12,17,0,0,0,1,9.15,16.683333333333334
USR072,2026-08-10,CustomerService,11,0,14,23,0,0,0,1,9.083333333333334,16.9
USR072,2026-08-11,CustomerService,13,0,7,28,0,0,0,1,9.166666666666666,16.816666666666666
USR072,2026-08-12,CustomerService,11,0,18,21,0,0,0,1,9.133333333333333,16.733333333333334
USR072,2026-08-13,CustomerService,11,0,13,20,1,0,0,1,9.116666666666667,16.816666666666666
USR072,2026-08-14,CustomerService,9,0,19,11,0,0,0,1,9.0,16.65
USR072,2026-08-17,CustomerService,13,0,23,22,0,0,0,1,9.316666666666666,16.683333333333334
USR072,2026-08-18,CustomerService,10,0,9,10,0,0,0,1,9.0,16.833333333333332
USR072,2026-08-19,CustomerService,10,0,8,19,2,0,0,1,9.3,16.616666666666667
USR072,2026-08-20,CustomerService,12,0,10,19,0,0,0,1,9.15,16.866666666666667
USR072,2026-08-21,CustomerService,10,0,8,23,0,0,0,1,9.3,16.8
USR073,2026-08-03,Manager,10,0,15,11,0,0,0,1,9.0,16.7
USR073,2026-08-04,Manager,10,0,54,15,3,0,0,1,9.25,16.783333333333335
USR073,2026-08-05,Manager,11,0,30,18,2,0,0,1,9.15,16.933333333333334
USR073,2026-08-06,Manager,8,0,8,17,0,0,0,1,9.333333333333334,16.8
USR073,2026-08-07,Manager,11,0,39,19,1,0,0,1,9.233333333333333,16.8
USR073,2026-08-10,Manager,9,0,13,11,1,0,0,1,9.05,16.8
USR073,2026-08-11,Manager,12,0,8,27,2,0,0,1,9.1,16.85
USR073,2026-08-12,Manager,7,0,17,6,1,0,0,1,9.316666666666666,16.8
USR073,2026-08-13,Manager,7,0,18,13,1,0,0,1,9.0,16.95
USR073,2026-08-14,Manager,8,0,12,13,0,0,0,1,9.183333333333334,16.733333333333334
USR073,2026-08-17,Manager,12,0,17,17,0,0,0,1,9.05,16.9
USR073,2026-08-18,Manager,9,0,34,13,1,0,0,1,9.066666666666666,16.8
USR073,2026-08-19,Manager,12,0,28,26,2,0,0,1,9.05,16.816666666666666
USR073,2026-08-20,Manager,12,0,43,17,2,0,0,1,9.1,16.716666666666665
USR073,2026-08-21,Manager,12,0,53,27,0,0,0,1,9.15,16.933333333333334
USR074,2026-08-03,CustomerService,16,0,24,34,0,0,0,1,9.1,16.966666666666665
USR074,2026-08-04,CustomerService,13,0,3,28,0,0,0,1,9.15,16.716666666666665
USR074,2026-08-05,CustomerService,12,0,24,25,2,0,0,1,9.116666666666667,16.966666666666665
USR074,2026-08-06,CustomerService,13,0,20,30,0,0,0,1,9.083333333333334,16.933333333333334
USR074,2026-08-07,CustomerService,10,0,20,13,0,0,0,1,9.1,16.9
USR074,2026-08-10,CustomerService,11,0,13,21,1,0,0,1,9.266666666666667,16.833333333333332
USR074,2026-08-11,CustomerService,10,0,4,14,0,0,0,1,9.233333333333333,16.816666666666666
USR074,2026-08-12,CustomerService,16,0,19,28,0,0,0,1,9.266666666666667,16.583333333333332
USR074,2026-08-13,CustomerService,16,0,28,20,0,0,0,1,9.0,16.733333333333334
USR074,2026-08-14,CustomerService,11,0,18,19,0,0,0,1,9.25,16.683333333333334
USR074,2026-08-17,CustomerService,11,0,1,26,1,0,0,1,9.016666666666667,16.666666666666668
USR074,2026-08-18,CustomerService,11,0,1,23,0,0,0,1,9.016666666666667,16.616666666666667
USR074,2026-08-19,CustomerService,9,0,5,18,1,0,0,1,9.183333333333334,16.933333333333334
USR074,2026-08-20,CustomerService,12,0,26,15,0,0,0,1,9.05,16.65
USR074,2026-08-21,CustomerService,10,0,19,18,0,0,0,1,9.1,16.65
USR075,2026-08-03,Teller,11,0,12,21,0,0,0,1,9.083333333333334,16.583333333333332
USR075,2026-08-04,Teller,12,0,11,15,0,0,0,1,9.283333333333333,16.633333333333333
USR075,2026-08-05,Teller,12,0,7,26,0,0,0,1,9.016666666666667,16.966666666666665
USR075,2026-08-06,Teller,9,0,8,18,0,0,0,1,9.033333333333333,16.9
USR075,2026-08-07,Teller,10,0,9,19,0,0,0,1,9.233333333333333,16.983333333333334
USR075,2026-08-10,Teller,13,0,17,18,1,0,0,1,9.033333333333333,16.8
USR075,2026-08-11,Teller,10,0,6,23,0,0,0,1,9.183333333333334,16.616666666666667
USR075,2026-08-12,Teller,9,0,2,21,0,0,0,1,9.133333333333333,16.633333333333333
USR075,2026-08-13,Teller,13,0,4,25,0,0,0,1,9.15,16.633333333333333
USR075,2026-08-14,Teller,10,0,15,5,0,0,0,1,9.1,16.933333333333334
USR075,2026-08-17,Teller,10,0,10,17,0,0,0,1,9.266666666666667,16.566666666666666
USR075,2026-08-18,Teller,12,0,6,18,2,0,0,1,9.166666666666666,16.683333333333334
USR075,2026-08-19,Teller,9,0,4,10,0,0,0,1,9.216666666666667,16.966666666666665
USR075,2026-08-20,Teller,9,0,2,24,0,0,0,1,9.116666666666667,16.65
USR075,2026-08-21,Teller,11,0,4,35,0,0,0,1,9.016666666666667,16.583333333333332
USR076,2026-08-03,CustomerService,11,0,1,25,2,0,0,1,9.166666666666666,16.916666666666668
USR076,2026-08-04,CustomerService,11,0,2,21,0,0,0,1,9.233333333333333,16.5
USR076,2026-08-05,CustomerService,16,0,17,30,0,0,0,1,9.3,16.85
USR076,2026-08-06,CustomerService,13,0,9,37,1,0,0,1,9.333333333333334,16.766666666666666
USR076,2026-08-07,CustomerService,14,0,7,33,0,0,0,1,9.333333333333334,16.783333333333335
USR076,2026-08-10,CustomerService,14,0,23,29,0,0,0,1,9.2,16.7
USR076,2026-08-11,CustomerService,15,0,27,27,2,0,0,1,9.05,16.933333333333334
USR076,2026-08-12,CustomerService,16,0,9,41,0,0,0,1,9.083333333333334,16.9
USR076,2026-08-13,CustomerService,13,0,23,16,0,0,0,1,9.266666666666667,16.8
USR076,2026-08-14,CustomerService,10,0,3,22,0,0,0,1,9.233333333333333,16.583333333333332
USR076,2026-08-17,CustomerService,9,0,16,11,1,0,0,1,9.233333333333333,16.966666666666665
USR076,2026-08-18,CustomerService,14,0,16,27,0,0,0,1,9.316666666666666,16.65
USR076,2026-08-19,CustomerService,10,0,20,18,0,0,0,1,9.166666666666666,16.95
USR076,2026-08-20,CustomerService,12,0,23,18,0,0,0,1,9.316666666666666,16.633333333333333
USR076,2026-08-21,CustomerService,15,0,13,31,1,0,0,1,9.183333333333334,16.866666666666667
USR077,2026-08-03,CustomerService,11,0,17,16,0,0,0,1,9.116666666666667,16.933333333333334
USR077,2026-08-04,CustomerService,14,0,25,27,0,0,0,1,9.1,16.966666666666665
USR077,2026-08-05,CustomerService,12,0,0,30,0,0,0,1,9.233333333333333,16.55
USR077,2026-08-06,CustomerService,10,0,27,13,0,0,0,1,9.15,16.75
USR077,2026-08-07,CustomerService,16,0,17,32,0,0,0,1,9.15,16.75
USR077,2026-08-10,CustomerService,16,0,23,39,1,0,0,1,9.083333333333334,16.633333333333333
USR077,2026-08-11,CustomerService,13,0,19,32,0,0,0,1,9.333333333333334,16.6
USR077,2026-08-12,CustomerService,10,0,21,9,0,0,0,1,9.066666666666666,16.933333333333334
USR077,2026-08-13,CustomerService,12,0,18,22,0,0,0,1,9.333333333333334,16.95
USR077,2026-08-14,CustomerService,16,0,23,29,0,0,0,1,9.066666666666666,16.683333333333334
USR077,2026-08-17,CustomerService,13,0,29,22,0,0,0,1,9.0,16.666666666666668
USR077,2026-08-18,CustomerService,16,0,29,31,0,0,0,1,9.133333333333333,16.9
USR077,2026-08-19,CustomerService,15,0,9,39,1,0,0,1,9.1,16.85
USR077,2026-08-20,CustomerService,10,0,29,11,0,0,0,1,9.2,16.95
USR077,2026-08-21,CustomerService,13,0,17,26,0,0,0,1,9.15,16.816666666666666
USR078,2026-08-03,Manager,11,0,11,25,2,0,0,1,9.116666666666667,16.833333333333332
USR078,2026-08-04,Manager,9,0,40,9,1,0,0,1,9.3,16.7
USR078,2026-08-05,Manager,9,0,20,16,2,0,0,1,9.033333333333333,16.616666666666667
USR078,2026-08-06,Manager,12,0,35,11,2,0,0,1,9.283333333333333,16.783333333333335
USR078,2026-08-07,Manager,9,0,5,15,1,0,0,1,9.233333333333333,16.983333333333334
USR078,2026-08-10,Manager,9,0,39,16,1,0,0,1,9.333333333333334,16.616666666666667
USR078,2026-08-11,Manager,7,0,14,10,0,0,0,1,9.333333333333334,16.983333333333334
USR078,2026-08-12,Manager,7,0,31,11,0,0,0,1,9.016666666666667,16.683333333333334
USR078,2026-08-13,Manager,7,0,13,7,1,0,0,1,9.016666666666667,16.9
USR078,2026-08-14,Manager,12,0,26,21,2,0,0,1,9.116666666666667,16.733333333333334
USR078,2026-08-17,Manager,10,0,20,21,1,0,0,1,9.166666666666666,16.766666666666666
USR078,2026-08-18,Manager,12,0,57,16,3,0,0,1,9.033333333333333,16.833333333333332
USR078,2026-08-19,Manager,8,0,15,18,1,0,0,1,9.25,16.566666666666666
USR078,2026-08-20,Manager,8,0,12,10,0,0,0,1,9.2,16.55
USR078,2026-08-21,Manager,7,0,30,10,0,0,0,1,9.016666666666667,16.85
USR079,2026-08-03,CustomerService,11,0,14,22,1,0,0,1,9.183333333333334,16.816666666666666
USR079,2026-08-04,CustomerService,10,0,15,19,0,0,0,1,9.116666666666667,16.833333333333332
USR079,2026-08-05,CustomerService,16,0,13,39,0,0,0,1,9.066666666666666,16.883333333333333
USR079,2026-08-06,CustomerService,13,0,7,24,0,0,0,1,9.033333333333333,16.783333333333335
USR079,2026-08-07,CustomerService,12,0,14,22,0,0,0,1,9.05,16.7
USR079,2026-08-10,CustomerService,11,0,31,11,0,0,0,1,9.0,16.666666666666668
USR079,2026-08-11,CustomerService,13,0,26,21,1,0,0,1,9.033333333333333,16.916666666666668
USR079,2026-08-12,CustomerService,11,0,22,16,0,0,0,1,9.016666666666667,16.916666666666668
USR079,2026-08-13,CustomerService,10,0,6,21,0,0,0,1,9.016666666666667,16.716666666666665
USR079,2026-08-14,CustomerService,13,0,15,31,0,0,0,1,9.116666666666667,16.966666666666665
USR079,2026-08-17,CustomerService,16,0,3,39,0,0,0,1,9.133333333333333,16.983333333333334
USR079,2026-08-18,CustomerService,13,0,27,14,0,0,0,1,9.083333333333334,16.866666666666667
USR079,2026-08-19,CustomerService,11,0,15,22,0,0,0,1,9.2,16.616666666666667
USR079,2026-08-20,CustomerService,13,0,25,28,0,0,0,1,9.066666666666666,16.816666666666666
USR079,2026-08-21,CustomerService,11,0,16,23,0,0,0,1,9.066666666666666,16.966666666666665
USR080,2026-08-03,CustomerService,14,0,26,32,1,0,0,1,9.283333333333333,16.75
USR080,2026-08-04,CustomerService,14,0,12,21,0,0,0,1,9.266666666666667,16.85
USR080,2026-08-05,CustomerService,13,0,28,25,0,0,0,1,9.066666666666666,16.833333333333332
USR080,2026-08-06,CustomerService,9,0,10,9,0,0,0,1,9.0,16.95
USR080,2026-08-07,CustomerService,13,0,4,25,0,0,0,1,9.133333333333333,16.95
USR080,2026-08-10,CustomerService,14,0,9,30,0,0,0,1,9.016666666666667,16.55
USR080,2026-08-11,CustomerService,9,0,11,14,0,0,0,1,9.1,16.866666666666667
USR080,2026-08-12,CustomerService,11,0,9,30,0,0,0,1,9.05,16.966666666666665
USR080,2026-08-13,CustomerService,16,0,5,38,0,0,0,1,9.15,16.683333333333334
USR080,2026-08-14,CustomerService,9,0,9,19,0,0,0,1,9.183333333333334,16.6
USR080,2026-08-17,CustomerService,12,0,17,22,0,0,0,1,9.166666666666666,16.883333333333333
USR080,2026-08-18,CustomerService,15,0,15,30,0,0,0,1,9.15,16.966666666666665
USR080,2026-08-19,CustomerService,12,0,10,28,0,0,0,1,9.2,16.916666666666668
USR080,2026-08-20,CustomerService,14,0,31,26,0,0,0,1,9.05,16.9
USR080,2026-08-21,CustomerService,16,0,27,34,0,0,0,1,9.016666666666667,16.866666666666667
USR081,2026-08-03,Teller,8,0,9,13,0,0,0,1,9.016666666666667,16.933333333333334
USR081,2026-08-04,Teller,11,0,0,31,0,0,0,1,9.2,16.866666666666667
USR081,2026-08-05,Teller,9,0,10,8,0,0,0,1,9.016666666666667,16.65
USR081,2026-08-06,Teller,9,0,6,13,0,0,0,1,9.066666666666666,16.783333333333335
USR081,2026-08-07,Teller,11,0,4,30,0,0,0,1,9.116666666666667,16.716666666666665
USR081,2026-08-10,Teller,12,0,10,23,0,0,0,1,9.2,16.966666666666665
USR081,2026-08-11,Teller,11,0,7,20,0,0,0,1,9.283333333333333,16.866666666666667
USR081,2026-08-12,Teller,8,0,0,19,0,0,0,1,9.016666666666667,16.85
USR081,2026-08-13,Teller,8,0,5,15,0,0,0,1,9.233333333333333,16.716666666666665
USR081,2026-08-14,Teller,14,0,10,30,0,0,0,1,9.2,16.766666666666666
USR081,2026-08-17,Teller,12,0,4,39,0,0,0,1,9.166666666666666,16.566666666666666
USR081,2026-08-18,Teller,9,0,3,14,0,0,0,1,9.183333333333334,16.9
USR081,2026-08-19,Teller,13,0,18,17,0,0,0,1,9.083333333333334,16.716666666666665
USR081,2026-08-20,Teller,10,0,11,10,0,0,0,1,9.2,16.933333333333334
USR081,2026-08-21,Teller,12,0,9,26,0,0,0,1,9.0,16.85
USR082,2026-08-03,Teller,12,0,12,19,0,0,0,1,9.166666666666666,16.8
USR082,2026-08-04,Teller,10,0,6,14,0,0,0,1,9.266666666666667,16.633333333333333
USR082,2026-08-05,Teller,8,0,8,13,0,0,0,1,9.233333333333333,16.85
USR082,2026-08-06,Teller,9,0,8,9,0,0,0,1,9.116666666666667,16.916666666666668
USR082,2026-08-07,Teller,13,0,9,33,0,0,0,1,9.033333333333333,16.7
USR082,2026-08-10,Teller,14,0,3,35,0,0,0,1,9.333333333333334,16.983333333333334
USR082,2026-08-11,Teller,14,0,14,25,0,0,0,1,9.316666666666666,16.85
USR082,2026-08-12,Teller,10,0,8,10,0,0,0,1,9.2,16.833333333333332
USR082,2026-08-13,Teller,11,0,11,17,0,0,0,1,9.0,16.683333333333334
USR082,2026-08-14,Teller,13,0,6,24,0,0,0,1,9.216666666666667,16.916666666666668
USR082,2026-08-17,Teller,12,0,14,21,1,0,0,1,9.183333333333334,16.85
USR082,2026-08-18,Teller,14,0,10,28,0,0,0,1,9.233333333333333,16.85
USR082,2026-08-19,Teller,14,0,4,36,0,0,0,1,9.033333333333333,16.933333333333334
USR082,2026-08-20,Teller,10,0,7,17,0,0,0,1,9.133333333333333,16.583333333333332
USR082,2026-08-21,Teller,8,0,8,6,0,0,0,1,9.15,16.783333333333335
USR083,2026-08-03,Teller,8,0,6,10,0,0,0,1,9.3,16.866666666666667
USR083,2026-08-04,Teller,13,0,11,18,1,0,0,1,9.25,16.966666666666665
USR083,2026-08-05,Teller,13,0,8,27,0,0,0,1,9.266666666666667,16.716666666666665
USR083,2026-08-06,Teller,13,0,0,31,0,0,0,1,9.116666666666667,16.966666666666665
USR083,2026-08-07,Teller,11,0,10,18,1,0,0,1,9.316666666666666,16.9
USR083,2026-08-10,Teller,9,0,2,13,0,0,0,1,9.3,16.866666666666667
USR083,2026-08-11,Teller,12,0,2,26,0,0,0,1,9.216666666666667,16.533333333333335
USR083,2026-08-12,Teller,11,0,3,19,0,0,0,1,9.133333333333333,16.833333333333332
USR083,2026-08-13,Teller,14,0,6,24,0,0,0,1,9.266666666666667,16.816666666666666
USR083,2026-08-14,Teller,8,0,4,14,0,0,0,1,9.033333333333333,16.5
USR083,2026-08-17,Teller,11,0,7,14,0,0,0,1,9.25,16.666666666666668
USR083,2026-08-18,Teller,10,0,8,24,0,0,0,1,9.283333333333333,16.8
USR083,2026-08-19,Teller,8,0,3,12,0,0,0,1,9.016666666666667,16.933333333333334
USR083,2026-08-20,Teller,9,0,3,17,0,0,0,1,9.15,16.833333333333332
USR083,2026-08-21,Teller,9,0,5,12,0,0,0,1,9.266666666666667,16.75
USR084,2026-08-03,Teller,11,0,7,26,0,0,0,1,9.016666666666667,16.966666666666665
USR084,2026-08-04,Teller,8,0,0,16,0,0,0,1,9.266666666666667,16.683333333333334
USR084,2026-08-05,Teller,13,0,11,22,1,0,0,1,9.05,16.783333333333335
USR084,2026-08-06,Teller,12,0,5,21,0,0,0,1,9.166666666666666,16.833333333333332
USR084,2026-08-07,Teller,12,0,10,28,0,0,0,1,9.216666666666667,16.666666666666668
USR084,2026-08-10,Teller,8,0,5,14,0,0,0,1,9.033333333333333,16.683333333333334
USR084,2026-08-11,Teller,8,0,4,7,0,0,0,1,9.233333333333333,16.733333333333334
USR084,2026-08-12,Teller,14,0,7,21,0,0,0,1,9.116666666666667,16.9
USR084,2026-08-13,Teller,11,0,12,18,0,0,0,1,9.316666666666666,16.683333333333334
USR084,2026-08-14,Teller,12,0,14,20,0,0,0,1,9.233333333333333,16.933333333333334
USR084,2026-08-17,Teller,13,0,16,25,1,0,0,1,9.183333333333334,16.616666666666667
USR084,2026-08-18,Teller,10,0,14,7,0,0,0,1,9.033333333333333,16.5
USR084,2026-08-19,Teller,11,0,3,20,0,0,0,1,9.033333333333333,16.883333333333333
USR084,2026-08-20,Teller,10,0,4,22,1,0,0,1,9.15,16.533333333333335
USR084,2026-08-21,Teller,11,0,5,19,1,0,0,1,9.033333333333333,16.916666666666668
USR085,2026-08-03,CustomerService,11,0,13,20,0,0,0,1,9.25,16.766666666666666
USR085,2026-08-04,CustomerService,13,0,30,19,0,0,0,1,9.116666666666667,16.633333333333333
USR085,2026-08-05,CustomerService,15,0,15,30,0,0,0,1,9.033333333333333,16.966666666666665
USR085,2026-08-06,CustomerService,14,0,1,25,0,0,0,1,9.3,16.816666666666666
USR085,2026-08-07,CustomerService,11,0,14,19,0,0,0,1,9.25,16.55
USR085,2026-08-10,CustomerService,15,0,26,31,1,0,0,1,9.1,16.516666666666666
USR085,2026-08-11,CustomerService,11,0,25,16,1,0,0,1,9.25,16.65
USR085,2026-08-12,CustomerService,16,0,23,18,0,0,0,1,9.15,16.966666666666665
USR085,2026-08-13,CustomerService,13,0,11,20,1,0,0,1,9.15,16.95
USR085,2026-08-14,CustomerService,12,0,6,27,1,0,0,1,9.083333333333334,16.8
USR085,2026-08-17,CustomerService,16,0,25,30,0,0,0,1,9.15,16.866666666666667
USR085,2026-08-18,CustomerService,16,0,14,25,0,0,0,1,9.333333333333334,16.633333333333333
USR085,2026-08-19,CustomerService,9,0,12,9,1,0,0,1,9.166666666666666,16.9
USR085,2026-08-20,CustomerService,12,0,18,20,0,0,0,1,9.1,16.583333333333332
USR085,2026-08-21,CustomerService,12,0,5,24,0,0,0,1,9.333333333333334,16.9
USR086,2026-08-03,Manager,10,0,17,16,1,0,0,1,9.0,16.65
USR086,2026-08-04,Manager,11,0,51,17,2,0,0,1,9.25,16.783333333333335
USR086,2026-08-05,Manager,7,0,14,11,1,0,0,1,9.033333333333333,16.966666666666665
USR086,2026-08-06,Manager,10,0,26,14,0,0,0,1,9.2,16.766666666666666
USR086,2026-08-07,Manager,11,0,3,17,1,0,0,1,9.266666666666667,16.633333333333333
USR086,2026-08-10,Manager,7,0,0,20,0,0,0,1,9.066666666666666,16.75
USR086,2026-08-11,Manager,8,0,32,11,0,0,0,1,9.166666666666666,16.966666666666665
USR086,2026-08-12,Manager,11,0,54,21,1,0,0,1,9.25,16.95
USR086,2026-08-13,Manager,7,0,14,10,2,0,0,1,9.116666666666667,16.7
USR086,2026-08-14,Manager,9,0,0,18,2,0,0,1,9.05,16.583333333333332
USR086,2026-08-17,Manager,12,0,10,25,0,0,0,1,9.016666666666667,16.9
USR086,2026-08-18,Manager,12,0,0,26,1,0,0,1,9.2,16.616666666666667
USR086,2026-08-19,Manager,12,0,57,24,2,0,0,1,9.183333333333334,16.8
USR086,2026-08-20,Manager,10,0,43,16,0,0,0,1,9.016666666666667,16.85
USR086,2026-08-21,Manager,7,0,28,5,1,0,0,1,9.233333333333333,16.583333333333332
USR087,2026-08-03,Teller,10,0,1,22,0,0,0,1,9.333333333333334,16.816666666666666
USR087,2026-08-04,Teller,11,0,5,23,0,0,0,1,9.016666666666667,16.6
USR087,2026-08-05,Teller,8,0,4,21,0,0,0,1,9.033333333333333,16.883333333333333
USR087,2026-08-06,Teller,8,0,2,16,0,0,0,1,9.133333333333333,16.766666666666666
USR087,2026-08-07,Teller,8,0,4,16,0,0,0,1,9.233333333333333,16.633333333333333
USR087,2026-08-10,Teller,10,0,11,13,0,0,0,1,9.05,16.85
USR087,2026-08-11,Teller,11,0,18,13,0,0,0,1,9.1,16.833333333333332
USR087,2026-08-12,Teller,11,0,3,21,0,0,0,1,9.2,16.916666666666668
USR087,2026-08-13,Teller,8,0,0,16,0,0,0,1,9.066666666666666,16.666666666666668
USR087,2026-08-14,Teller,8,0,0,14,0,0,0,1,9.183333333333334,16.766666666666666
USR087,2026-08-17,Teller,9,0,0,14,0,0,0,1,9.066666666666666,16.516666666666666
USR087,2026-08-18,Teller,12,0,2,19,0,0,0,1,9.033333333333333,16.833333333333332
USR087,2026-08-19,Teller,12,0,13,14,0,0,0,1,9.0,16.866666666666667
USR087,2026-08-20,Teller,14,0,6,27,0,0,0,1,9.283333333333333,16.933333333333334
USR087,2026-08-21,Teller,8,0,4,13,0,0,0,1,9.1,16.9
USR088,2026-08-03,Manager,9,0,1,21,1,0,0,1,9.133333333333333,16.95
USR088,2026-08-04,Manager,11,0,16,14,2,0,0,1,9.133333333333333,16.933333333333334
USR088,2026-08-05,Manager,7,0,14,13,1,0,0,1,9.15,16.983333333333334
USR088,2026-08-06,Manager,10,0,69,7,1,0,0,1,9.183333333333334,16.533333333333335
USR088,2026-08-07,Manager,12,0,35,14,3,0,0,1,9.25,16.716666666666665
USR088,2026-08-10,Manager,12,0,45,15,0,0,0,1,9.2,16.733333333333334
USR088,2026-08-11,Manager,11,0,30,13,1,0,0,1,9.3,16.916666666666668
USR088,2026-08-12,Manager,9,0,30,4,1,0,0,1,9.15,16.933333333333334
USR088,2026-08-13,Manager,11,0,48,10,2,0,0,1,9.1,16.95
USR088,2026-08-14,Manager,9,0,5,14,0,0,0,1,9.283333333333333,16.933333333333334
USR088,2026-08-17,Manager,8,0,18,16,1,0,0,1,9.033333333333333,16.616666666666667
USR088,2026-08-18,Manager,9,0,41,10,2,0,0,1,9.2,16.566666666666666
USR088,2026-08-19,Manager,10,0,13,18,0,0,0,1,9.016666666666667,16.916666666666668
USR088,2026-08-20,Manager,9,0,0,28,1,0,0,1,9.25,16.883333333333333
USR088,2026-08-21,Manager,7,0,26,11,0,0,0,1,9.116666666666667,16.9
USR089,2026-08-03,CustomerService,13,0,5,40,0,0,0,1,9.266666666666667,16.666666666666668
USR089,2026-08-04,CustomerService,10,0,20,16,1,0,0,1,9.25,16.716666666666665
USR089,2026-08-05,CustomerService,14,0,12,24,0,0,0,1,9.033333333333333,16.983333333333334
USR089,2026-08-06,CustomerService,16,0,10,40,0,0,0,1,9.333333333333334,16.8
USR089,2026-08-07,CustomerService,11,0,7,21,1,0,0,1,9.016666666666667,16.916666666666668
USR089,2026-08-10,CustomerService,11,0,4,29,0,0,0,1,9.066666666666666,16.916666666666668
USR089,2026-08-11,CustomerService,10,0,11,16,0,0,0,1,9.166666666666666,16.983333333333334
USR089,2026-08-12,CustomerService,15,0,25,28,0,0,0,1,9.15,16.733333333333334
USR089,2026-08-13,CustomerService,11,0,18,18,0,0,0,1,9.266666666666667,16.883333333333333
USR089,2026-08-14,CustomerService,13,0,14,24,1,0,0,1,9.283333333333333,16.883333333333333
USR089,2026-08-17,CustomerService,11,0,9,28,1,0,0,1,9.016666666666667,16.966666666666665
USR089,2026-08-18,CustomerService,15,0,10,41,1,0,0,1,9.0,16.866666666666667
USR089,2026-08-19,CustomerService,10,0,7,19,0,0,0,1,9.033333333333333,16.583333333333332
USR089,2026-08-20,CustomerService,14,0,19,20,0,0,0,1,9.216666666666667,16.866666666666667
USR089,2026-08-21,CustomerService,14,0,5,29,0,0,0,1,9.033333333333333,16.85
USR090,2026-08-03,Teller,8,0,10,11,0,0,0,1,9.166666666666666,16.533333333333335
USR090,2026-08-04,Teller,14,0,10,26,0,0,0,1,9.016666666666667,16.983333333333334
USR090,2026-08-05,Teller,9,0,13,9,0,0,0,1,9.05,16.933333333333334
USR090,2026-08-06,Teller,12,0,6,18,0,0,0,1,9.016666666666667,16.85
USR090,2026-08-07,Teller,9,0,5,9,0,0,0,1,9.3,16.566666666666666
USR090,2026-08-10,Teller,10,0,8,19,0,0,0,1,9.05,16.85
USR090,2026-08-11,Teller,8,0,11,8,0,0,0,1,9.233333333333333,16.933333333333334
USR090,2026-08-12,Teller,10,0,3,22,0,0,0,1,9.216666666666667,16.55
USR090,2026-08-13,Teller,9,0,9,13,0,0,0,1,9.05,16.866666666666667
USR090,2026-08-14,Teller,11,0,4,29,0,0,0,1,9.0,16.883333333333333
USR090,2026-08-17,Teller,11,0,5,22,0,0,0,1,9.3,16.85
USR090,2026-08-18,Teller,8,0,0,19,0,0,0,1,9.25,16.583333333333332
USR090,2026-08-19,Teller,9,0,7,20,0,0,0,1,9.133333333333333,16.816666666666666
USR090,2026-08-20,Teller,12,0,3,30,0,0,0,1,9.066666666666666,16.75
USR090,2026-08-21,Teller,9,0,0,23,0,0,0,1,9.316666666666666,16.933333333333334
USR091,2026-08-03,CustomerService,11,0,7,19,0,0,0,1,9.066666666666666,16.766666666666666
USR091,2026-08-04,CustomerService,12,0,10,22,0,0,0,1,9.266666666666667,16.566666666666666
USR091,2026-08-05,CustomerService,13,0,25,12,1,0,0,1,9.216666666666667,16.9
USR091,2026-08-06,CustomerService,9,0,19,13,0,0,0,1,9.25,16.95
USR091,2026-08-07,CustomerService,9,0,7,21,1,0,0,1,9.05,16.5
USR091,2026-08-10,CustomerService,11,0,10,16,1,0,0,1,9.1,16.516666666666666
USR091,2026-08-11,CustomerService,16,0,8,38,1,0,0,1,9.316666666666666,16.783333333333335
USR091,2026-08-12,CustomerService,10,0,0,26,1,0,0,1,9.316666666666666,16.866666666666667
USR091,2026-08-13,CustomerService,15,0,23,30,0,0,0,1,9.0,16.7
USR091,2026-08-14,CustomerService,13,0,15,23,0,0,0,1,9.116666666666667,16.816666666666666
USR091,2026-08-17,CustomerService,14,0,34,15,0,0,0,1,9.166666666666666,16.883333333333333
USR091,2026-08-18,CustomerService,14,0,9,31,0,0,0,1,9.1,16.966666666666665
USR091,2026-08-19,CustomerService,13,0,7,25,0,0,0,1,9.05,16.833333333333332
USR091,2026-08-20,CustomerService,9,0,20,13,1,0,0,1,9.316666666666666,16.866666666666667
USR091,2026-08-21,CustomerService,15,0,2,36,0,0,0,1,9.083333333333334,16.866666666666667
USR092,2026-08-03,CustomerService,9,0,1,13,0,0,0,1,9.216666666666667,16.8
USR092,2026-08-04,CustomerService,13,0,10,27,0,0,0,1,9.166666666666666,16.966666666666665
USR092,2026-08-05,CustomerService,9,0,18,11,0,0,0,1,9.183333333333334,16.783333333333335
USR092,2026-08-06,CustomerService,10,0,11,15,0,0,0,1,9.216666666666667,16.966666666666665
USR092,2026-08-07,CustomerService,14,0,5,29,0,0,0,1,9.05,16.716666666666665
USR092,2026-08-10,CustomerService,14,0,16,34,1,0,0,1,9.116666666666667,16.983333333333334
USR092,2026-08-11,CustomerService,10,0,10,19,0,0,0,1,9.066666666666666,16.933333333333334
USR092,2026-08-12,CustomerService,13,0,28,28,1,0,0,1,9.05,16.866666666666667
USR092,2026-08-13,CustomerService,11,0,16,17,0,0,0,1,9.333333333333334,16.633333333333333
USR092,2026-08-14,CustomerService,11,0,1,24,0,0,0,1,9.216666666666667,16.516666666666666
USR092,2026-08-17,CustomerService,12,0,22,14,1,0,0,1,9.2,16.966666666666665
USR092,2026-08-18,CustomerService,9,0,17,14,1,0,0,1,9.333333333333334,16.933333333333334
USR092,2026-08-19,CustomerService,16,0,27,33,0,0,0,1,9.316666666666666,16.75
USR092,2026-08-20,CustomerService,13,0,12,20,0,0,0,1,9.066666666666666,16.6
USR092,2026-08-21,CustomerService,14,0,7,22,0,0,0,1,9.233333333333333,16.733333333333334
USR093,2026-08-03,Manager,10,0,44,12,0,0,0,1,9.216666666666667,16.8
USR093,2026-08-04,Manager,9,0,23,15,1,0,0,1,9.3,16.85
USR093,2026-08-05,Manager,10,0,17,18,1,0,0,1,9.016666666666667,16.7
USR093,2026-08-06,Manager,7,0,4,12,1,0,0,1,9.316666666666666,16.616666666666667
USR093,2026-08-07,Manager,10,0,32,15,3,0,0,1,9.183333333333334,16.5
USR093,2026-08-10,Manager,8,0,16,13,2,0,0,1,9.0,16.9
USR093,2026-08-11,Manager,11,0,34,16,1,0,0,1,9.0,16.966666666666665
USR093,2026-08-12,Manager,11,0,23,21,0,0,0,1,9.2,16.7
USR093,2026-08-13,Manager,12,0,6,29,1,0,0,1,9.3,16.916666666666668
USR093,2026-08-14,Manager,7,0,27,11,3,0,0,1,9.033333333333333,16.95
USR093,2026-08-17,Manager,10,0,0,17,2,0,0,1,9.183333333333334,16.95
USR093,2026-08-18,Manager,10,0,23,17,1,0,0,1,9.066666666666666,16.833333333333332
USR093,2026-08-19,Manager,9,0,26,14,2,0,0,1,9.233333333333333,16.583333333333332
USR093,2026-08-20,Manager,10,0,0,28,0,0,0,1,9.333333333333334,16.916666666666668
USR093,2026-08-21,Manager,8,0,36,3,0,0,0,1,9.05,16.783333333333335
USR094,2026-08-03,Manager,7,0,20,11,1,0,0,1,9.033333333333333,16.8
USR094,2026-08-04,Manager,10,0,15,21,2,0,0,1,9.15,16.566666666666666
USR094,2026-08-05,Manager,11,0,45,14,0,0,0,1,9.15,16.883333333333333
USR094,2026-08-06,Manager,7,0,23,10,1,0,0,1,9.233333333333333,16.983333333333334
USR094,2026-08-07,Manager,12,0,9,29,3,0,0,1,9.266666666666667,16.983333333333334
USR094,2026-08-10,Manager,8,0,13,11,1,0,0,1,9.133333333333333,16.733333333333334
USR094,2026-08-11,Manager,10,0,9,14,0,0,0,1,9.133333333333333,16.516666666666666
USR094,2026-08-12,Manager,10,0,2,15,0,0,0,1,9.116666666666667,16.933333333333334
USR094,2026-08-13,Manager,10,0,16,17,2,0,0,1,9.333333333333334,16.783333333333335
USR094,2026-08-14,Manager,8,0,14,10,0,0,0,1,9.05,16.716666666666665
USR094,2026-08-17,Manager,9,0,16,15,3,0,0,1,9.1,16.6
USR094,2026-08-18,Manager,12,0,0,28,0,0,0,1,9.266666666666667,16.883333333333333
USR094,2026-08-19,Manager,11,0,49,16,1,0,0,1,9.016666666666667,16.55
USR094,2026-08-20,Manager,12,0,47,13,3,0,0,1,9.2,16.633333333333333
USR094,2026-08-21,Manager,10,0,11,24,0,0,0,1,9.016666666666667,16.633333333333333
USR095,2026-08-03,Teller,14,0,27,11,0,0,0,1,9.116666666666667,16.983333333333334
USR095,2026-08-04,Teller,8,0,4,15,0,0,0,1,9.1,16.6
USR095,2026-08-05,Teller,12,0,3,25,0,0,0,1,9.25,16.883333333333333
USR095,2026-08-06,Teller,12,0,2,37,0,0,0,1,9.3,16.65
USR095,2026-08-07,Teller,10,0,0,28,0,0,0,1,9.333333333333334,16.983333333333334
USR095,2026-08-10,Teller,10,0,0,24,0,0,0,1,9.166666666666666,16.6
USR095,2026-08-11,Teller,8,0,12,10,0,0,0,1,9.15,16.666666666666668
USR095,2026-08-12,Teller,12,0,9,28,0,0,0,1,9.2,16.533333333333335
USR095,2026-08-13,Teller,10,0,2,19,1,0,0,1,9.15,16.633333333333333
USR095,2026-08-14,Teller,12,0,8,24,0,0,0,1,9.083333333333334,16.8
USR095,2026-08-17,Teller,12,0,10,22,0,0,0,1,9.116666666666667,16.916666666666668
USR095,2026-08-18,Teller,9,0,8,14,0,0,0,1,9.25,16.55
USR095,2026-08-19,Teller,14,0,9,30,0,0,0,1,9.05,16.833333333333332
USR095,2026-08-20,Teller,9,0,2,20,0,0,0,1,9.1,16.766666666666666
USR095,2026-08-21,Teller,12,0,7,23,0,0,0,1,9.016666666666667,16.816666666666666
USR096,2026-08-03,CustomerService,14,0,17,30,1,0,0,1,9.0,16.8
USR096,2026-08-04,CustomerService,13,0,8,28,1,0,0,1,9.1,16.85
USR096,2026-08-05,CustomerService,11,0,26,14,0,0,0,1,9.15,16.9
USR096,2026-08-06,CustomerService,10,0,8,19,0,0,0,1,9.183333333333334,16.533333333333335
USR096,2026-08-07,CustomerService,10,0,23,15,0,0,0,1,9.15,16.866666666666667
USR096,2026-08-10,CustomerService,15,0,24,22,0,0,0,1,9.05,16.983333333333334
USR096,2026-08-11,CustomerService,15,0,33,27,0,0,0,1,9.05,16.7
USR096,2026-08-12,CustomerService,12,0,0,37,0,0,0,1,9.233333333333333,16.95
USR096,2026-08-13,CustomerService,16,0,9,24,0,0,0,1,9.083333333333334,16.666666666666668
USR096,2026-08-14,CustomerService,15,0,16,31,0,0,0,1,9.0,16.8
USR096,2026-08-17,CustomerService,12,0,14,21,0,0,0,1,9.0,16.983333333333334
USR096,2026-08-18,CustomerService,16,0,16,35,1,0,0,1,9.15,16.916666666666668
USR096,2026-08-19,CustomerService,16,0,12,33,0,0,0,1,9.283333333333333,16.65
USR096,2026-08-20,CustomerService,9,0,11,16,1,0,0,1,9.1,16.816666666666666
USR096,2026-08-21,CustomerService,16,0,13,27,0,0,0,1,9.266666666666667,16.55
USR097,2026-08-03,Manager,10,0,23,17,0,0,0,1,9.083333333333334,16.7
USR097,2026-08-04,Manager,9,0,45,9,0,0,0,1,9.233333333333333,16.833333333333332
USR097,2026-08-05,Manager,10,0,3,25,0,0,0,1,9.083333333333334,16.866666666666667
USR097,2026-08-06,Manager,10,0,2,18,2,0,0,1,9.066666666666666,16.683333333333334
USR097,2026-08-07,Manager,9,0,33,11,0,0,0,1,9.166666666666666,16.65
USR097,2026-08-10,Manager,10,0,10,24,1,0,0,1,9.016666666666667,16.833333333333332
USR097,2026-08-11,Manager,8,0,11,12,2,0,0,1,9.183333333333334,16.6
USR097,2026-08-12,Manager,9,0,30,15,0,0,0,1,9.1,16.583333333333332
USR097,2026-08-13,Manager,7,0,23,8,0,0,0,1,9.233333333333333,16.883333333333333
USR097,2026-08-14,Manager,7,0,3,10,2,0,0,1,9.0,16.783333333333335
USR097,2026-08-17,Manager,12,0,17,28,3,0,0,1,9.1,16.833333333333332
USR097,2026-08-18,Manager,11,0,15,19,2,0,0,1,9.0,16.783333333333335
USR097,2026-08-19,Manager,12,0,35,17,0,0,0,1,9.133333333333333,16.766666666666666
USR097,2026-08-20,Manager,8,0,10,13,0,0,0,1,9.133333333333333,16.7
USR097,2026-08-21,Manager,7,0,25,4,1,0,0,1,9.25,16.966666666666665
USR098,2026-08-03,Manager,11,0,26,21,0,0,0,1,9.233333333333333,16.966666666666665
USR098,2026-08-04,Manager,12,0,35,15,0,0,0,1,9.033333333333333,16.683333333333334
USR098,2026-08-05,Manager,10,0,14,18,0,0,0,1,9.116666666666667,16.916666666666668
USR098,2026-08-06,Manager,12,0,6,28,2,0,0,1,9.116666666666667,16.883333333333333
USR098,2026-08-07,Manager,11,0,34,16,2,0,0,1,9.1,16.966666666666665
USR098,2026-08-10,Manager,7,0,0,17,0,0,0,1,9.083333333333334,16.583333333333332
USR098,2026-08-11,Manager,7,0,0,14,1,0,0,1,9.333333333333334,16.95
USR098,2026-08-12,Manager,7,0,18,12,0,0,0,1,9.05,16.966666666666665
USR098,2026-08-13,Manager,8,0,18,8,1,0,0,1,9.016666666666667,16.75
USR098,2026-08-14,Manager,9,0,38,14,1,0,0,1,9.116666666666667,16.8
USR098,2026-08-17,Manager,12,0,3,29,4,0,0,1,9.183333333333334,16.683333333333334
USR098,2026-08-18,Manager,10,0,6,25,2,0,0,1,9.183333333333334,16.816666666666666
USR098,2026-08-19,Manager,8,0,10,14,0,0,0,1,9.1,16.766666666666666
USR098,2026-08-20,Manager,8,0,45,7,1,0,0,1,9.0,16.85
USR098,2026-08-21,Manager,11,0,37,23,0,0,0,1,9.183333333333334,16.616666666666667
USR099,2026-08-03,CustomerService,15,0,12,35,0,0,0,1,9.016666666666667,16.716666666666665
USR099,2026-08-04,CustomerService,14,0,29,33,0,0,0,1,9.25,16.966666666666665
USR099,2026-08-05,CustomerService,15,0,0,36,0,0,0,1,9.166666666666666,16.55
USR099,2026-08-06,CustomerService,9,0,8,16,0,0,0,1,9.25,16.833333333333332
USR099,2026-08-07,CustomerService,13,0,26,22,0,0,0,1,9.3,16.883333333333333
USR099,2026-08-10,CustomerService,15,0,19,27,1,0,0,1,9.016666666666667,16.666666666666668
USR099,2026-08-11,CustomerService,15,0,30,15,0,0,0,1,9.0,16.766666666666666
USR099,2026-08-12,CustomerService,11,0,29,10,0,0,0,1,9.066666666666666,16.733333333333334
USR099,2026-08-13,CustomerService,16,0,14,32,1,0,0,1,9.183333333333334,16.716666666666665
USR099,2026-08-14,CustomerService,9,0,7,17,0,0,0,1,9.3,16.783333333333335
USR099,2026-08-17,CustomerService,11,0,0,28,0,0,0,1,9.183333333333334,16.816666666666666
USR099,2026-08-18,CustomerService,13,0,13,28,1,0,0,1,9.05,16.966666666666665
USR099,2026-08-19,CustomerService,12,0,18,17,0,0,0,1,9.0,16.8
USR099,2026-08-20,CustomerService,14,0,3,36,1,0,0,1,9.083333333333334,16.783333333333335
USR099,2026-08-21,CustomerService,9,0,8,14,0,0,0,1,9.233333333333333,16.716666666666665
USR100,2026-08-03,Teller,14,0,7,32,0,0,0,1,9.166666666666666,16.65
USR100,2026-08-04,Teller,12,0,11,19,0,0,0,1,9.266666666666667,16.816666666666666
USR100,2026-08-05,Teller,8,0,0,18,0,0,0,1,9.0,16.916666666666668
USR100,2026-08-06,Teller,12,0,6,18,1,0,0,1,9.116666666666667,16.816666666666666
USR100,2026-08-07,Teller,13,0,8,24,0,0,0,1,9.016666666666667,16.966666666666665
USR100,2026-08-10,Teller,9,0,10,13,0,0,0,1,9.033333333333333,16.95
USR100,2026-08-11,Teller,12,0,0,32,0,0,0,1,9.316666666666666,16.983333333333334
USR100,2026-08-12,Teller,12,0,0,26,0,0,0,1,9.083333333333334,16.766666666666666
USR100,2026-08-13,Teller,14,0,10,28,0,0,0,1,9.133333333333333,16.95
USR100,2026-08-14,Teller,14,0,14,22,0,0,0,1,9.25,16.95
USR100,2026-08-17,Teller,14,0,4,37,1,0,0,1,9.233333333333333,16.966666666666665
USR100,2026-08-18,Teller,14,0,14,27,0,0,0,1,9.016666666666667,16.816666666666666
USR100,2026-08-19,Teller,10,0,6,21,0,0,0,1,9.083333333333334,16.666666666666668
USR100,2026-08-20,Teller,13,0,2,24,0,0,0,1,9.233333333333333,16.966666666666665
USR100,2026-08-21,Teller,13,0,12,19,0,0,0,1,9.133333333333333,16.85
