user_id,date,role,event_count,failed_login_count,download_total,records_accessed_total,vip_access_count,unknown_ip_count,outside_hours_count,unique_ip_count,first_activity_hour,last_activity_hour,anomaly_score,model_prediction
USR001,2026-08-03,Manager,8,0,12,15,2,0,0,1,9.133333333333333,16.816666666666666,0.0084478351993586,1
USR001,2026-08-04,Manager,7,0,10,11,2,0,0,1,9.133333333333333,16.783333333333335,-0.025529117731074136,-1
USR001,2026-08-05,Manager,8,0,5,11,1,0,0,1,9.116666666666667,16.9,0.02933346593510261,1
USR001,2026-08-06,Manager,7,0,13,10,0,0,0,1,9.016666666666667,16.933333333333334,0.000866870128873154,1
USR001,2026-08-07,Manager,11,0,56,12,2,0,0,1,9.333333333333334,16.95,-0.09798602356551767,-1
USR001,2026-08-10,Manager,7,0,26,2,0,0,0,1,9.333333333333334,16.916666666666668,-0.08823080069009959,-1
USR001,2026-08-11,Manager,12,0,16,25,2,0,0,1,9.083333333333334,16.7,0.019267273907522864,1
USR001,2026-08-12,Manager,11,0,0,27,1,0,0,1,9.05,16.883333333333333,0.025409214364047972,1
USR001,2026-08-13,Manager,11,0,4,20,1,0,0,1,9.15,16.583333333333332,0.03989970980645563,1
USR001,2026-08-14,Manager,10,0,37,16,1,0,0,1,9.1,16.85,0.03402411120206339,1
USR001,2026-08-17,Manager,9,0,16,12,0,0,0,1,9.1,16.916666666666668,0.06303682345744616,1
USR001,2026-08-18,Manager,8,0,21,11,0,0,0,1,9.033333333333331,16.816666666666666,0.033902113637471754,1
USR001,2026-08-19,Manager,10,0,54,11,0,0,0,1,9.166666666666666,16.666666666666668,-0.03490441183948678,-1
USR001,2026-08-20,Manager,10,0,77,7,2,0,0,1,9.083333333333334,16.9,-0.11242197373203411,-1
USR001,2026-08-21,Manager,8,0,12,18,1,0,0,1,9.0,16.916666666666668,0.014671630530236124,1
USR002,2026-08-03,Teller,10,0,15,14,0,0,0,1,9.016666666666667,16.866666666666667,0.06497109397440193,1
USR002,2026-08-04,Teller,12,0,0,36,0,0,0,1,9.133333333333333,16.833333333333332,0.007751573924916433,1
USR002,2026-08-05,Teller,8,0,13,9,0,0,0,1,9.25,16.516666666666666,-0.0016152631764085879,-1
USR002,2026-08-06,Teller,13,0,13,20,0,0,0,1,9.166666666666666,16.8,0.07450374488632061,1
USR002,2026-08-07,Teller,14,0,14,25,0,0,0,1,9.016666666666667,16.766666666666666,0.052053462839548426,1
USR002,2026-08-10,Teller,11,0,19,11,0,0,0,1,9.133333333333333,16.55,0.020311599063629504,1
USR002,2026-08-11,Teller,11,0,11,12,0,0,0,1,9.266666666666667,16.75,0.05927719671434878,1
USR002,2026-08-12,Teller,9,0,4,18,0,0,0,1,9.3,16.95,0.03079425003414149,1
USR002,2026-08-13,Teller,9,0,10,8,0,0,0,1,9.333333333333334,16.683333333333334,-0.00931394325921997,-1
USR002,2026-08-14,Teller,14,0,8,24,0,0,0,1,9.033333333333331,16.616666666666667,0.030966476670903853,1
USR002,2026-08-17,Teller,14,0,4,26,0,0,0,1,9.066666666666666,16.95,0.04172210464377779,1
USR002,2026-08-18,Teller,13,0,3,30,0,0,0,1,9.183333333333334,16.5,-0.017230137260286438,-1
USR002,2026-08-19,Teller,14,0,6,40,1,0,0,1,9.0,16.983333333333334,-0.08196627009733837,-1
USR002,2026-08-20,Teller,14,0,16,16,0,0,0,1,9.033333333333331,16.883333333333333,0.04426357303513573,1
USR002,2026-08-21,Teller,8,0,6,10,0,0,0,1,9.233333333333333,16.85,0.04628300072590574,1
USR003,2026-08-03,Manager,12,0,0,33,0,0,0,1,9.333333333333334,16.716666666666665,-0.023883493684742407,-1
USR003,2026-08-04,Manager,12,0,17,22,0,0,0,1,9.183333333333334,16.916666666666668,0.06942895508171171,1
USR003,2026-08-05,Manager,8,0,21,10,1,0,0,1,9.066666666666666,16.716666666666665,0.01640687128714352,1
USR003,2026-08-06,Manager,11,0,3,17,1,0,0,1,9.0,16.95,0.016971658463291184,1
USR003,2026-08-07,Manager,9,0,2,21,0,0,0,1,9.333333333333334,16.95,0.004322118120724305,1
USR003,2026-08-10,Manager,10,0,23,17,0,0,0,1,9.333333333333334,16.95,0.003210251811140874,1
USR003,2026-08-11,Manager,10,0,43,12,2,0,0,1,9.033333333333331,16.716666666666665,-0.03191240950234531,-1
USR003,2026-08-12,Manager,7,0,0,19,1,0,0,1,9.266666666666667,16.516666666666666,-0.052934885730585246,-1
USR003,2026-08-13,Manager,7,0,13,17,0,0,0,1,9.0,16.95,-0.010107803414360572,-1
USR003,2026-08-14,Manager,12,0,16,26,1,0,0,1,9.05,16.8,0.056602932236481385,1
USR003,2026-08-17,Manager,8,0,2,18,1,0,0,1,9.133333333333333,16.666666666666668,0.03525816182953562,1
USR003,2026-08-18,Manager,10,0,32,13,1,0,0,1,9.083333333333334,16.866666666666667,0.03999827632316055,1
USR003,2026-08-19,Manager,9,0,0,25,0,0,0,1,9.2,16.633333333333333,0.032962234105003985,1
USR003,2026-08-20,Manager,12,0,12,23,2,0,0,1,9.0,16.95,-0.003674304094936409,-1
USR003,2026-08-21,Manager,10,0,17,22,1,0,0,1,9.266666666666667,16.983333333333334,0.023523751910129787,1
USR004,2026-08-03,Manager,12,0,40,24,2,0,0,1,9.05,16.8,-0.01553393516976398,-1
USR004,2026-08-04,Manager,12,0,21,25,2,0,0,1,9.183333333333334,16.7,0.010981203861040512,1
USR004,2026-08-05,Manager,8,0,13,16,2,0,0,1,9.233333333333333,16.866666666666667,-0.007896503773053398,-1
USR004,2026-08-06,Manager,10,0,18,16,0,0,0,1,9.216666666666669,16.983333333333334,0.04948881251663423,1
USR004,2026-08-07,Manager,12,0,50,15,2,0,0,1,9.116666666666667,16.533333333333335,-0.07613254141075299,-1
USR004,2026-08-10,Manager,7,0,6,18,2,0,0,1,9.066666666666666,16.766666666666666,-0.02635292498946229,-1
USR004,2026-08-11,Manager,9,0,19,13,1,0,0,1,9.083333333333334,16.6,0.03444412716006068,1
USR004,2026-08-12,Manager,11,0,74,6,2,0,0,1,9.1,16.683333333333334,-0.11936636534844325,-1
USR004,2026-08-13,Manager,7,0,18,8,0,0,0,1,9.05,16.85,0.0039046821757891537,1
USR004,2026-08-14,Manager,8,0,21,10,1,0,0,1,9.2,16.866666666666667,0.02593397144292553,1
USR004,2026-08-17,Manager,10,0,17,20,0,0,0,1,9.1,16.783333333333335,0.08099734894055971,1
USR004,2026-08-18,Manager,9,0,3,18,1,0,0,1,9.016666666666667,16.816666666666666,0.0315956450565566,1
USR004,2026-08-19,Manager,11,0,17,18,0,0,0,1,9.1,16.816666666666666,0.08365338730048538,1
USR004,2026-08-20,Manager,11,0,56,17,1,0,0,1,9.2,16.75,-0.03148417999455533,-1
USR004,2026-08-21,Manager,7,0,0,16,0,0,0,1,9.083333333333334,16.733333333333334,0.006073562760105511,1
USR005,2026-08-03,CustomerService,16,0,3,47,0,0,0,1,9.033333333333331,16.666666666666668,-0.075491376742442,-1
USR005,2026-08-04,CustomerService,11,0,3,21,0,0,0,1,9.05,16.733333333333334,0.072328685625351,1
USR005,2026-08-05,CustomerService,12,0,2,18,0,0,0,1,9.183333333333334,16.983333333333334,0.042306610883883655,1
USR005,2026-08-06,CustomerService,15,0,7,31,0,0,0,1,9.016666666666667,16.65,-0.0009675632097176923,-1
USR005,2026-08-07,CustomerService,16,0,23,28,1,0,0,1,9.016666666666667,16.916666666666668,-0.04162162268844882,-1
USR005,2026-08-10,CustomerService,11,0,17,18,0,0,0,1,9.216666666666669,16.616666666666667,0.06431991228518141,1
USR005,2026-08-11,CustomerService,16,0,30,28,2,0,0,1,9.05,16.516666666666666,-0.11784065522826226,-1
USR005,2026-08-12,CustomerService,14,0,12,35,0,0,0,1,9.016666666666667,16.866666666666667,0.020524220703768914,1
USR005,2026-08-13,CustomerService,14,0,7,24,0,0,0,1,9.3,16.933333333333334,0.01832894078752806,1
USR005,2026-08-14,CustomerService,11,0,24,14,0,0,0,1,9.166666666666666,16.75,0.06476372099684835,1
USR005,2026-08-17,CustomerService,13,0,17,25,0,0,0,1,9.25,16.7,0.05406711036858047,1
USR005,2026-08-18,CustomerService,14,0,17,35,1,0,0,1,9.283333333333331,16.966666666666665,-0.030092283682383036,-1
USR005,2026-08-19,CustomerService,9,0,15,11,0,0,0,1,9.25,16.833333333333332,0.06323927368388255,1
USR005,2026-08-20,CustomerService,9,0,1,19,0,0,0,1,9.216666666666669,16.9,0.05814902480422468,1
USR005,2026-08-21,CustomerService,9,0,6,18,0,0,0,1,9.116666666666667,16.683333333333334,0.07634638872622496,1
USR006,2026-08-03,CustomerService,10,0,11,11,0,0,0,1,9.233333333333333,16.783333333333335,0.07331244033768392,1
USR006,2026-08-04,CustomerService,14,0,2,20,1,0,0,1,9.1,16.816666666666666,0.02955738638518096,1
USR006,2026-08-05,CustomerService,11,0,13,18,0,0,0,1,9.316666666666666,16.55,0.016427061169394963,1
USR006,2026-08-06,CustomerService,9,0,16,11,0,0,0,1,9.016666666666667,16.75,0.042685044733204,1
USR006,2026-08-07,CustomerService,10,0,2,22,1,0,0,1,9.25,16.9,0.0445928735230377,1
USR006,2026-08-10,CustomerService,9,0,16,11,1,0,0,1,9.333333333333334,16.966666666666665,-0.01897921186952245,-1
USR006,2026-08-11,CustomerService,16,0,52,28,0,0,0,1,9.083333333333334,16.983333333333334,-0.09060297773858594,-1
USR006,2026-08-12,CustomerService,15,0,0,42,0,0,0,1,9.0,16.783333333333335,-0.07164509183488543,-1
USR006,2026-08-13,CustomerService,10,0,4,25,0,0,0,1,9.183333333333334,16.666666666666668,0.06495896979054011,1
USR006,2026-08-14,CustomerService,10,0,20,15,0,0,0,1,9.183333333333334,16.516666666666666,0.025930811914197605,1
USR006,2026-08-17,CustomerService,14,0,11,32,0,0,0,1,9.033333333333331,16.75,0.041004887264094736,1
USR006,2026-08-18,CustomerService,14,0,8,27,0,0,0,1,9.233333333333333,16.616666666666667,0.03411975146294555,1
USR006,2026-08-19,CustomerService,12,0,4,20,0,0,0,1,9.25,16.5,0.014720979711217275,1
USR006,2026-08-20,CustomerService,9,0,4,18,0,0,0,1,9.116666666666667,16.6,0.0649051706566543,1
USR006,2026-08-21,CustomerService,15,0,37,26,0,0,0,1,9.266666666666667,16.883333333333333,-0.028661619965352325,-1
USR007,2026-08-03,Teller,8,0,3,18,0,0,0,1,9.083333333333334,16.983333333333334,0.022264988043988132,1
USR007,2026-08-04,Teller,8,0,14,5,0,0,0,1,9.1,16.533333333333335,-0.028009776256187613,-1
USR007,2026-08-05,Teller,10,0,8,13,0,0,0,1,9.266666666666667,16.583333333333332,0.03807600421527574,1
USR007,2026-08-06,Teller,11,0,4,23,0,0,0,1,9.1,16.683333333333334,0.07179994561772685,1
USR007,2026-08-07,Teller,14,0,8,34,0,0,0,1,9.316666666666666,16.883333333333333,-0.006439859041748486,-1
USR007,2026-08-10,Teller,8,0,5,15,0,0,0,1,9.233333333333333,16.883333333333333,0.056138808159454046,1
USR007,2026-08-11,Teller,13,0,12,22,1,0,0,1,9.033333333333331,16.683333333333334,0.03068993129588382,1
USR007,2026-08-12,Teller,11,0,10,18,0,0,0,1,9.15,16.65,0.08020053707905417,1
USR007,2026-08-13,Teller,9,0,8,9,0,0,0,1,9.133333333333333,16.766666666666666,0.059458213224960754,1
USR007,2026-08-14,Teller,11,0,6,10,0,0,0,1,9.1,16.866666666666667,0.053151347165026785,1
USR007,2026-08-17,Teller,10,0,10,13,0,0,0,1,9.2,16.85,0.08863349168369511,1
USR007,2026-08-18,Teller,8,0,5,13,0,0,0,1,9.033333333333331,16.85,0.048059311728502696,1
USR007,2026-08-19,Teller,13,0,8,27,0,0,0,1,9.016666666666667,16.9,0.05174139970674296,1
USR007,2026-08-20,Teller,12,0,4,25,0,0,0,1,9.133333333333333,16.916666666666668,0.06993320153595273,1
USR007,2026-08-21,Teller,9,0,3,22,0,0,0,1,9.2,16.933333333333334,0.05308128776609716,1
USR008,2026-08-03,CustomerService,9,0,0,15,0,0,0,1,9.233333333333333,16.533333333333335,0.021961358201376235,1
USR008,2026-08-04,CustomerService,13,0,11,33,0,0,0,1,9.2,16.983333333333334,0.014184615444639836,1
USR008,2026-08-05,CustomerService,15,0,30,22,0,0,0,1,9.066666666666666,16.966666666666665,-0.007044620118182965,-1
USR008,2026-08-06,CustomerService,15,0,18,25,1,0,0,1,9.116666666666667,16.883333333333333,0.015080456832754774,1
USR008,2026-08-07,CustomerService,16,0,23,40,0,0,0,1,9.1,16.75,-0.056571578157814884,-1
USR008,2026-08-10,CustomerService,12,0,17,14,2,0,0,1,9.083333333333334,16.6,-0.002151746431750867,-1
USR008,2026-08-11,CustomerService,14,0,12,30,0,0,0,1,9.283333333333331,16.533333333333335,-0.019237482323855137,-1
USR008,2026-08-12,CustomerService,13,0,2,30,0,0,0,1,9.3,16.65,0.0034689543697955516,1
USR008,2026-08-13,CustomerService,15,0,10,31,0,0,0,1,9.183333333333334,16.7,0.025748268791713325,1
USR008,2026-08-14,CustomerService,16,0,40,28,1,0,0,1,9.15,16.716666666666665,-0.05753124777302654,-1
USR008,2026-08-17,CustomerService,14,0,8,32,0,0,0,1,9.033333333333331,16.85,0.03739079217013219,1
USR008,2026-08-18,CustomerService,14,0,25,28,1,0,0,1,9.233333333333333,16.8,0.015629934079236296,1
USR008,2026-08-19,CustomerService,14,0,14,24,0,0,0,1,9.233333333333333,16.983333333333334,0.03299780556788817,1
USR008,2026-08-20,CustomerService,15,0,17,34,1,0,0,1,9.016666666666667,16.566666666666666,-0.06594472966711407,-1
USR008,2026-08-21,CustomerService,12,0,11,21,0,0,0,1,9.133333333333333,16.966666666666665,0.06322007096794946,1
USR009,2026-08-03,CustomerService,11,0,4,24,0,0,0,1,9.0,16.983333333333334,0.024840020162384846,1
USR009,2026-08-04,CustomerService,11,0,13,11,0,0,0,1,9.283333333333331,16.9,0.047628012498861005,1
USR009,2026-08-05,CustomerService,12,0,14,25,1,0,0,1,9.166666666666666,16.95,0.047929356337159446,1
USR009,2026-08-06,CustomerService,9,0,0,15,0,0,0,1,9.116666666666667,16.566666666666666,0.033535606411139174,1
USR009,2026-08-07,CustomerService,12,0,7,25,0,0,0,1,9.166666666666666,16.833333333333332,0.08217861812542027,1
USR009,2026-08-10,CustomerService,15,0,6,38,0,0,0,1,9.15,16.95,-0.032705979643245064,-1
USR009,2026-08-11,CustomerService,10,0,0,27,0,0,0,1,9.283333333333331,16.883333333333333,0.029618675771424463,1
USR009,2026-08-12,CustomerService,11,0,24,16,1,0,0,1,9.216666666666669,16.716666666666665,0.04799370561573296,1
USR009,2026-08-13,CustomerService,16,0,6,33,0,0,0,1,9.133333333333333,16.933333333333334,-0.018479316256902578,-1
USR009,2026-08-14,CustomerService,10,0,2,14,0,0,0,1,9.05,16.983333333333334,0.0300669974759174,1
USR009,2026-08-17,CustomerService,16,0,42,25,0,0,0,1,9.083333333333334,16.7,-0.047432975754071904,-1
USR009,2026-08-18,CustomerService,13,0,12,29,1,0,0,1,9.183333333333334,16.833333333333332,0.04640823924728926,1
USR009,2026-08-19,CustomerService,16,0,16,44,0,0,0,1,9.25,16.7,-0.07830256268606428,-1
USR009,2026-08-20,CustomerService,10,0,10,21,0,0,0,1,9.116666666666667,16.633333333333333,0.07901519294885168,1
USR009,2026-08-21,CustomerService,11,0,1,21,1,0,0,1,9.05,16.616666666666667,0.026450295714566252,1
USR010,2026-08-03,Manager,9,0,20,13,0,0,0,1,9.166666666666666,16.966666666666665,0.0442074759308958,1
USR010,2026-08-04,Manager,11,0,36,13,1,0,0,1,9.05,16.916666666666668,0.02003915014929969,1
USR010,2026-08-05,Manager,10,0,26,24,4,0,0,1,9.166666666666666,16.916666666666668,-0.10266519511039329,-1
USR010,2026-08-06,Manager,9,0,49,16,2,0,0,1,9.05,16.816666666666666,-0.040760891689776035,-1
USR010,2026-08-07,Manager,12,0,54,10,3,0,0,1,9.0,16.866666666666667,-0.11681937641654339,-1
USR010,2026-08-10,Manager,10,0,28,14,1,0,0,1,9.083333333333334,16.566666666666666,0.012069147407084924,1
USR010,2026-08-11,Manager,7,0,0,22,1,0,0,1,9.1,16.566666666666666,-0.03232123474295834,-1
USR010,2026-08-12,Manager,12,0,29,21,2,0,0,1,9.183333333333334,16.583333333333332,-0.018358663714358903,-1
USR010,2026-08-13,Manager,10,0,20,15,1,0,0,1,9.083333333333334,16.833333333333332,0.06442005955926333,1
USR010,2026-08-14,Manager,10,0,57,12,2,0,0,1,9.116666666666667,16.966666666666665,-0.0643066627337231,-1
USR010,2026-08-17,Manager,7,0,12,15,0,0,0,1,9.166666666666666,16.866666666666667,0.03551121022173248,1
USR010,2026-08-18,Manager,12,0,7,30,1,0,0,1,9.016666666666667,16.883333333333333,0.02423159924627266,1
USR010,2026-08-19,Manager,11,0,2,30,3,0,0,1,9.233333333333333,16.85,-0.06708183953587299,-1
USR010,2026-08-20,Manager,8,0,13,18,1,0,0,1,9.333333333333334,16.65,-0.016426417142889282,-1
USR010,2026-08-21,Manager,7,0,0,25,1,0,0,1,9.1,16.8,-0.014691240632523805,-1
USR011,2026-08-03,Manager,8,0,35,12,0,0,0,1,9.316666666666666,16.866666666666667,-0.01870804124679737,-1
USR011,2026-08-04,Manager,12,0,45,23,5,0,0,1,9.25,16.933333333333334,-0.14745382042433552,-1
USR011,2026-08-05,Manager,8,0,17,12,1,0,0,1,9.316666666666666,16.783333333333335,0.007561507853610094,1
USR011,2026-08-06,Manager,11,0,35,11,4,0,0,1,9.116666666666667,16.516666666666666,-0.13635288027591752,-1
USR011,2026-08-07,Manager,8,0,10,15,1,0,0,1,9.1,16.983333333333334,0.01430871651557053,1
USR011,2026-08-10,Manager,10,0,27,19,1,0,0,1,9.0,16.816666666666666,0.026709935853526656,1
USR011,2026-08-11,Manager,7,0,28,10,1,0,0,1,9.25,16.85,-0.014544297235645431,-1
USR011,2026-08-12,Manager,8,0,9,17,1,0,0,1,9.183333333333334,16.6,0.02444453814670383,1
USR011,2026-08-13,Manager,12,0,67,13,3,0,0,1,9.0,16.816666666666666,-0.13013850262996463,-1
USR011,2026-08-14,Manager,7,0,22,6,1,0,0,1,9.233333333333333,16.916666666666668,-0.02343814844832348,-1
USR011,2026-08-17,Manager,11,0,5,22,1,0,0,1,9.05,16.6,0.030177641867883187,1
USR011,2026-08-18,Manager,12,0,12,20,2,0,0,1,9.25,16.933333333333334,0.00914960907781448,1
USR011,2026-08-19,Manager,7,0,3,8,0,0,0,1,9.133333333333333,16.983333333333334,-0.02461450940066623,-1
USR011,2026-08-20,Manager,11,0,61,16,0,0,0,1,9.016666666666667,16.75,-0.05604578512068725,-1
USR011,2026-08-21,Manager,9,0,27,12,2,0,0,1,9.033333333333331,16.6,-0.028166691429819313,-1
USR012,2026-08-03,Manager,9,0,16,16,0,0,0,1,9.283333333333331,16.75,0.05158666439200288,1
USR012,2026-08-04,Manager,9,0,36,5,2,0,0,1,9.183333333333334,16.85,-0.050210647255729546,-1
USR012,2026-08-05,Manager,7,0,20,10,1,0,0,1,9.266666666666667,16.566666666666666,-0.04651932289230931,-1
USR012,2026-08-06,Manager,7,0,6,12,0,0,0,1,9.233333333333333,16.633333333333333,0.009381875605447954,1
USR012,2026-08-07,Manager,11,0,16,14,0,0,0,1,9.0,16.933333333333334,0.043078254070640976,1
USR012,2026-08-10,Manager,11,0,8,27,1,0,0,1,9.0,16.716666666666665,0.01135353838890224,1
USR012,2026-08-11,Manager,7,0,1,16,1,0,0,1,9.266666666666667,16.75,-0.011468870253418473,-1
USR012,2026-08-12,Manager,12,0,21,25,1,0,0,1,9.05,16.916666666666668,0.043760504566188574,1
USR012,2026-08-13,Manager,11,0,49,13,2,0,0,1,9.116666666666667,16.716666666666665,-0.03331292643782546,-1
USR012,2026-08-14,Manager,9,0,42,13,0,0,0,1,9.0,16.633333333333333,-0.03181222232504055,-1
USR012,2026-08-17,Manager,11,0,14,17,1,0,0,1,9.183333333333334,16.666666666666668,0.06191864673329178,1
USR012,2026-08-18,Manager,7,0,30,6,0,0,0,1,9.25,16.55,-0.06857243598407192,-1
USR012,2026-08-19,Manager,8,0,23,9,1,0,0,1,9.05,16.683333333333334,0.0022498521185761455,1
USR012,2026-08-20,Manager,10,0,12,14,1,0,0,1,9.2,16.95,0.052948919731773125,1
USR012,2026-08-21,Manager,11,0,35,20,2,0,0,1,9.133333333333333,16.883333333333333,0.011238889939936658,1
USR013,2026-08-03,Manager,11,0,0,34,1,0,0,1,9.05,16.95,-0.020235554040322068,-1
USR013,2026-08-04,Manager,12,0,18,22,0,0,0,1,9.116666666666667,16.683333333333334,0.07201918560223552,1
USR013,2026-08-05,Manager,8,0,19,14,1,0,0,1,9.116666666666667,16.916666666666668,0.04039630210163597,1
USR013,2026-08-06,Manager,8,0,24,8,2,0,0,1,9.3,16.533333333333335,-0.0836701841390124,-1
USR013,2026-08-07,Manager,9,0,16,23,2,0,0,1,9.083333333333334,16.716666666666665,0.007582303687747205,1
USR013,2026-08-10,Manager,11,0,11,17,3,0,0,1,9.033333333333331,16.8,-0.027016045957886425,-1
USR013,2026-08-11,Manager,7,0,5,14,1,0,0,1,9.25,16.866666666666667,0.009423485736183457,1
USR013,2026-08-12,Manager,12,0,0,38,2,0,0,1,9.116666666666667,16.85,-0.05958467596301942,-1
USR013,2026-08-13,Manager,10,0,1,28,3,0,0,1,9.016666666666667,16.5,-0.11712955683042281,-1
USR013,2026-08-14,Manager,12,0,41,14,4,0,0,1,9.066666666666666,16.716666666666665,-0.10808237893291406,-1
USR013,2026-08-17,Manager,12,0,10,28,0,0,0,1,9.316666666666666,16.616666666666667,0.012011481670701762,1
USR013,2026-08-18,Manager,7,0,10,11,0,0,0,1,9.166666666666666,16.766666666666666,0.030781376495585933,1
USR013,2026-08-19,Manager,9,0,28,11,2,0,0,1,9.316666666666666,16.916666666666668,-0.043424383184004656,-1
USR013,2026-08-20,Manager,8,0,26,19,1,0,0,1,9.0,16.716666666666665,-0.005543259691121238,-1
USR013,2026-08-21,Manager,8,0,0,17,0,0,0,1,9.15,16.883333333333333,0.04858017831400874,1
USR014,2026-08-03,CustomerService,10,0,16,13,0,0,0,1,9.0,16.7,0.04056885552568862,1
USR014,2026-08-04,CustomerService,10,0,14,9,0,0,0,1,9.0,16.616666666666667,0.01296399822345129,1
USR014,2026-08-05,CustomerService,10,0,13,16,0,0,0,1,9.2,16.566666666666666,0.060498628740367044,1
USR014,2026-08-06,CustomerService,14,0,22,16,0,0,0,1,9.033333333333331,16.883333333333333,0.03243440512138107,1
USR014,2026-08-07,CustomerService,12,0,21,15,0,0,0,1,9.033333333333331,16.833333333333332,0.05462999959124182,1
USR014,2026-08-10,CustomerService,10,0,6,13,1,0,0,1,9.05,16.5,-0.01648157565256414,-1
USR014,2026-08-11,CustomerService,15,0,22,22,0,0,0,1,9.3,16.95,-0.02248228605001379,-1
USR014,2026-08-12,CustomerService,14,0,31,17,0,0,0,1,9.15,16.633333333333333,0.009303658501631673,1
USR014,2026-08-13,CustomerService,10,0,23,19,1,0,0,1,9.2,16.633333333333333,0.04732171947176661,1
USR014,2026-08-14,CustomerService,9,0,15,15,1,0,0,1,9.266666666666667,16.883333333333333,0.04320119588016608,1
USR014,2026-08-17,CustomerService,11,0,31,12,1,0,0,1,9.316666666666666,16.933333333333334,0.00010556157705143843,1
USR014,2026-08-18,CustomerService,14,0,25,25,1,0,0,1,9.266666666666667,16.666666666666668,-0.009594881392733012,-1
USR014,2026-08-19,CustomerService,11,0,10,25,0,0,0,1,9.05,16.533333333333335,0.026739546819718685,1
USR014,2026-08-20,CustomerService,13,0,22,24,0,0,0,1,9.066666666666666,16.866666666666667,0.055674948540625935,1
USR014,2026-08-21,CustomerService,14,0,2,27,0,0,0,1,9.0,16.933333333333334,0.025751542430128227,1
USR015,2026-08-03,CustomerService,12,0,0,32,0,0,0,1,9.0,16.75,-0.0030434668815494392,-1
USR015,2026-08-04,CustomerService,12,0,13,27,0,0,0,1,9.016666666666667,16.916666666666668,0.057296032434015876,1
USR015,2026-08-05,CustomerService,9,0,4,13,0,0,0,1,9.166666666666666,16.916666666666668,0.07260995575002166,1
USR015,2026-08-06,CustomerService,14,0,5,24,0,0,0,1,9.1,16.95,0.04529471419686604,1
USR015,2026-08-07,CustomerService,11,0,9,26,0,0,0,1,9.116666666666667,16.733333333333334,0.07111462220332754,1
USR015,2026-08-10,CustomerService,12,0,21,19,0,0,0,1,9.016666666666667,16.733333333333334,0.05427619033079312,1
USR015,2026-08-11,CustomerService,14,0,10,38,0,0,0,1,9.116666666666667,16.883333333333333,0.00997357451507963,1
USR015,2026-08-12,CustomerService,9,0,26,9,0,0,0,1,9.2,16.5,-0.019100916951778957,-1
USR015,2026-08-13,CustomerService,13,0,18,23,0,0,0,1,9.3,16.55,-0.003445443274895821,-1
USR015,2026-08-14,CustomerService,10,0,15,21,0,0,0,1,9.016666666666667,16.8,0.0651884840121375,1
USR015,2026-08-17,CustomerService,14,0,7,27,0,0,0,1,9.183333333333334,16.983333333333334,0.0322631886949008,1
USR015,2026-08-18,CustomerService,9,0,2,21,1,0,0,1,9.133333333333333,16.5,-0.0045395812865914875,-1
USR015,2026-08-19,CustomerService,15,0,14,36,0,0,0,1,9.116666666666667,16.7,-0.001580758707738661,-1
USR015,2026-08-20,CustomerService,9,0,0,27,0,0,0,1,9.25,16.733333333333334,0.03104779000957031,1
USR015,2026-08-21,CustomerService,11,0,6,27,1,0,0,1,9.116666666666667,16.833333333333332,0.05493506466258413,1
USR016,2026-08-03,Teller,8,0,2,11,0,0,0,1,9.333333333333334,16.816666666666666,0.002026468514407631,1
USR016,2026-08-04,Teller,10,0,2,22,0,0,0,1,9.1,16.616666666666667,0.0640384444268065,1
USR016,2026-08-05,Teller,10,0,10,11,0,0,0,1,9.233333333333333,16.95,0.052150048500930746,1
USR016,2026-08-06,Teller,14,0,13,29,0,0,0,1,9.016666666666667,16.966666666666665,0.028995975572166655,1
USR016,2026-08-07,Teller,10,0,0,21,0,0,0,1,9.05,16.583333333333332,0.03168972235022782,1
USR016,2026-08-10,Teller,10,0,4,17,1,0,0,1,9.266666666666667,16.866666666666667,0.04943916212208954,1
USR016,2026-08-11,Teller,11,0,16,17,0,0,0,1,9.183333333333334,16.833333333333332,0.0879278095464513,1
USR016,2026-08-12,Teller,10,0,2,18,0,0,0,1,9.2,16.783333333333335,0.08323883753809469,1
USR016,2026-08-13,Teller,8,0,10,11,0,0,0,1,9.116666666666667,16.95,0.03942007190675628,1
USR016,2026-08-14,Teller,14,0,13,25,0,0,0,1,9.15,16.833333333333332,0.06871505724237925,1
USR016,2026-08-17,Teller,10,0,5,19,0,0,0,1,9.116666666666667,16.75,0.08654525951020953,1
USR016,2026-08-18,Teller,13,0,12,25,0,0,0,1,9.266666666666667,16.95,0.04353572474002615,1
USR016,2026-08-19,Teller,10,0,4,24,0,0,0,1,9.0,16.816666666666666,0.05266226000071089,1
USR016,2026-08-20,Teller,9,0,8,13,0,0,0,1,9.283333333333331,16.866666666666667,0.05537723435223307,1
USR016,2026-08-21,Teller,14,0,4,20,0,0,0,1,9.083333333333334,16.65,0.05032427322172739,1
USR017,2026-08-03,Teller,9,0,10,10,0,0,0,1,9.15,16.633333333333333,0.05817977518153944,1
USR017,2026-08-04,Teller,11,0,10,18,0,0,0,1,9.1,16.55,0.055271146850982,1
USR017,2026-08-05,Teller,11,0,4,25,0,0,0,1,9.216666666666669,16.866666666666667,0.07381300750127251,1
USR017,2026-08-06,Teller,14,0,0,37,0,0,0,1,9.116666666666667,16.716666666666665,-0.007921468329858072,-1
USR017,2026-08-07,Teller,10,0,9,17,0,0,0,1,9.016666666666667,16.666666666666668,0.057887036629229394,1
USR017,2026-08-10,Teller,13,0,5,26,0,0,0,1,9.15,16.816666666666666,0.0746685561715335,1
USR017,2026-08-11,Teller,9,0,15,4,0,0,0,1,9.2,16.9,0.010912904074406482,1
USR017,2026-08-12,Teller,10,0,5,21,0,0,0,1,9.2,16.966666666666665,0.05978491547225645,1
USR017,2026-08-13,Teller,10,0,16,10,0,0,0,1,9.316666666666666,16.5,-0.025411290506315964,-1
USR017,2026-08-14,Teller,14,0,4,27,1,0,0,1,9.316666666666666,16.566666666666666,-0.043789186353094256,-1
USR017,2026-08-17,Teller,14,0,15,22,0,0,0,1,9.116666666666667,16.95,0.047887383098685954,1
USR017,2026-08-18,Teller,10,0,5,22,0,0,0,1,9.033333333333331,16.966666666666665,0.04344875738718462,1
USR017,2026-08-19,Teller,12,0,8,24,0,0,0,1,9.066666666666666,16.75,0.06984824340386175,1
USR017,2026-08-20,Teller,9,0,4,15,0,0,0,1,9.25,16.683333333333334,0.06353417370527781,1
USR017,2026-08-21,Teller,11,0,14,16,0,0,0,1,9.133333333333333,16.616666666666667,0.06636818250220022,1
USR018,2026-08-03,CustomerService,9,0,3,16,0,0,0,1,9.2,16.983333333333334,0.04689674182066844,1
USR018,2026-08-04,CustomerService,14,0,31,23,1,0,0,1,9.0,16.95,-0.01742719319652941,-1
USR018,2026-08-05,CustomerService,14,0,7,35,1,0,0,1,9.116666666666667,16.75,0.00031513278013683976,1
USR018,2026-08-06,CustomerService,10,0,14,16,0,0,0,1,9.133333333333333,16.8,0.08986878596478765,1
USR018,2026-08-07,CustomerService,11,0,24,15,0,0,0,1,9.05,16.75,0.06390791565207932,1
USR018,2026-08-10,CustomerService,12,0,13,20,0,0,0,1,9.25,16.983333333333334,0.04255753332002854,1
USR018,2026-08-11,CustomerService,14,0,19,38,0,0,0,1,9.166666666666666,16.65,-0.016054157341612862,-1
USR018,2026-08-12,CustomerService,15,0,14,31,0,0,0,1,9.066666666666666,16.933333333333334,0.01705149229312164,1
USR018,2026-08-13,CustomerService,15,0,32,20,0,0,0,1,9.216666666666669,16.633333333333333,-0.017145933186152096,-1
USR018,2026-08-14,CustomerService,9,0,15,12,0,0,0,1,9.233333333333333,16.6,0.05107338961183244,1
USR018,2026-08-17,CustomerService,13,0,31,14,0,0,0,1,9.3,16.883333333333333,-0.0012705388637413995,-1
USR018,2026-08-18,CustomerService,14,0,10,29,0,0,0,1,9.183333333333334,16.816666666666666,0.06676627499470744,1
USR018,2026-08-19,CustomerService,15,0,38,15,0,0,0,1,9.0,16.983333333333334,-0.06415150194381081,-1
USR018,2026-08-20,CustomerService,10,0,5,19,0,0,0,1,9.283333333333331,16.8,0.06579659790225839,1
USR018,2026-08-21,CustomerService,15,0,30,20,0,0,0,1,9.05,16.85,0.0038587279938953056,1
USR019,2026-08-03,Manager,12,0,57,17,4,0,0,1,9.333333333333334,16.933333333333334,-0.16363522412613707,-1
USR019,2026-08-04,Manager,8,0,0,14,1,0,0,1,9.2,16.666666666666668,0.018432986919570404,1
USR019,2026-08-05,Manager,7,0,0,13,1,0,0,1,9.233333333333333,16.55,-0.03391345431045123,-1
USR019,2026-08-06,Manager,12,0,41,27,1,0,0,1,9.116666666666667,16.966666666666665,-0.015588301456230913,-1
USR019,2026-08-07,Manager,8,0,32,14,2,0,0,1,9.266666666666667,16.8,-0.03392384900306766,-1
USR019,2026-08-10,Manager,9,0,0,15,0,0,0,1,9.083333333333334,16.916666666666668,0.04598510656204868,1
USR019,2026-08-11,Manager,8,0,25,16,0,0,0,1,9.133333333333333,16.683333333333334,0.037500910266614285,1
USR019,2026-08-12,Manager,7,0,12,12,0,0,0,1,9.166666666666666,16.75,0.03485881688493042,1
USR019,2026-08-13,Manager,8,0,13,13,1,0,0,1,9.133333333333333,16.883333333333333,0.044565183313940215,1
USR019,2026-08-14,Manager,11,0,11,22,2,0,0,1,9.133333333333333,16.6,0.0009076391263179717,1
USR019,2026-08-17,Manager,8,0,0,17,1,0,0,1,9.25,16.766666666666666,0.02498682957788051,1
USR019,2026-08-18,Manager,12,0,15,26,2,0,0,1,9.0,16.95,-0.013135941148416319,-1
USR019,2026-08-19,Manager,8,0,6,18,1,0,0,1,9.333333333333334,16.65,-0.017407551739536342,-1
USR019,2026-08-20,Manager,8,0,43,9,1,0,0,1,9.066666666666666,16.85,-0.032317964199060634,-1
USR019,2026-08-21,Manager,9,0,0,22,2,0,0,1,9.3,16.683333333333334,-0.0384021249390758,-1
USR020,2026-08-03,Manager,9,0,26,8,0,0,0,1,9.066666666666666,16.733333333333334,0.016869477621267115,1
USR020,2026-08-04,Manager,8,0,0,18,2,0,0,1,9.15,16.766666666666666,-0.0064224206673433315,-1
USR020,2026-08-05,Manager,12,0,27,28,1,0,0,1,9.083333333333334,16.766666666666666,0.032048018988618865,1
USR020,2026-08-06,Manager,10,0,0,21,1,0,0,1,9.083333333333334,16.933333333333334,0.03910131337782485,1
USR020,2026-08-07,Manager,9,0,31,12,1,0,0,1,9.083333333333334,16.9,0.03087391424563546,1
USR020,2026-08-10,Manager,7,0,28,8,2,0,0,1,9.016666666666667,16.716666666666665,-0.07134525804586522,-1
USR020,2026-08-11,Manager,10,0,40,9,0,0,0,1,9.233333333333333,16.9,-0.007069335725323311,-1
USR020,2026-08-12,Manager,8,0,14,20,0,0,0,1,9.15,16.716666666666665,0.05776230577865388,1
USR020,2026-08-13,Manager,7,0,7,9,0,0,0,1,9.266666666666667,16.866666666666667,0.0005407222258867472,1
USR020,2026-08-14,Manager,8,0,20,12,2,0,0,1,9.15,16.75,-0.0038118647912348536,-1
USR020,2026-08-17,Manager,9,0,30,10,1,0,0,1,9.166666666666666,16.983333333333334,0.00010963087853860243,1
USR020,2026-08-18,Manager,10,0,53,10,1,0,0,1,9.266666666666667,16.8,-0.04290479011701531,-1
USR020,2026-08-19,Manager,10,0,26,15,4,0,0,1,9.0,16.65,-0.10958902050898678,-1
USR020,2026-08-20,Manager,12,0,11,25,1,0,0,1,9.066666666666666,16.933333333333334,0.049103899854267,1
USR020,2026-08-21,Manager,12,0,22,26,1,0,0,1,9.116666666666667,16.85,0.052816945269281046,1
USR021,2026-08-03,CustomerService,15,0,24,23,0,0,0,1,9.316666666666666,16.983333333333334,-0.04277236057890166,-1
USR021,2026-08-04,CustomerService,12,0,7,24,1,0,0,1,9.216666666666669,16.95,0.04160019800850945,1
USR021,2026-08-05,CustomerService,15,0,25,29,0,0,0,1,9.316666666666666,16.516666666666666,-0.08431066922972719,-1
USR021,2026-08-06,CustomerService,10,0,0,24,1,0,0,1,9.133333333333333,16.9,0.040655922671596734,1
USR021,2026-08-07,CustomerService,9,0,25,11,0,0,0,1,9.133333333333333,16.983333333333334,0.01666537393716222,1
USR021,2026-08-10,CustomerService,11,0,10,23,1,0,0,1,9.216666666666669,16.916666666666668,0.05533465222231293,1
USR021,2026-08-11,CustomerService,15,0,20,33,2,0,0,1,9.233333333333333,16.5,-0.11446657890119971,-1
USR021,2026-08-12,CustomerService,11,0,12,22,0,0,0,1,9.033333333333331,16.966666666666665,0.053029596018655645,1
USR021,2026-08-13,CustomerService,15,0,23,19,0,0,0,1,9.15,16.983333333333334,0.0038971237919443458,1
USR021,2026-08-14,CustomerService,10,0,8,20,0,0,0,1,9.083333333333334,16.866666666666667,0.08219274099775004,1
USR021,2026-08-17,CustomerService,12,0,6,30,1,0,0,1,9.166666666666666,16.7,0.039256237548070005,1
USR021,2026-08-18,CustomerService,9,0,10,13,0,0,0,1,9.166666666666666,16.883333333333333,0.08452137769504697,1
USR021,2026-08-19,CustomerService,9,0,0,19,0,0,0,1,9.066666666666666,16.616666666666667,0.040540535689170876,1
USR021,2026-08-20,CustomerService,13,0,22,18,0,0,0,1,9.15,16.816666666666666,0.05924387351161836,1
USR021,2026-08-21,CustomerService,16,0,29,18,0,0,0,1,9.016666666666667,16.8,-0.03313522632797672,-1
USR022,2026-08-03,Teller,9,0,6,24,0,0,0,1,9.033333333333331,16.866666666666667,0.052262717547811366,1
USR022,2026-08-04,Teller,13,0,0,34,0,0,0,1,9.05,16.716666666666665,0.003935020026247016,1
USR022,2026-08-05,Teller,10,0,7,16,0,0,0,1,9.05,16.916666666666668,0.07610039750933723,1
USR022,2026-08-06,Teller,8,0,0,20,0,0,0,1,9.266666666666667,16.616666666666667,0.016936400016207553,1
USR022,2026-08-07,Teller,10,0,3,24,0,0,0,1,9.15,16.8,0.08091518169336792,1
USR022,2026-08-10,Teller,9,0,4,10,0,0,0,1,9.066666666666666,16.866666666666667,0.05378820964533171,1
USR022,2026-08-11,Teller,12,0,4,21,1,0,0,1,9.266666666666667,16.716666666666665,0.03805808737098881,1
USR022,2026-08-12,Teller,11,0,4,28,0,0,0,1,9.05,16.783333333333335,0.06029430549354403,1
USR022,2026-08-13,Teller,9,0,0,20,0,0,0,1,9.033333333333331,16.533333333333335,0.0033197661750734575,1
USR022,2026-08-14,Teller,13,0,6,34,1,0,0,1,9.033333333333331,16.683333333333334,-0.0056409558246650615,-1
USR022,2026-08-17,Teller,10,0,6,12,0,0,0,1,9.016666666666667,16.566666666666666,0.02351105006853399,1
USR022,2026-08-18,Teller,9,0,3,17,0,0,0,1,9.033333333333331,16.85,0.06200890169747941,1
USR022,2026-08-19,Teller,11,0,1,23,0,0,0,1,9.033333333333331,16.783333333333335,0.05213755683724536,1
USR022,2026-08-20,Teller,12,0,11,22,0,0,0,1,9.016666666666667,16.916666666666668,0.06609577956125412,1
USR022,2026-08-21,Teller,9,0,4,21,0,0,0,1,9.066666666666666,16.933333333333334,0.05559670713454673,1
USR023,2026-08-03,CustomerService,12,0,16,15,0,0,0,1,9.166666666666666,16.983333333333334,0.04076040050246632,1
USR023,2026-08-04,CustomerService,9,0,20,16,0,0,0,1,9.283333333333331,16.9,0.04230573608802851,1
USR023,2026-08-05,CustomerService,16,0,9,49,0,0,0,1,9.316666666666666,16.7,-0.10423248278575192,-1
USR023,2026-08-06,CustomerService,15,0,15,22,0,0,0,1,9.0,16.516666666666666,-0.043101198615497216,-1
USR023,2026-08-07,CustomerService,12,0,29,24,1,0,0,1,9.183333333333334,16.983333333333334,0.015813049677662894,1
USR023,2026-08-10,CustomerService,10,0,1,21,0,0,0,1,9.05,16.85,0.06011946967630083,1
USR023,2026-08-11,CustomerService,11,0,6,24,0,0,0,1,9.266666666666667,16.683333333333334,0.05923433194533706,1
USR023,2026-08-12,CustomerService,15,0,5,43,0,0,0,1,9.0,16.85,-0.05716831470861805,-1
USR023,2026-08-13,CustomerService,15,0,10,31,1,0,0,1,9.016666666666667,16.95,-0.02390233958634569,-1
USR023,2026-08-14,CustomerService,10,0,20,17,0,0,0,1,9.1,16.933333333333334,0.0679584620998101,1
USR023,2026-08-17,CustomerService,12,0,6,31,0,0,0,1,9.016666666666667,16.583333333333332,0.0022825491631506267,1
USR023,2026-08-18,CustomerService,15,0,22,27,0,0,0,1,9.233333333333333,16.916666666666668,0.014243635512054431,1
USR023,2026-08-19,CustomerService,14,0,21,28,0,0,0,1,9.166666666666666,16.733333333333334,0.04674525347470432,1
USR023,2026-08-20,CustomerService,9,0,2,17,0,0,0,1,9.183333333333334,16.833333333333332,0.08144515589983198,1
USR023,2026-08-21,CustomerService,11,0,9,16,0,0,0,1,9.25,16.8,0.07925890451570639,1
USR024,2026-08-03,CustomerService,16,0,29,28,0,0,0,1,9.133333333333333,16.9,-0.011339344923713579,-1
USR024,2026-08-04,CustomerService,14,0,3,37,0,0,0,1,9.083333333333334,16.983333333333334,-0.022123671197332162,-1
USR024,2026-08-05,CustomerService,15,0,6,33,0,0,0,1,9.0,16.866666666666667,-0.001310597023573501,-1
USR024,2026-08-06,CustomerService,10,0,8,16,0,0,0,1,9.333333333333334,16.916666666666668,0.030591356816692672,1
USR024,2026-08-07,CustomerService,12,0,0,23,1,0,0,1,9.216666666666669,16.666666666666668,0.03681743608111182,1
USR024,2026-08-10,CustomerService,12,0,9,27,0,0,0,1,9.033333333333331,16.833333333333332,0.06424294239393014,1
USR024,2026-08-11,CustomerService,16,0,23,33,0,0,0,1,9.066666666666666,16.966666666666665,-0.04595793654005653,-1
USR024,2026-08-12,CustomerService,13,0,12,29,0,0,0,1,9.133333333333333,16.833333333333332,0.06637448462476514,1
USR024,2026-08-13,CustomerService,11,0,37,15,2,0,0,1,9.116666666666667,16.783333333333335,0.00906063577861177,1
USR024,2026-08-14,CustomerService,12,0,10,22,0,0,0,1,9.266666666666667,16.633333333333333,0.05752416797567439,1
USR024,2026-08-17,CustomerService,15,0,32,26,0,0,0,1,9.0,16.783333333333335,-0.024864697799827695,-1
USR024,2026-08-18,CustomerService,15,0,11,34,0,0,0,1,9.283333333333331,16.616666666666667,-0.02255528709403465,-1
USR024,2026-08-19,CustomerService,9,0,11,20,0,0,0,1,9.016666666666667,16.6,0.03902182686725936,1
USR024,2026-08-20,CustomerService,11,0,9,18,0,0,0,1,9.033333333333331,16.65,0.06698149963481026,1
USR024,2026-08-21,CustomerService,16,0,26,21,1,0,0,1,9.333333333333334,16.633333333333333,-0.08278991804301117,-1
USR025,2026-08-03,CustomerService,12,0,22,21,1,0,0,1,9.283333333333331,16.8,0.0333217349855075,1
USR025,2026-08-04,CustomerService,11,0,15,16,1,0,0,1,9.05,16.983333333333334,0.033212238793754845,1
USR025,2026-08-05,CustomerService,12,0,7,23,0,0,0,1,9.0,16.633333333333333,0.04158572178443176,1
USR025,2026-08-06,CustomerService,16,0,30,39,1,0,0,1,9.316666666666666,16.9,-0.1189352112074491,-1
USR025,2026-08-07,CustomerService,10,0,0,21,1,0,0,1,9.133333333333333,16.933333333333334,0.047477067983267285,1
USR025,2026-08-10,CustomerService,13,0,11,24,2,0,0,1,9.066666666666666,16.966666666666665,-0.0011435593553088541,-1
USR025,2026-08-11,CustomerService,10,0,22,10,0,0,0,1,9.15,16.733333333333334,0.054697770607402496,1
USR025,2026-08-12,CustomerService,12,0,12,18,0,0,0,1,9.133333333333333,16.866666666666667,0.08140818539682237,1
USR025,2026-08-13,CustomerService,16,0,11,36,0,0,0,1,9.016666666666667,16.6,-0.05270899816575603,-1
USR025,2026-08-14,CustomerService,9,0,0,22,1,0,0,1,9.15,16.8,0.04661218632959435,1
USR025,2026-08-17,CustomerService,9,0,10,11,0,0,0,1,9.066666666666666,16.733333333333334,0.06277758251521581,1
USR025,2026-08-18,CustomerService,13,0,20,25,1,0,0,1,9.233333333333333,16.766666666666666,0.035743500972530484,1
USR025,2026-08-19,CustomerService,10,0,6,20,0,0,0,1,9.083333333333334,16.733333333333334,0.07946936833314039,1
USR025,2026-08-20,CustomerService,9,0,3,21,0,0,0,1,9.266666666666667,16.95,0.040766479382286724,1
USR025,2026-08-21,CustomerService,11,0,9,19,0,0,0,1,9.1,16.566666666666666,0.060487252572053674,1
USR026,2026-08-03,Teller,12,0,1,28,0,0,0,1,9.083333333333334,16.9,0.047351260696168906,1
USR026,2026-08-04,Teller,13,0,12,23,1,0,0,1,9.1,16.616666666666667,0.032116979271867074,1
USR026,2026-08-05,Teller,9,0,16,11,0,0,0,1,9.133333333333333,16.9,0.06396672708443307,1
USR026,2026-08-06,Teller,9,0,5,12,0,0,0,1,9.033333333333331,16.716666666666665,0.05458991956798609,1
USR026,2026-08-07,Teller,10,0,9,13,0,0,0,1,9.05,16.95,0.06049358364353591,1
USR026,2026-08-10,Teller,14,0,8,29,0,0,0,1,9.033333333333331,16.9,0.046134727058421754,1
USR026,2026-08-11,Teller,9,0,1,19,0,0,0,1,9.2,16.783333333333335,0.07016628669706249,1
USR026,2026-08-12,Teller,8,0,1,14,0,0,0,1,9.233333333333333,16.566666666666666,0.019589235201821042,1
USR026,2026-08-13,Teller,9,0,4,12,0,0,0,1,9.066666666666666,16.916666666666668,0.06050024733208054,1
USR026,2026-08-14,Teller,13,0,4,27,0,0,0,1,9.25,16.85,0.06031215485264646,1
USR026,2026-08-17,Teller,8,0,14,9,0,0,0,1,9.0,16.683333333333334,0.007920968903786796,1
USR026,2026-08-18,Teller,14,0,11,23,1,0,0,1,9.116666666666667,16.75,0.041656689950294756,1
USR026,2026-08-19,Teller,8,0,6,15,0,0,0,1,9.1,16.766666666666666,0.06662084567392124,1
USR026,2026-08-20,Teller,12,0,7,27,0,0,0,1,9.266666666666667,16.9,0.056710653561211466,1
USR026,2026-08-21,Teller,11,0,2,32,0,0,0,1,9.016666666666667,16.6,-0.0016744344683268242,-1
USR027,2026-08-03,Teller,12,0,5,24,0,0,0,1,9.15,16.933333333333334,0.06793393883719268,1
USR027,2026-08-04,Teller,9,0,1,17,0,0,0,1,9.133333333333333,16.85,0.07062935809794807,1
USR027,2026-08-05,Teller,14,0,3,41,0,0,0,1,9.216666666666669,16.766666666666666,-0.02953613153398893,-1
USR027,2026-08-06,Teller,14,0,12,22,0,0,0,1,9.116666666666667,16.616666666666667,0.04852363098162932,1
USR027,2026-08-07,Teller,12,0,15,12,0,0,0,1,9.116666666666667,16.583333333333332,0.031888143875652475,1
USR027,2026-08-10,Teller,13,0,0,33,0,0,0,1,9.316666666666666,16.783333333333335,-0.01272607717747265,-1
USR027,2026-08-11,Teller,13,0,7,23,0,0,0,1,9.116666666666667,16.866666666666667,0.07489809630368433,1
USR027,2026-08-12,Teller,14,0,5,36,0,0,0,1,9.216666666666669,16.583333333333332,-0.013702887968491506,-1
USR027,2026-08-13,Teller,14,0,11,21,0,0,0,1,9.05,16.783333333333335,0.059920177330263946,1
USR027,2026-08-14,Teller,12,0,5,25,0,0,0,1,9.333333333333334,16.966666666666665,0.007750506734653773,1
USR027,2026-08-17,Teller,8,0,12,11,0,0,0,1,9.316666666666666,16.766666666666666,0.02903846319448017,1
USR027,2026-08-18,Teller,10,0,8,21,2,0,0,1,9.016666666666667,16.85,0.005255250476326634,1
USR027,2026-08-19,Teller,12,0,7,17,1,0,0,1,9.116666666666667,16.566666666666666,0.026156566749268084,1
USR027,2026-08-20,Teller,10,0,3,16,0,0,0,1,9.116666666666667,16.783333333333335,0.0848922054690811,1
USR027,2026-08-21,Teller,13,0,0,36,0,0,0,1,9.0,16.766666666666666,-0.024765932459092976,-1
USR028,2026-08-03,CustomerService,10,0,15,25,0,0,0,1,9.233333333333333,16.533333333333335,0.026579546221129347,1
USR028,2026-08-04,CustomerService,12,0,23,17,0,0,0,1,9.033333333333331,16.85,0.05315303413691269,1
USR028,2026-08-05,CustomerService,12,0,6,32,0,0,0,1,9.116666666666667,16.733333333333334,0.04704930783203459,1
USR028,2026-08-06,CustomerService,16,0,20,32,3,0,0,1,9.3,16.95,-0.12390953847229136,-1
USR028,2026-08-07,CustomerService,16,0,12,41,0,0,0,1,9.3,16.733333333333334,-0.082383421932412,-1
USR028,2026-08-10,CustomerService,11,0,15,14,0,0,0,1,9.0,16.983333333333334,0.019563113138190702,1
USR028,2026-08-11,CustomerService,15,0,32,25,0,0,0,1,9.0,16.8,-0.02231310240822204,-1
USR028,2026-08-12,CustomerService,15,0,19,29,1,0,0,1,9.033333333333331,16.733333333333334,-0.004658188644030337,-1
USR028,2026-08-13,CustomerService,12,0,27,20,0,0,0,1,9.0,16.75,0.030613386987264568,1
USR028,2026-08-14,CustomerService,11,0,7,19,0,0,0,1,9.066666666666666,16.933333333333334,0.07152645097834948,1
USR028,2026-08-17,CustomerService,15,0,15,37,0,0,0,1,9.083333333333334,16.616666666666667,-0.020321086371867136,-1
USR028,2026-08-18,CustomerService,13,0,18,18,2,0,0,1,9.133333333333333,16.883333333333333,0.00713337089877053,1
USR028,2026-08-19,CustomerService,16,0,6,20,0,0,0,1,9.3,16.5,-0.06953742333310398,-1
USR028,2026-08-20,CustomerService,15,0,1,31,0,0,0,1,9.0,16.783333333333335,-0.01251620478445814,-1
USR028,2026-08-21,CustomerService,9,0,11,9,0,0,0,1,9.183333333333334,16.783333333333335,0.06743740074643834,1
USR029,2026-08-03,Teller,13,0,6,34,0,0,0,1,9.233333333333333,16.8,0.03563466315893882,1
USR029,2026-08-04,Teller,8,0,9,9,0,0,0,1,9.083333333333334,16.683333333333334,0.037347709230161064,1
USR029,2026-08-05,Teller,14,0,11,17,1,0,0,1,9.05,16.95,0.019707619501091955,1
USR029,2026-08-06,Teller,11,0,11,7,0,0,0,1,9.333333333333334,16.966666666666665,-0.017235426579775837,-1
USR029,2026-08-07,Teller,9,0,8,15,0,0,0,1,9.0,16.866666666666667,0.0497794537235165,1
USR029,2026-08-10,Teller,8,0,0,17,0,0,0,1,9.066666666666666,16.983333333333334,0.005180744068837395,1
USR029,2026-08-11,Teller,13,0,5,23,0,0,0,1,9.05,16.9,0.06184405159286066,1
USR029,2026-08-12,Teller,11,0,7,25,0,0,0,1,9.3,16.866666666666667,0.0461483676191371,1
USR029,2026-08-13,Teller,13,0,11,19,1,0,0,1,9.233333333333333,16.85,0.041411166942472155,1
USR029,2026-08-14,Teller,14,0,9,26,0,0,0,1,9.266666666666667,16.883333333333333,0.046954620175049255,1
USR029,2026-08-17,Teller,12,0,6,17,0,0,0,1,9.216666666666669,16.983333333333334,0.04346557931659362,1
USR029,2026-08-18,Teller,8,0,3,17,0,0,0,1,9.283333333333331,16.65,0.030751717362199782,1
USR029,2026-08-19,Teller,14,0,9,34,1,0,0,1,9.166666666666666,16.966666666666665,-0.004487197645340668,-1
USR029,2026-08-20,Teller,14,0,4,31,1,0,0,1,9.333333333333334,16.8,-0.024185220734159185,-1
USR029,2026-08-21,Teller,9,0,3,15,0,0,0,1,9.0,16.95,0.02559668483682831,1
USR030,2026-08-03,CustomerService,10,0,12,14,0,0,0,1,9.166666666666666,16.966666666666665,0.06444872580553657,1
USR030,2026-08-04,CustomerService,15,0,21,30,2,0,0,1,9.083333333333334,16.8,-0.039715698056253634,-1
USR030,2026-08-05,CustomerService,9,0,16,8,2,0,0,1,9.083333333333334,16.883333333333333,-0.0013993646285687111,-1
USR030,2026-08-06,CustomerService,15,0,14,24,0,0,0,1,9.016666666666667,16.55,-0.01235867362035481,-1
USR030,2026-08-07,CustomerService,16,0,23,29,0,0,0,1,9.083333333333334,16.65,-0.009632409523803509,-1
USR030,2026-08-10,CustomerService,15,0,40,15,0,0,0,1,9.05,16.783333333333335,-0.033521200547910524,-1
USR030,2026-08-11,CustomerService,11,0,14,22,0,0,0,1,9.066666666666666,16.85,0.07654822201695966,1
USR030,2026-08-12,CustomerService,9,0,0,25,0,0,0,1,9.233333333333333,16.783333333333335,0.04349291756634793,1
USR030,2026-08-13,CustomerService,10,0,8,22,0,0,0,1,9.116666666666667,16.8,0.08506704150853367,1
USR030,2026-08-14,CustomerService,10,0,0,29,0,0,0,1,9.016666666666667,16.816666666666666,0.02325689597966618,1
USR030,2026-08-17,CustomerService,14,0,10,27,1,0,0,1,9.3,16.683333333333334,-0.0035103227066923814,-1
USR030,2026-08-18,CustomerService,9,0,10,17,0,0,0,1,9.116666666666667,16.833333333333332,0.0841487102054953,1
USR030,2026-08-19,CustomerService,10,0,22,14,0,0,0,1,9.066666666666666,16.983333333333334,0.02655985531910038,1
USR030,2026-08-20,CustomerService,15,0,24,32,3,0,0,1,9.3,16.916666666666668,-0.10854148545394315,-1
USR030,2026-08-21,CustomerService,14,0,31,19,1,0,0,1,9.0,16.65,-0.0302099674297005,-1
USR031,2026-08-03,Teller,13,0,5,24,0,0,0,1,9.2,16.666666666666668,0.06052970078849107,1
USR031,2026-08-04,Teller,10,0,4,23,0,0,0,1,9.05,16.783333333333335,0.0702843334778423,1
USR031,2026-08-05,Teller,9,0,5,15,0,0,0,1,9.0,16.533333333333335,0.009500075939812336,1
USR031,2026-08-06,Teller,13,0,10,23,0,0,0,1,9.1,16.566666666666666,0.039671282147455356,1
USR031,2026-08-07,Teller,8,0,4,12,0,0,0,1,9.133333333333333,16.8,0.0662412313311464,1
USR031,2026-08-10,Teller,12,0,10,17,0,0,0,1,9.016666666666667,16.966666666666665,0.04748853048109081,1
USR031,2026-08-11,Teller,14,0,7,24,0,0,0,1,9.15,16.633333333333333,0.048492180297723675,1
USR031,2026-08-12,Teller,9,0,7,14,0,0,0,1,9.183333333333334,16.883333333333333,0.0783794097070385,1
USR031,2026-08-13,Teller,14,0,2,33,0,0,0,1,9.25,16.966666666666665,-0.0052303968557227964,-1
USR031,2026-08-14,Teller,10,0,15,13,0,0,0,1,9.133333333333333,16.6,0.06298197856880394,1
USR031,2026-08-17,Teller,8,0,0,20,0,0,0,1,9.1,16.966666666666665,0.018108153070106714,1
USR031,2026-08-18,Teller,10,0,17,10,0,0,0,1,9.25,16.916666666666668,0.04862316857886706,1
USR031,2026-08-19,Teller,10,0,2,16,1,0,0,1,9.033333333333331,16.583333333333332,0.0073812909374237345,1
USR031,2026-08-20,Teller,9,0,9,13,0,0,0,1,9.333333333333334,16.6,-0.00048190009273163525,-1
USR031,2026-08-21,Teller,9,0,11,10,0,0,0,1,9.283333333333331,16.5,-0.011224161228770568,-1
USR032,2026-08-03,Teller,10,0,6,15,0,0,0,1,9.233333333333333,16.566666666666666,0.05143043171667944,1
USR032,2026-08-04,Teller,12,0,12,24,0,0,0,1,9.1,16.633333333333333,0.07103712076393237,1
USR032,2026-08-05,Teller,13,0,7,32,0,0,0,1,9.066666666666666,16.866666666666667,0.04677302903187197,1
USR032,2026-08-06,Teller,14,0,17,26,0,0,0,1,9.033333333333331,16.716666666666665,0.04510981771016165,1
USR032,2026-08-07,Teller,10,0,12,14,0,0,0,1,9.25,16.883333333333333,0.0749859172502792,1
USR032,2026-08-10,Teller,12,0,17,15,0,0,0,1,9.033333333333331,16.733333333333334,0.06073690300998713,1
USR032,2026-08-11,Teller,13,0,5,26,0,0,0,1,9.116666666666667,16.8,0.0718677055068177,1
USR032,2026-08-12,Teller,8,0,8,7,0,0,0,1,9.15,16.666666666666668,0.032073228302583745,1
USR032,2026-08-13,Teller,10,0,2,16,0,0,0,1,9.283333333333331,16.966666666666665,0.03959937201123226,1
USR032,2026-08-14,Teller,11,0,6,21,0,0,0,1,9.05,16.716666666666665,0.07516079908334744,1
USR032,2026-08-17,Teller,11,0,8,17,0,0,0,1,9.066666666666666,16.966666666666665,0.05924295833068233,1
USR032,2026-08-18,Teller,9,0,8,14,1,0,0,1,9.016666666666667,16.9,0.032750704373483486,1
USR032,2026-08-19,Teller,13,0,9,26,0,0,0,1,9.15,16.666666666666668,0.061821879422053194,1
USR032,2026-08-20,Teller,8,0,6,8,0,0,0,1,9.033333333333331,16.583333333333332,-0.0015306371608462266,-1
USR032,2026-08-21,Teller,8,0,2,11,0,0,0,1,9.1,16.6,0.02403106749369721,1
USR033,2026-08-03,Manager,8,0,4,16,1,0,0,1,9.066666666666666,16.916666666666668,0.02975704170148835,1
USR033,2026-08-04,Manager,8,0,9,22,0,0,0,1,9.1,16.783333333333335,0.05121572246415035,1
USR033,2026-08-05,Manager,12,0,54,18,1,0,0,1,9.333333333333334,16.75,-0.05846571554150959,-1
USR033,2026-08-06,Manager,8,0,15,14,1,0,0,1,9.3,16.95,0.007982752125305359,1
USR033,2026-08-07,Manager,12,0,35,25,0,0,0,1,9.116666666666667,16.566666666666666,-0.009383284937099723,-1
USR033,2026-08-10,Manager,11,0,35,18,1,0,0,1,9.116666666666667,16.783333333333335,0.03586618234980388,1
USR033,2026-08-11,Manager,9,0,6,5,2,0,0,1,9.05,16.966666666666665,-0.04967592155534817,-1
USR033,2026-08-12,Manager,11,0,12,19,2,0,0,1,9.133333333333333,16.566666666666666,0.0037025923175316167,1
USR033,2026-08-13,Manager,10,0,25,12,2,0,0,1,9.283333333333331,16.633333333333333,-0.03202192482670285,-1
USR033,2026-08-14,Manager,9,0,15,13,1,0,0,1,9.133333333333333,16.733333333333334,0.05745927173118964,1
USR033,2026-08-17,Manager,10,0,50,9,1,0,0,1,9.0,16.883333333333333,-0.04641463976986715,-1
USR033,2026-08-18,Manager,7,0,0,16,2,0,0,1,9.05,16.866666666666667,-0.040444840806845184,-1
USR033,2026-08-19,Manager,8,0,1,14,0,0,0,1,9.05,16.616666666666667,0.015290687471211206,1
USR033,2026-08-20,Manager,7,0,0,16,1,0,0,1,9.15,16.733333333333334,0.005888391851483266,1
USR033,2026-08-21,Manager,11,0,11,22,1,0,0,1,9.283333333333331,16.833333333333332,0.04604314118643049,1
USR034,2026-08-03,CustomerService,15,0,17,26,0,0,0,1,9.166666666666666,16.916666666666668,0.033057391511854495,1
USR034,2026-08-04,CustomerService,13,0,14,25,0,0,0,1,9.166666666666666,16.9,0.07220937905207375,1
USR034,2026-08-05,CustomerService,12,0,10,32,0,0,0,1,9.05,16.5,-0.021034889079637242,-1
USR034,2026-08-06,CustomerService,13,0,25,16,0,0,0,1,9.05,16.95,0.02672711913662046,1
USR034,2026-08-07,CustomerService,13,0,18,25,0,0,0,1,9.066666666666666,16.883333333333333,0.06549553722562013,1
USR034,2026-08-10,CustomerService,12,0,18,25,1,0,0,1,9.183333333333334,16.966666666666665,0.04205593098665228,1
USR034,2026-08-11,CustomerService,11,0,4,31,1,0,0,1,9.0,16.9,0.0026743727177152565,1
USR034,2026-08-12,CustomerService,9,0,0,23,2,0,0,1,9.1,16.983333333333334,-0.022444113139546418,-1
USR034,2026-08-13,CustomerService,13,0,15,32,0,0,0,1,9.1,16.7,0.03999550944699953,1
USR034,2026-08-14,CustomerService,16,0,28,32,0,0,0,1,9.15,16.866666666666667,-0.024038730192225577,-1
USR034,2026-08-17,CustomerService,12,0,19,18,1,0,0,1,9.25,16.866666666666667,0.05227136883344646,1
USR034,2026-08-18,CustomerService,16,0,32,29,1,0,0,1,9.0,16.516666666666666,-0.12655123591542083,-1
USR034,2026-08-19,CustomerService,15,0,12,33,0,0,0,1,9.033333333333331,16.633333333333333,-0.0015270128871623934,-1
USR034,2026-08-20,CustomerService,11,0,4,23,0,0,0,1,9.083333333333334,16.933333333333334,0.06314402906351713,1
USR034,2026-08-21,CustomerService,10,0,11,10,0,0,0,1,9.216666666666669,16.65,0.05894917712118242,1
USR035,2026-08-03,CustomerService,9,0,14,16,0,0,0,1,9.183333333333334,16.983333333333334,0.0471455626442302,1
USR035,2026-08-04,CustomerService,14,0,11,31,0,0,0,1,9.2,16.833333333333332,0.053142148271415834,1
USR035,2026-08-05,CustomerService,11,0,15,14,1,0,0,1,9.0,16.916666666666668,0.026917894137983567,1
USR035,2026-08-06,CustomerService,13,0,21,24,0,0,0,1,9.333333333333334,16.9,0.0041670140292787705,1
USR035,2026-08-07,CustomerService,12,0,16,21,0,0,0,1,9.316666666666666,16.55,0.0065630781479125155,1
USR035,2026-08-10,CustomerService,12,0,19,24,0,0,0,1,9.15,16.85,0.07345121382464714,1
USR035,2026-08-11,CustomerService,14,0,11,31,1,0,0,1,9.15,16.733333333333334,0.021834309304856414,1
USR035,2026-08-12,CustomerService,10,0,0,25,0,0,0,1,9.116666666666667,16.966666666666665,0.03748480906187995,1
USR035,2026-08-13,CustomerService,12,0,18,26,0,0,0,1,9.033333333333331,16.85,0.0580065517857018,1
USR035,2026-08-14,CustomerService,16,0,1,46,1,0,0,1,9.233333333333333,16.766666666666666,-0.11821181538841741,-1
USR035,2026-08-17,CustomerService,15,0,16,41,1,0,0,1,9.05,16.866666666666667,-0.06609068001284091,-1
USR035,2026-08-18,CustomerService,15,0,33,20,1,0,0,1,9.266666666666667,16.783333333333335,-0.03567722354218006,-1
USR035,2026-08-19,CustomerService,16,0,22,27,1,0,0,1,9.216666666666669,16.833333333333332,-0.021844829471481364,-1
USR035,2026-08-20,CustomerService,15,0,4,25,0,0,0,1,9.166666666666666,16.966666666666665,0.02396654187616487,1
USR035,2026-08-21,CustomerService,11,0,9,12,0,0,0,1,9.333333333333334,16.683333333333334,0.014666097334081751,1
USR036,2026-08-03,Manager,12,0,23,27,1,0,0,1,9.066666666666666,16.55,-0.005338157643928865,-1
USR036,2026-08-04,Manager,9,0,11,22,2,0,0,1,9.333333333333334,16.516666666666666,-0.07777169418397456,-1
USR036,2026-08-05,Manager,9,0,14,17,2,0,0,1,9.166666666666666,16.833333333333332,0.02260124872995095,1
USR036,2026-08-06,Manager,8,0,0,22,0,0,0,1,9.283333333333331,16.716666666666665,0.020446209801875337,1
USR036,2026-08-07,Manager,9,0,20,17,1,0,0,1,9.183333333333334,16.916666666666668,0.051123745379421326,1
USR036,2026-08-10,Manager,11,0,61,17,2,0,0,1,9.283333333333331,16.883333333333333,-0.08214138026381534,-1
USR036,2026-08-11,Manager,12,0,6,27,1,0,0,1,9.0,16.833333333333332,0.03173640412603468,1
USR036,2026-08-12,Manager,8,0,19,16,0,0,0,1,9.216666666666669,16.7,0.041935990965110304,1
USR036,2026-08-13,Manager,7,0,18,4,1,0,0,1,9.25,16.75,-0.04606758757335916,-1
USR036,2026-08-14,Manager,10,0,63,6,1,0,0,1,9.016666666666667,16.816666666666666,-0.08225907905422658,-1
USR036,2026-08-17,Manager,9,0,41,8,0,0,0,1,9.0,16.683333333333334,-0.0427904026688557,-1
USR036,2026-08-18,Manager,9,0,3,15,1,0,0,1,9.116666666666667,16.75,0.05462833459151306,1
USR036,2026-08-19,Manager,10,0,34,13,2,0,0,1,9.233333333333333,16.683333333333334,-0.01875079472026553,-1
USR036,2026-08-20,Manager,8,0,28,14,2,0,0,1,9.033333333333331,16.533333333333335,-0.05211247287135912,-1
USR036,2026-08-21,Manager,12,0,4,31,1,0,0,1,9.15,16.883333333333333,0.03175016962770921,1
USR037,2026-08-03,Teller,14,0,5,31,0,0,0,1,9.033333333333331,16.55,-0.010844737313059571,-1
USR037,2026-08-04,Teller,13,0,11,24,0,0,0,1,9.283333333333331,16.783333333333335,0.051634428279571765,1
USR037,2026-08-05,Teller,11,0,9,28,0,0,0,1,9.183333333333334,16.966666666666665,0.04889788903423775,1
USR037,2026-08-06,Teller,10,0,11,6,0,0,0,1,9.316666666666666,16.983333333333334,-0.019465635813316506,-1
USR037,2026-08-07,Teller,11,0,11,17,0,0,0,1,9.133333333333333,16.883333333333333,0.0860785462618221,1
USR037,2026-08-10,Teller,14,0,7,26,0,0,0,1,9.216666666666669,16.966666666666665,0.037878115967832526,1
USR037,2026-08-11,Teller,11,0,0,23,0,0,0,1,9.083333333333334,16.683333333333334,0.0502643320859501,1
USR037,2026-08-12,Teller,9,0,4,22,0,0,0,1,9.066666666666666,16.816666666666666,0.06612913028447132,1
USR037,2026-08-13,Teller,11,0,10,20,1,0,0,1,9.166666666666666,16.816666666666666,0.07249463870341782,1
USR037,2026-08-14,Teller,14,0,10,24,0,0,0,1,9.0,16.883333333333333,0.045383207782089985,1
USR037,2026-08-17,Teller,10,0,3,20,0,0,0,1,9.1,16.916666666666668,0.07568998094378387,1
USR037,2026-08-18,Teller,11,0,0,32,0,0,0,1,9.183333333333334,16.766666666666666,0.03254132013751454,1
USR037,2026-08-19,Teller,11,0,6,18,0,0,0,1,9.05,16.783333333333335,0.08246381634045641,1
USR037,2026-08-20,Teller,9,0,5,20,0,0,0,1,9.2,16.933333333333334,0.06284838540489118,1
USR037,2026-08-21,Teller,11,0,8,20,0,0,0,1,9.066666666666666,16.55,0.04706850114807681,1
USR038,2026-08-03,Manager,12,0,23,22,3,0,0,1,9.283333333333331,16.933333333333334,-0.049193767150799594,-1
USR038,2026-08-04,Manager,11,0,41,17,3,0,0,1,9.05,16.65,-0.062214854701534206,-1
USR038,2026-08-05,Manager,9,0,4,17,1,0,0,1,9.066666666666666,16.783333333333335,0.05140461586971262,1
USR038,2026-08-06,Manager,10,0,0,32,2,0,0,1,9.266666666666667,16.866666666666667,-0.04946526203477075,-1
USR038,2026-08-07,Manager,11,0,17,28,2,0,0,1,9.2,16.916666666666668,-0.0011839507973896435,-1
USR038,2026-08-10,Manager,12,0,30,24,0,0,0,1,9.233333333333333,16.716666666666665,0.027385080319327126,1
USR038,2026-08-11,Manager,10,0,60,13,2,0,0,1,9.166666666666666,16.933333333333334,-0.07152162211963686,-1
USR038,2026-08-12,Manager,8,0,0,18,1,0,0,1,9.2,16.633333333333333,0.0229501092131012,1
USR038,2026-08-13,Manager,10,0,13,28,2,0,0,1,9.133333333333333,16.966666666666665,-0.007471704285822445,-1
USR038,2026-08-14,Manager,11,0,48,12,0,0,0,1,9.066666666666666,16.583333333333332,-0.0430525263409276,-1
USR038,2026-08-17,Manager,7,0,4,8,0,0,0,1,9.3,16.966666666666665,-0.039557597162558356,-1
USR038,2026-08-18,Manager,9,0,20,19,1,0,0,1,9.25,16.65,0.03273755022096969,1
USR038,2026-08-19,Manager,12,0,1,25,3,0,0,1,9.116666666666667,16.533333333333335,-0.08485091994861127,-1
USR038,2026-08-20,Manager,8,0,12,13,0,0,0,1,9.216666666666669,16.9,0.06039259515513856,1
USR038,2026-08-21,Manager,10,0,0,35,0,0,0,1,9.333333333333334,16.65,-0.04376156747812887,-1
USR039,2026-08-03,Teller,13,0,5,29,0,0,0,1,9.216666666666669,16.983333333333334,0.029651583126424352,1
USR039,2026-08-04,Teller,14,0,3,29,0,0,0,1,9.25,16.85,0.05025036932138294,1
USR039,2026-08-05,Teller,11,0,5,19,0,0,0,1,9.133333333333333,16.783333333333335,0.08941811551064516,1
USR039,2026-08-06,Teller,8,0,0,20,0,0,0,1,9.25,16.816666666666666,0.03909691455459613,1
USR039,2026-08-07,Teller,14,0,6,32,0,0,0,1,9.1,16.883333333333333,0.04176549331491536,1
USR039,2026-08-10,Teller,14,0,6,31,0,0,0,1,9.0,16.816666666666666,0.02553242518465193,1
USR039,2026-08-11,Teller,9,0,5,17,0,0,0,1,9.283333333333331,16.95,0.03978648699645243,1
USR039,2026-08-12,Teller,12,0,10,14,0,0,0,1,9.183333333333334,16.616666666666667,0.05315402174869771,1
USR039,2026-08-13,Teller,9,0,6,14,0,0,0,1,9.016666666666667,16.966666666666665,0.02638283800797281,1
USR039,2026-08-14,Teller,8,0,3,10,0,0,0,1,9.15,16.8,0.05555267280030718,1
USR039,2026-08-17,Teller,11,0,6,18,0,0,0,1,9.15,16.983333333333334,0.0568465369068758,1
USR039,2026-08-18,Teller,14,0,12,20,0,0,0,1,9.033333333333331,16.733333333333334,0.055139451923318095,1
USR039,2026-08-19,Teller,8,0,9,5,0,0,0,1,9.133333333333333,16.533333333333335,-0.022471930416557706,-1
USR039,2026-08-20,Teller,12,0,9,16,0,0,0,1,9.0,16.633333333333333,0.03998581934058487,1
USR039,2026-08-21,Teller,8,0,2,9,0,0,0,1,9.316666666666666,16.816666666666666,0.0056674265413557134,1
USR040,2026-08-03,Manager,10,0,59,6,0,0,0,1,9.083333333333334,16.733333333333334,-0.06986696830830286,-1
USR040,2026-08-04,Manager,10,0,10,17,2,0,0,1,9.016666666666667,16.816666666666666,0.011364850530567239,1
USR040,2026-08-05,Manager,7,0,9,7,1,0,0,1,9.05,16.95,-0.024105772733636233,-1
USR040,2026-08-06,Manager,7,0,12,13,0,0,0,1,9.116666666666667,16.666666666666668,0.021174840739500822,1
USR040,2026-08-07,Manager,7,0,23,5,1,0,0,1,9.15,16.983333333333334,-0.04606818920585798,-1
USR040,2026-08-10,Manager,11,0,14,21,0,0,0,1,9.333333333333334,16.966666666666665,0.020351481004071803,1
USR040,2026-08-11,Manager,8,0,27,10,1,0,0,1,9.15,16.583333333333332,-0.016950769630109108,-1
USR040,2026-08-12,Manager,10,0,23,14,1,0,0,1,9.2,16.966666666666665,0.03923808962108505,1
USR040,2026-08-13,Manager,10,0,14,19,0,0,0,1,9.333333333333334,16.583333333333332,0.00928009769778626,1
USR040,2026-08-14,Manager,10,0,21,14,2,0,0,1,9.0,16.6,-0.026483356654357526,-1
USR040,2026-08-17,Manager,7,0,0,18,0,0,0,1,9.216666666666669,16.616666666666667,-0.005154882985095366,-1
USR040,2026-08-18,Manager,10,0,23,20,2,0,0,1,9.05,16.933333333333334,0.01666802099891318,1
USR040,2026-08-19,Manager,12,0,7,27,3,0,0,1,9.0,16.633333333333333,-0.06974836663546002,-1
USR040,2026-08-20,Manager,11,0,18,23,4,0,0,1,9.183333333333334,16.616666666666667,-0.10038111760358526,-1
USR040,2026-08-21,Manager,11,0,22,20,2,0,0,1,9.283333333333331,16.95,-0.005609950262985497,-1
USR041,2026-08-03,Manager,12,0,19,35,1,0,0,1,9.266666666666667,16.716666666666665,-0.013455621866706569,-1
USR041,2026-08-04,Manager,12,0,11,29,1,0,0,1,9.333333333333334,16.533333333333335,-0.04735498076041178,-1
USR041,2026-08-05,Manager,12,0,31,18,3,0,0,1,9.066666666666666,16.533333333333335,-0.069099593457848,-1
USR041,2026-08-06,Manager,8,0,5,14,2,0,0,1,9.333333333333334,16.716666666666665,-0.0500209742436174,-1
USR041,2026-08-07,Manager,10,0,50,13,1,0,0,1,9.166666666666666,16.716666666666665,-0.015887697653829913,-1
USR041,2026-08-10,Manager,10,0,22,14,1,0,0,1,9.333333333333334,16.966666666666665,-0.00516404872944054,-1
USR041,2026-08-11,Manager,8,0,45,14,0,0,0,1,9.083333333333334,16.683333333333334,-0.02146359982727364,-1
USR041,2026-08-12,Manager,11,0,7,18,1,0,0,1,9.266666666666667,16.633333333333333,0.03490671889834479,1
USR041,2026-08-13,Manager,10,0,16,17,0,0,0,1,9.0,16.733333333333334,0.0523925603061251,1
USR041,2026-08-14,Manager,12,0,28,17,2,0,0,1,9.0,16.866666666666667,-0.008913336046393328,-1
USR041,2026-08-17,Manager,8,0,30,11,1,0,0,1,9.083333333333334,16.733333333333334,0.01205262190425227,1
USR041,2026-08-18,Manager,7,0,13,15,0,0,0,1,9.15,16.65,0.021874179614924272,1
USR041,2026-08-19,Manager,12,0,20,28,3,0,0,1,9.316666666666666,16.883333333333333,-0.06678465010470735,-1
USR041,2026-08-20,Manager,12,0,20,23,3,0,0,1,9.1,16.966666666666665,-0.034674687881268595,-1
USR041,2026-08-21,Manager,9,0,11,18,1,0,0,1,9.133333333333333,16.766666666666666,0.0646813720085519,1
USR042,2026-08-03,Manager,9,0,14,15,0,0,0,1,9.066666666666666,16.916666666666668,0.06538100779151579,1
USR042,2026-08-04,Manager,12,0,16,26,1,0,0,1,9.333333333333334,16.933333333333334,0.0006376439199189399,1
USR042,2026-08-05,Manager,9,0,6,21,3,0,0,1,9.316666666666666,16.866666666666667,-0.07028520658500559,-1
USR042,2026-08-06,Manager,8,0,11,10,0,0,0,1,9.166666666666666,16.516666666666666,0.012736580231083483,1
USR042,2026-08-07,Manager,9,0,21,16,1,0,0,1,9.133333333333333,16.783333333333335,0.05726844883885457,1
USR042,2026-08-10,Manager,9,0,14,19,1,0,0,1,9.033333333333331,16.933333333333334,0.04101276999728892,1
USR042,2026-08-11,Manager,12,0,19,26,4,0,0,1,9.3,16.983333333333334,-0.12683478601029696,-1
USR042,2026-08-12,Manager,9,0,0,27,0,0,0,1,9.2,16.833333333333332,0.043771209601758065,1
USR042,2026-08-13,Manager,8,0,0,13,2,0,0,1,9.266666666666667,16.966666666666665,-0.047004806277534006,-1
USR042,2026-08-14,Manager,7,0,1,11,1,0,0,1,9.15,16.966666666666665,-0.016313912001365116,-1
USR042,2026-08-17,Manager,9,0,15,15,0,0,0,1,9.066666666666666,16.766666666666666,0.06909810420647394,1
USR042,2026-08-18,Manager,8,0,7,16,0,0,0,1,9.033333333333331,16.75,0.04845963441983281,1
USR042,2026-08-19,Manager,9,0,19,11,1,0,0,1,9.016666666666667,16.933333333333334,0.020530860190689615,1
USR042,2026-08-20,Manager,12,0,39,19,2,0,0,1,9.2,16.95,-0.02919571642892327,-1
USR042,2026-08-21,Manager,10,0,35,19,0,0,0,1,9.0,16.6,-0.01569609927792337,-1
USR043,2026-08-03,CustomerService,12,0,1,22,1,0,0,1,9.333333333333334,16.55,-0.03709464059616696,-1
USR043,2026-08-04,CustomerService,13,0,7,19,0,0,0,1,9.0,16.866666666666667,0.047751384003272945,1
USR043,2026-08-05,CustomerService,16,0,18,30,2,0,0,1,9.0,16.933333333333334,-0.08667621818710136,-1
USR043,2026-08-06,CustomerService,12,0,16,26,0,0,0,1,9.216666666666669,16.983333333333334,0.04099749248540252,1
USR043,2026-08-07,CustomerService,15,0,31,32,0,0,0,1,9.066666666666666,16.9,-0.01574810532869586,-1
USR043,2026-08-10,CustomerService,15,0,37,22,1,0,0,1,9.083333333333334,16.766666666666666,-0.0269424284428057,-1
USR043,2026-08-11,CustomerService,10,0,6,19,0,0,0,1,9.083333333333334,16.633333333333333,0.07728156741312181,1
USR043,2026-08-12,CustomerService,15,0,10,28,1,0,0,1,9.233333333333333,16.633333333333333,-0.01312381718499056,-1
USR043,2026-08-13,CustomerService,12,0,13,22,0,0,0,1,9.233333333333333,16.966666666666665,0.053823629425188035,1
USR043,2026-08-14,CustomerService,15,0,24,29,0,0,0,1,9.233333333333333,16.6,-0.018203545777335295,-1
USR043,2026-08-17,CustomerService,15,0,13,36,1,0,0,1,9.2,16.916666666666668,-0.03858127397259958,-1
USR043,2026-08-18,CustomerService,12,0,25,26,0,0,0,1,9.1,16.816666666666666,0.05652169379612321,1
USR043,2026-08-19,CustomerService,14,0,19,27,1,0,0,1,9.216666666666669,16.766666666666666,0.030054762616116393,1
USR043,2026-08-20,CustomerService,14,0,0,42,0,0,0,1,9.166666666666666,16.9,-0.04664207814449106,-1
USR043,2026-08-21,CustomerService,13,0,2,28,0,0,0,1,9.1,16.616666666666667,0.03762955869664536,1
USR044,2026-08-03,Teller,12,0,9,26,0,0,0,1,9.166666666666666,16.516666666666666,0.01783870470425475,1
USR044,2026-08-04,Teller,14,0,17,25,0,0,0,1,9.216666666666669,16.566666666666666,0.015664999452833617,1
USR044,2026-08-05,Teller,14,0,7,21,0,0,0,1,9.0,16.866666666666667,0.040911660088762014,1
USR044,2026-08-06,Teller,9,0,7,17,0,0,0,1,9.066666666666666,16.933333333333334,0.06271508913652818,1
USR044,2026-08-07,Teller,9,0,10,14,0,0,0,1,9.033333333333331,16.666666666666668,0.05464488570979242,1
USR044,2026-08-10,Teller,10,0,9,20,1,0,0,1,9.15,16.783333333333335,0.06938360471832833,1
USR044,2026-08-11,Teller,12,0,7,22,1,0,0,1,9.083333333333334,16.616666666666667,0.04526371303556964,1
USR044,2026-08-12,Teller,10,0,6,20,0,0,0,1,9.15,16.65,0.08180108370543981,1
USR044,2026-08-13,Teller,9,0,0,27,0,0,0,1,9.266666666666667,16.9,0.024673878747890732,1
USR044,2026-08-14,Teller,9,0,0,24,0,0,0,1,9.233333333333333,16.683333333333334,0.036466186799052,1
USR044,2026-08-17,Teller,9,0,9,11,0,0,0,1,9.05,16.666666666666668,0.053419755329360885,1
USR044,2026-08-18,Teller,11,0,4,31,0,0,0,1,9.3,16.633333333333333,0.009644527392107471,1
USR044,2026-08-19,Teller,12,0,11,23,0,0,0,1,9.083333333333334,16.55,0.0429055023758817,1
USR044,2026-08-20,Teller,10,0,9,18,0,0,0,1,9.333333333333334,16.95,0.026415205901416716,1
USR044,2026-08-21,Teller,10,0,6,17,0,0,0,1,9.216666666666669,16.85,0.08560523226887118,1
USR045,2026-08-03,Manager,9,0,9,17,0,0,0,1,9.2,16.55,0.0474542724061261,1
USR045,2026-08-04,Manager,7,0,14,16,0,0,0,1,9.183333333333334,16.95,0.015472417458023469,1
USR045,2026-08-05,Manager,12,0,32,18,2,0,0,1,9.183333333333334,16.916666666666668,0.0020234541371760284,1
USR045,2026-08-06,Manager,12,0,70,15,1,0,0,1,9.333333333333334,16.85,-0.09630473655755478,-1
USR045,2026-08-07,Manager,9,0,0,23,0,0,0,1,9.233333333333333,16.966666666666665,0.02720759161752928,1
USR045,2026-08-10,Manager,11,0,0,29,4,0,0,1,9.016666666666667,16.55,-0.13772905652670075,-1
USR045,2026-08-11,Manager,12,0,24,18,1,0,0,1,9.066666666666666,16.766666666666666,0.05449487076890147,1
USR045,2026-08-12,Manager,8,0,17,17,1,0,0,1,9.166666666666666,16.883333333333333,0.04320394342038186,1
USR045,2026-08-13,Manager,11,0,38,15,2,0,0,1,9.0,16.75,-0.022504919837750492,-1
USR045,2026-08-14,Manager,12,0,27,18,2,0,0,1,9.016666666666667,16.683333333333334,-0.01105608992248408,-1
USR045,2026-08-17,Manager,11,0,27,23,2,0,0,1,9.166666666666666,16.616666666666667,-0.009823024666821611,-1
USR045,2026-08-18,Manager,11,0,33,17,0,0,0,1,9.183333333333334,16.7,0.04063517765262614,1
USR045,2026-08-19,Manager,12,0,35,30,0,0,0,1,9.116666666666667,16.816666666666666,0.012775622851592117,1
USR045,2026-08-20,Manager,8,0,17,20,0,0,0,1,9.166666666666666,16.75,0.05312011614056056,1
USR045,2026-08-21,Manager,8,0,12,18,1,0,0,1,9.066666666666666,16.966666666666665,0.025126318841479423,1
USR046,2026-08-03,Teller,13,0,8,29,0,0,0,1,9.2,16.866666666666667,0.06049934091183412,1
USR046,2026-08-04,Teller,9,0,3,17,1,0,0,1,9.1,16.95,0.038726114976278314,1
USR046,2026-08-05,Teller,8,0,4,8,0,0,0,1,9.05,16.65,0.018264675416709064,1
USR046,2026-08-06,Teller,14,0,4,35,0,0,0,1,9.116666666666667,16.783333333333335,0.025280263103033163,1
USR046,2026-08-07,Teller,14,0,2,28,1,0,0,1,9.25,16.733333333333334,0.017748186256807852,1
USR046,2026-08-10,Teller,8,0,5,17,0,0,0,1,9.016666666666667,16.533333333333335,0.0068485818455197855,1
USR046,2026-08-11,Teller,12,0,9,19,0,0,0,1,9.2,16.716666666666665,0.07948530686735938,1
USR046,2026-08-12,Teller,12,0,10,26,0,0,0,1,9.0,16.983333333333334,0.027728400847721935,1
USR046,2026-08-13,Teller,14,0,16,16,0,0,0,1,9.216666666666669,16.75,0.050984984224508256,1
USR046,2026-08-14,Teller,9,0,10,16,0,0,0,1,9.283333333333331,16.733333333333334,0.056846387877996896,1
USR046,2026-08-17,Teller,11,0,11,16,0,0,0,1,9.333333333333334,16.683333333333334,0.02364630669158635,1
USR046,2026-08-18,Teller,9,0,6,13,0,0,0,1,9.1,16.816666666666666,0.07969208575667164,1
USR046,2026-08-19,Teller,12,0,1,25,0,0,0,1,9.316666666666666,16.983333333333334,-0.002541260674958079,-1
USR046,2026-08-20,Teller,10,0,0,18,0,0,0,1,9.316666666666666,16.7,0.03102755458230677,1
USR046,2026-08-21,Teller,13,0,8,31,0,0,0,1,9.133333333333333,16.966666666666665,0.02960695352801601,1
USR047,2026-08-03,Manager,10,0,18,19,0,0,0,1,9.15,16.983333333333334,0.04924642866637213,1
USR047,2026-08-04,Manager,12,0,16,24,2,0,0,1,9.0,16.95,-0.01381870090729731,-1
USR047,2026-08-05,Manager,7,0,3,11,0,0,0,1,9.033333333333331,16.966666666666665,-0.012419594179402416,-1
USR047,2026-08-06,Manager,11,0,28,22,0,0,0,1,9.266666666666667,16.716666666666665,0.027925729814238853,1
USR047,2026-08-07,Manager,8,0,0,17,1,0,0,1,9.216666666666669,16.5,-0.024840693919581325,-1
USR047,2026-08-10,Manager,10,0,15,23,2,0,0,1,9.316666666666666,16.966666666666665,-0.020110796415989562,-1
USR047,2026-08-11,Manager,7,0,34,6,0,0,0,1,9.066666666666666,16.966666666666665,-0.0542455918006407,-1
USR047,2026-08-12,Manager,12,0,7,22,2,0,0,1,9.016666666666667,16.916666666666668,0.007570901858277024,1
USR047,2026-08-13,Manager,9,0,24,13,1,0,0,1,9.066666666666666,16.883333333333333,0.04910062002668869,1
USR047,2026-08-14,Manager,9,0,8,20,1,0,0,1,9.233333333333333,16.883333333333333,0.045865182808215665,1
USR047,2026-08-17,Manager,12,0,23,21,0,0,0,1,9.333333333333334,16.866666666666667,0.010037367582393653,1
USR047,2026-08-18,Manager,12,0,42,13,1,0,0,1,9.3,16.766666666666666,-0.021306390165512834,-1
USR047,2026-08-19,Manager,10,0,17,12,1,0,0,1,9.233333333333333,16.7,0.04820184043204362,1
USR047,2026-08-20,Manager,11,0,4,19,2,0,0,1,9.016666666666667,16.883333333333333,0.009366348317488227,1
USR047,2026-08-21,Manager,12,0,20,28,1,0,0,1,9.2,16.783333333333335,0.040869269370693295,1
USR048,2026-08-03,CustomerService,9,0,23,8,0,0,0,1,9.183333333333334,16.516666666666666,-0.00803311144974106,-1
USR048,2026-08-04,CustomerService,9,0,6,24,0,0,0,1,9.216666666666669,16.516666666666666,0.025574883780174806,1
USR048,2026-08-05,CustomerService,12,0,5,24,0,0,0,1,9.3,16.866666666666667,0.04382402379771144,1
USR048,2026-08-06,CustomerService,11,0,8,17,0,0,0,1,9.15,16.766666666666666,0.09060384083147804,1
USR048,2026-08-07,CustomerService,13,0,16,30,0,0,0,1,9.25,16.8,0.0471804307593881,1
USR048,2026-08-10,CustomerService,10,0,0,20,1,0,0,1,9.116666666666667,16.983333333333334,0.028643445520995292,1
USR048,2026-08-11,CustomerService,16,0,11,34,1,0,0,1,9.2,16.85,-0.03738334894743067,-1
USR048,2026-08-12,CustomerService,13,0,17,22,0,0,0,1,9.1,16.916666666666668,0.06920067576650574,1
USR048,2026-08-13,CustomerService,16,0,16,35,0,0,0,1,9.2,16.916666666666668,-0.02815742140027755,-1
USR048,2026-08-14,CustomerService,10,0,22,16,0,0,0,1,9.2,16.85,0.07178756196222119,1
USR048,2026-08-17,CustomerService,14,0,16,32,1,0,0,1,9.25,16.783333333333335,0.010713098311707026,1
USR048,2026-08-18,CustomerService,11,0,19,17,0,0,0,1,9.183333333333334,16.6,0.05587291560114349,1
USR048,2026-08-19,CustomerService,9,0,20,4,0,0,0,1,9.3,16.733333333333334,-0.02746207304060133,-1
USR048,2026-08-20,CustomerService,12,0,28,21,0,0,0,1,9.266666666666667,16.8,0.041695055990034424,1
USR048,2026-08-21,CustomerService,12,0,20,19,0,0,0,1,9.2,16.7,0.06342924085433893,1
USR049,2026-08-03,Teller,8,0,3,18,0,0,0,1,9.283333333333331,16.633333333333333,0.030346432931815215,1
USR049,2026-08-04,Teller,10,0,7,10,0,0,0,1,9.0,16.733333333333334,0.023811467861801494,1
USR049,2026-08-05,Teller,14,0,8,28,0,0,0,1,9.016666666666667,16.633333333333333,0.01928626015093171,1
USR049,2026-08-06,Teller,14,0,13,26,0,0,0,1,9.1,16.983333333333334,0.038640554450133424,1
USR049,2026-08-07,Teller,14,0,16,27,1,0,0,1,9.033333333333331,16.683333333333334,0.012913470750418543,1
USR049,2026-08-10,Teller,8,0,6,11,0,0,0,1,9.1,16.916666666666668,0.048851197160844684,1
USR049,2026-08-11,Teller,9,0,10,14,0,0,0,1,9.05,16.916666666666668,0.06956441975334315,1
USR049,2026-08-12,Teller,11,0,5,30,0,0,0,1,9.333333333333334,16.966666666666665,-0.013681490599424806,-1
USR049,2026-08-13,Teller,8,0,2,19,0,0,0,1,9.133333333333333,16.783333333333335,0.06295329192050081,1
USR049,2026-08-14,Teller,8,0,2,14,0,0,0,1,9.0,16.55,-0.020461818429806877,-1
USR049,2026-08-17,Teller,12,0,9,17,0,0,0,1,9.283333333333331,16.966666666666665,0.040098135942273794,1
USR049,2026-08-18,Teller,14,0,6,35,0,0,0,1,9.016666666666667,16.833333333333332,0.015986237687350524,1
USR049,2026-08-19,Teller,14,0,8,23,0,0,0,1,9.133333333333333,16.783333333333335,0.06314814939812663,1
USR049,2026-08-20,Teller,12,0,1,29,0,0,0,1,9.066666666666666,16.616666666666667,0.022860810773237705,1
USR049,2026-08-21,Teller,13,0,8,24,0,0,0,1,9.283333333333331,16.866666666666667,0.048617527874793176,1
USR050,2026-08-03,Manager,8,0,19,11,1,0,0,1,9.233333333333333,16.566666666666666,-0.0022380187380744987,-1
USR050,2026-08-04,Manager,11,0,29,17,0,0,0,1,9.116666666666667,16.883333333333333,0.0598163950638842,1
USR050,2026-08-05,Manager,9,0,0,25,0,0,0,1,9.333333333333334,16.583333333333332,-0.02557856682968873,-1
USR050,2026-08-06,Manager,12,0,47,19,2,0,0,1,9.133333333333333,16.7,-0.031166950514168845,-1
USR050,2026-08-07,Manager,12,0,44,16,1,0,0,1,9.05,16.7,0.00020731496336506838,1
USR050,2026-08-10,Manager,11,0,65,9,2,0,0,1,9.2,16.883333333333333,-0.09554390208764885,-1
USR050,2026-08-11,Manager,7,0,28,7,0,0,0,1,9.25,16.85,-0.021669937742145096,-1
USR050,2026-08-12,Manager,10,0,33,19,1,0,0,1,9.233333333333333,16.983333333333334,0.005992917164214906,1
USR050,2026-08-13,Manager,9,0,15,19,1,0,0,1,9.083333333333334,16.95,0.04666637230656262,1
USR050,2026-08-14,Manager,9,0,0,22,3,0,0,1,9.266666666666667,16.5,-0.10602649505992578,-1
USR050,2026-08-17,Manager,8,0,25,15,3,0,0,1,9.2,16.65,-0.06902284243051782,-1
USR050,2026-08-18,Manager,7,0,36,6,3,0,0,1,9.15,16.7,-0.1186549853540001,-1
USR050,2026-08-19,Manager,9,0,0,21,0,0,0,1,9.15,16.7,0.06027638525043999,1
USR050,2026-08-20,Manager,7,0,25,4,1,0,0,1,9.133333333333333,16.8,-0.04938187609219191,-1
USR050,2026-08-21,Manager,7,0,12,17,0,0,0,1,9.15,16.85,0.03243777110853041,1
USR051,2026-08-03,Manager,7,0,22,12,1,0,0,1,9.016666666666667,16.8,-0.00991285202011627,-1
USR051,2026-08-04,Manager,10,0,8,16,1,0,0,1,9.25,16.95,0.046316963185267734,1
USR051,2026-08-05,Manager,9,0,42,16,2,0,0,1,9.133333333333333,16.616666666666667,-0.035878640474827694,-1
USR051,2026-08-06,Manager,12,0,55,13,2,0,0,1,9.216666666666669,16.583333333333332,-0.08418139179262674,-1
USR051,2026-08-07,Manager,11,0,24,12,0,0,0,1,9.183333333333334,16.916666666666668,0.05237323730747884,1
USR051,2026-08-10,Manager,7,0,11,9,1,0,0,1,9.15,16.933333333333334,0.00270309061776447,1
USR051,2026-08-11,Manager,7,0,20,8,0,0,0,1,9.283333333333331,16.65,-0.03149373814399192,-1
USR051,2026-08-12,Manager,8,0,11,13,0,0,0,1,9.25,16.716666666666665,0.056166826973954365,1
USR051,2026-08-13,Manager,7,0,5,12,1,0,0,1,9.233333333333333,16.666666666666668,-0.00012157999062301084,-1
USR051,2026-08-14,Manager,9,0,22,13,2,0,0,1,9.05,16.733333333333334,0.011152783372492259,1
USR051,2026-08-17,Manager,10,0,28,24,2,0,0,1,9.25,16.566666666666666,-0.0483281931035211,-1
USR051,2026-08-18,Manager,12,0,27,20,0,0,0,1,9.0,16.633333333333333,0.017877328177622498,1
USR051,2026-08-19,Manager,11,0,15,22,0,0,0,1,9.033333333333331,16.9,0.06444819162688653,1
USR051,2026-08-20,Manager,8,0,8,9,2,0,0,1,9.3,16.85,-0.051498049319637085,-1
USR051,2026-08-21,Manager,9,0,22,14,1,0,0,1,9.3,16.583333333333332,-0.014480760128545156,-1
USR052,2026-08-03,Manager,10,0,55,12,1,0,0,1,9.1,16.633333333333333,-0.039532638598547054,-1
USR052,2026-08-04,Manager,9,0,34,8,2,0,0,1,9.016666666666667,16.916666666666668,-0.03995855369560275,-1
USR052,2026-08-05,Manager,12,0,42,18,1,0,0,1,9.15,16.7,0.01035031511322626,1
USR052,2026-08-06,Manager,12,0,32,24,0,0,0,1,9.1,16.716666666666665,0.03412310093381005,1
USR052,2026-08-07,Manager,7,0,0,17,0,0,0,1,9.266666666666667,16.816666666666666,0.0036733833771119273,1
USR052,2026-08-10,Manager,9,0,18,11,2,0,0,1,9.083333333333334,16.7,0.009122388681303883,1
USR052,2026-08-11,Manager,12,0,18,23,1,0,0,1,9.15,16.9,0.061454720033779886,1
USR052,2026-08-12,Manager,10,0,19,28,1,0,0,1,9.2,16.65,0.019862893649355562,1
USR052,2026-08-13,Manager,8,0,0,15,1,0,0,1,9.2,16.85,0.03101192904938388,1
USR052,2026-08-14,Manager,9,0,27,16,1,0,0,1,9.0,16.8,0.017674408659033858,1
USR052,2026-08-17,Manager,8,0,5,18,0,0,0,1,9.05,16.65,0.04762687828278184,1
USR052,2026-08-18,Manager,7,0,11,7,0,0,0,1,9.15,16.9,0.00968724166002971,1
USR052,2026-08-19,Manager,12,0,21,23,0,0,0,1,9.133333333333333,16.7,0.06467340739951616,1
USR052,2026-08-20,Manager,7,0,0,17,0,0,0,1,9.2,16.716666666666665,0.012513813640348648,1
USR052,2026-08-21,Manager,9,0,37,12,1,0,0,1,9.216666666666669,16.866666666666667,0.003037445495105595,1
USR053,2026-08-03,Teller,12,0,7,28,0,0,0,1,9.133333333333333,16.933333333333334,0.059410666458295014,1
USR053,2026-08-04,Teller,11,0,20,17,0,0,0,1,9.266666666666667,16.9,0.0603875982260737,1
USR053,2026-08-05,Teller,10,0,9,12,0,0,0,1,9.0,16.866666666666667,0.052246872418394874,1
USR053,2026-08-06,Teller,11,0,13,24,0,0,0,1,9.316666666666666,16.733333333333334,0.04122755646480364,1
USR053,2026-08-07,Teller,13,0,14,18,0,0,0,1,9.1,16.8,0.06997908228775512,1
USR053,2026-08-10,Teller,10,0,14,9,0,0,0,1,9.033333333333331,16.833333333333332,0.04460124120852099,1
USR053,2026-08-11,Teller,10,0,6,13,0,0,0,1,9.0,16.883333333333333,0.04714893693778799,1
USR053,2026-08-12,Teller,13,0,11,21,0,0,0,1,9.183333333333334,16.933333333333334,0.0670015936973109,1
USR053,2026-08-13,Teller,12,0,6,23,0,0,0,1,9.033333333333331,16.666666666666668,0.05944907322368881,1
USR053,2026-08-14,Teller,12,0,5,20,0,0,0,1,9.2,16.516666666666666,0.02830644946364147,1
USR053,2026-08-17,Teller,14,0,10,36,1,0,0,1,9.233333333333333,16.55,-0.05382543642813209,-1
USR053,2026-08-18,Teller,13,0,5,28,0,0,0,1,9.1,16.583333333333332,0.031452362628928976,1
USR053,2026-08-19,Teller,12,0,3,19,0,0,0,1,9.066666666666666,16.883333333333333,0.06841460298557817,1
USR053,2026-08-20,Teller,14,0,9,27,0,0,0,1,9.233333333333333,16.8,0.05904282498316832,1
USR053,2026-08-21,Teller,13,0,10,19,0,0,0,1,9.116666666666667,16.65,0.06631158552131139,1
USR054,2026-08-03,Manager,12,0,9,25,2,0,0,1,9.0,16.95,-0.010548443582355405,-1
USR054,2026-08-04,Manager,9,0,36,11,0,0,0,1,9.016666666666667,16.5,-0.0637206525651901,-1
USR054,2026-08-05,Manager,10,0,27,17,0,0,0,1,9.25,16.883333333333333,0.050319219408080706,1
USR054,2026-08-06,Manager,10,0,53,7,2,0,0,1,9.0,16.916666666666668,-0.0921696947209224,-1
USR054,2026-08-07,Manager,9,0,24,19,1,0,0,1,9.016666666666667,16.7,0.01942986891343451,1
USR054,2026-08-10,Manager,11,0,10,22,3,0,0,1,9.05,16.866666666666667,-0.020961401503535315,-1
USR054,2026-08-11,Manager,12,0,16,32,0,0,0,1,9.066666666666666,16.666666666666668,0.025900735788306928,1
USR054,2026-08-12,Manager,12,0,66,8,1,0,0,1,9.2,16.6,-0.10152340768763779,-1
USR054,2026-08-13,Manager,9,0,49,11,0,0,0,1,9.25,16.75,-0.029586876485508617,-1
USR054,2026-08-14,Manager,10,0,55,14,0,0,0,1,9.116666666666667,16.683333333333334,-0.022309912253833275,-1
USR054,2026-08-17,Manager,7,0,16,13,1,0,0,1,9.2,16.533333333333335,-0.021152958917183495,-1
USR054,2026-08-18,Manager,8,0,7,10,0,0,0,1,9.3,16.766666666666666,0.022946558779630588,1
USR054,2026-08-19,Manager,11,0,64,13,0,0,0,1,9.25,16.8,-0.05543599612608385,-1
USR054,2026-08-20,Manager,8,0,28,10,0,0,0,1,9.183333333333334,16.866666666666667,0.029257880377928647,1
USR054,2026-08-21,Manager,7,0,19,7,0,0,0,1,9.283333333333331,16.783333333333335,-0.017371759252790442,-1
USR055,2026-08-03,CustomerService,16,0,20,37,0,0,0,1,9.083333333333334,16.566666666666666,-0.059743203943938616,-1
USR055,2026-08-04,CustomerService,10,0,15,15,1,0,0,1,9.15,16.816666666666666,0.07089248884768123,1
USR055,2026-08-05,CustomerService,14,0,22,32,0,0,0,1,9.116666666666667,16.55,-0.016325275334904688,-1
USR055,2026-08-06,CustomerService,9,0,3,21,0,0,0,1,9.116666666666667,16.516666666666666,0.037682984243418205,1
USR055,2026-08-07,CustomerService,9,0,5,17,0,0,0,1,9.283333333333331,16.916666666666668,0.04936419217464483,1
USR055,2026-08-10,CustomerService,12,0,4,21,0,0,0,1,9.05,16.633333333333333,0.0657899442455172,1
USR055,2026-08-11,CustomerService,14,0,20,31,1,0,0,1,9.066666666666666,16.666666666666668,-0.005874900382121684,-1
USR055,2026-08-12,CustomerService,15,0,16,25,1,0,0,1,9.2,16.95,0.0030472525691489505,1
USR055,2026-08-13,CustomerService,12,0,1,33,0,0,0,1,9.083333333333334,16.9,0.0198184338656901,1
USR055,2026-08-14,CustomerService,10,0,1,20,1,0,0,1,9.216666666666669,16.55,0.01767772157809705,1
USR055,2026-08-17,CustomerService,11,0,9,26,0,0,0,1,9.05,16.75,0.0660997523487814,1
USR055,2026-08-18,CustomerService,9,0,1,15,1,0,0,1,9.183333333333334,16.95,0.030999159883024652,1
USR055,2026-08-19,CustomerService,11,0,10,19,0,0,0,1,9.216666666666669,16.683333333333334,0.07831876252249731,1
USR055,2026-08-20,CustomerService,14,0,5,27,0,0,0,1,9.316666666666666,16.733333333333334,0.01958299714135686,1
USR055,2026-08-21,CustomerService,12,0,8,27,0,0,0,1,9.233333333333333,16.65,0.05404505590178971,1
USR056,2026-08-03,Teller,13,0,5,20,0,0,0,1,9.016666666666667,16.9,0.04997586464928866,1
USR056,2026-08-04,Teller,12,0,11,24,0,0,0,1,9.133333333333333,16.783333333333335,0.08127711108423075,1
USR056,2026-08-05,Teller,9,0,7,14,0,0,0,1,9.183333333333334,16.7,0.06858418255723181,1
USR056,2026-08-06,Teller,8,0,5,13,0,0,0,1,9.266666666666667,16.983333333333334,0.013637411875132122,1
USR056,2026-08-07,Teller,9,0,0,19,0,0,0,1,9.083333333333334,16.516666666666666,0.015834959586012776,1
USR056,2026-08-10,Teller,12,0,5,22,0,0,0,1,9.233333333333333,16.7,0.06713195788329984,1
USR056,2026-08-11,Teller,10,0,0,21,0,0,0,1,9.3,16.833333333333332,0.040270364862607155,1
USR056,2026-08-12,Teller,9,0,4,15,0,0,0,1,9.316666666666666,16.933333333333334,0.032466270620797266,1
USR056,2026-08-13,Teller,12,0,8,25,0,0,0,1,9.266666666666667,16.783333333333335,0.06262138197475986,1
USR056,2026-08-14,Teller,13,0,2,21,0,0,0,1,9.166666666666666,16.816666666666666,0.06771840527500028,1
USR056,2026-08-17,Teller,11,0,9,18,1,0,0,1,9.116666666666667,16.95,0.05807412116570726,1
USR056,2026-08-18,Teller,8,0,1,17,0,0,0,1,9.333333333333334,16.766666666666666,0.0027448572104331603,1
USR056,2026-08-19,Teller,10,0,3,18,0,0,0,1,9.1,16.533333333333335,0.048201113196504775,1
USR056,2026-08-20,Teller,11,0,4,28,0,0,0,1,9.333333333333334,16.9,0.013099474794252164,1
USR056,2026-08-21,Teller,13,0,19,18,0,0,0,1,9.25,16.983333333333334,0.028601835660152286,1
USR057,2026-08-03,Manager,12,0,45,23,1,0,0,1,9.016666666666667,16.866666666666667,-0.016466329514641442,-1
USR057,2026-08-04,Manager,11,0,16,27,3,0,0,1,9.316666666666666,16.983333333333334,-0.0739841673926882,-1
USR057,2026-08-05,Manager,10,0,59,16,1,0,0,1,9.333333333333334,16.916666666666668,-0.07175228025803093,-1
USR057,2026-08-06,Manager,7,0,5,14,1,0,0,1,9.1,16.85,0.01825221034586788,1
USR057,2026-08-07,Manager,8,0,12,12,0,0,0,1,9.066666666666666,16.8,0.05862361977475783,1
USR057,2026-08-10,Manager,7,0,14,14,0,0,0,1,9.183333333333334,16.883333333333333,0.03182212358290287,1
USR057,2026-08-11,Manager,8,0,2,21,1,0,0,1,9.25,16.616666666666667,0.01307513353319617,1
USR057,2026-08-12,Manager,8,0,56,3,0,0,0,1,9.233333333333333,16.55,-0.12115275127525382,-1
USR057,2026-08-13,Manager,10,0,15,16,1,0,0,1,9.166666666666666,16.933333333333334,0.06321968623345425,1
USR057,2026-08-14,Manager,10,0,10,19,1,0,0,1,9.116666666666667,16.5,0.013422178618266056,1
USR057,2026-08-17,Manager,10,0,24,18,2,0,0,1,9.0,16.916666666666668,-0.007703666780299545,-1
USR057,2026-08-18,Manager,10,0,9,24,0,0,0,1,9.25,16.75,0.06501231870015134,1
USR057,2026-08-19,Manager,9,0,12,14,2,0,0,1,9.166666666666666,16.633333333333333,0.00542553693915887,1
USR057,2026-08-20,Manager,10,0,14,26,1,0,0,1,9.016666666666667,16.966666666666665,0.017881133614599642,1
USR057,2026-08-21,Manager,7,0,14,10,1,0,0,1,9.0,16.966666666666665,-0.0322737924432589,-1
USR058,2026-08-03,Manager,8,0,9,14,2,0,0,1,9.183333333333334,16.716666666666665,-0.004272035735965463,-1
USR058,2026-08-04,Manager,12,0,26,27,2,0,0,1,9.05,16.95,-0.009162025945133045,-1
USR058,2026-08-05,Manager,11,0,49,20,1,0,0,1,9.016666666666667,16.916666666666668,-0.021608948771257852,-1
USR058,2026-08-06,Manager,9,0,34,9,1,0,0,1,9.0,16.766666666666666,-0.01334559936746682,-1
USR058,2026-08-07,Manager,7,0,16,13,2,0,0,1,9.116666666666667,16.883333333333333,-0.01835466827252419,-1
USR058,2026-08-10,Manager,11,0,19,15,0,0,0,1,9.05,16.65,0.06216644516059783,1
USR058,2026-08-11,Manager,8,0,0,18,1,0,0,1,9.05,16.7,0.01505372771639274,1
USR058,2026-08-12,Manager,12,0,35,17,2,0,0,1,9.016666666666667,16.6,-0.03599762661425099,-1
USR058,2026-08-13,Manager,7,0,17,10,0,0,0,1,9.266666666666667,16.966666666666665,-0.010565014120221039,-1
USR058,2026-08-14,Manager,11,0,13,18,0,0,0,1,9.216666666666669,16.966666666666665,0.06381983883825076,1
USR058,2026-08-17,Manager,8,0,25,8,1,0,0,1,9.283333333333331,16.866666666666667,-0.014270111246272199,-1
USR058,2026-08-18,Manager,10,0,19,16,2,0,0,1,9.116666666666667,16.933333333333334,0.024628331245305557,1
USR058,2026-08-19,Manager,10,0,34,11,1,0,0,1,9.0,16.55,-0.043598104686624395,-1
USR058,2026-08-20,Manager,11,0,26,25,1,0,0,1,9.116666666666667,16.566666666666666,-0.0006595570099983128,-1
USR058,2026-08-21,Manager,10,0,22,12,0,0,0,1,9.05,16.516666666666666,0.00028106295151575367,1
USR059,2026-08-03,CustomerService,15,0,32,26,1,0,0,1,9.05,16.916666666666668,-0.023182391725397933,-1
USR059,2026-08-04,CustomerService,15,0,28,26,0,0,0,1,9.033333333333331,16.533333333333335,-0.048461344901940206,-1
USR059,2026-08-05,CustomerService,14,0,16,26,1,0,0,1,9.0,16.833333333333332,0.02207192888633458,1
USR059,2026-08-06,CustomerService,15,0,17,40,0,0,0,1,9.0,16.6,-0.0730555798239566,-1
USR059,2026-08-07,CustomerService,16,0,30,19,0,0,0,1,9.033333333333331,16.733333333333334,-0.023599435308565564,-1
USR059,2026-08-10,CustomerService,16,0,11,31,0,0,0,1,9.166666666666666,16.733333333333334,0.005435201067725548,1
USR059,2026-08-11,CustomerService,13,0,28,18,1,0,0,1,9.2,16.75,0.030359375862390847,1
USR059,2026-08-12,CustomerService,9,0,23,15,0,0,0,1,9.05,16.616666666666667,0.036311410010162415,1
USR059,2026-08-13,CustomerService,16,0,49,21,0,0,0,1,9.0,16.783333333333335,-0.08472068190590165,-1
USR059,2026-08-14,CustomerService,12,0,15,24,1,0,0,1,9.033333333333331,16.716666666666665,0.04266935431951807,1
USR059,2026-08-17,CustomerService,15,0,27,21,0,0,0,1,9.333333333333334,16.75,-0.03998530846746251,-1
USR059,2026-08-18,CustomerService,14,0,7,24,0,0,0,1,9.283333333333331,16.683333333333334,0.03322076232220117,1
USR059,2026-08-19,CustomerService,9,0,17,19,1,0,0,1,9.0,16.566666666666666,-0.0021145004001968948,-1
USR059,2026-08-20,CustomerService,15,0,23,29,0,0,0,1,9.066666666666666,16.983333333333334,-0.006737813174561902,-1
USR059,2026-08-21,CustomerService,13,0,24,23,0,0,0,1,9.133333333333333,16.833333333333332,0.05488932199333019,1
USR060,2026-08-03,Manager,11,0,35,13,2,0,0,1,9.283333333333331,16.8,-0.026637951062031817,-1
USR060,2026-08-04,Manager,9,0,30,18,2,0,0,1,9.25,16.95,-0.02526406140061721,-1
USR060,2026-08-05,Manager,11,0,19,16,2,0,0,1,9.066666666666666,16.633333333333333,0.016052442982347703,1
USR060,2026-08-06,Manager,9,0,16,16,1,0,0,1,9.033333333333331,16.75,0.043126451367894,1
USR060,2026-08-07,Manager,7,0,17,4,1,0,0,1,9.116666666666667,16.85,-0.039429947685859945,-1
USR060,2026-08-10,Manager,9,0,0,17,1,0,0,1,9.266666666666667,16.55,-0.009268433108226781,-1
USR060,2026-08-11,Manager,7,0,0,13,2,0,0,1,9.133333333333333,16.966666666666665,-0.05196779742791813,-1
USR060,2026-08-12,Manager,12,0,27,28,1,0,0,1,9.15,16.666666666666668,0.02183852632709632,1
USR060,2026-08-13,Manager,9,0,15,15,0,0,0,1,9.15,16.85,0.08102820294648688,1
USR060,2026-08-14,Manager,8,0,17,6,1,0,0,1,9.033333333333331,16.65,-0.01637386899408899,-1
USR060,2026-08-17,Manager,8,0,27,8,0,0,0,1,9.283333333333331,16.966666666666665,-0.026664127985376207,-1
USR060,2026-08-18,Manager,11,0,19,33,2,0,0,1,9.3,16.65,-0.06550552236387697,-1
USR060,2026-08-19,Manager,7,0,38,8,1,0,0,1,9.0,16.8,-0.06090375845806284,-1
USR060,2026-08-20,Manager,9,0,18,21,0,0,0,1,9.05,16.9,0.05304529442111672,1
USR060,2026-08-21,Manager,12,0,44,17,2,0,0,1,9.066666666666666,16.55,-0.05839466733982024,-1
USR061,2026-08-03,Manager,8,0,31,14,1,0,0,1,9.0,16.516666666666666,-0.056088367637691317,-1
USR061,2026-08-04,Manager,9,0,14,20,0,0,0,1,9.05,16.533333333333335,0.02574868704007799,1
USR061,2026-08-05,Manager,10,0,10,22,1,0,0,1,9.1,16.85,0.06501926273444714,1
USR061,2026-08-06,Manager,7,0,19,6,1,0,0,1,9.116666666666667,16.8,-0.012969962930739265,-1
USR061,2026-08-07,Manager,7,0,17,14,0,0,0,1,9.3,16.616666666666667,-0.018243718248599827,-1
USR061,2026-08-10,Manager,11,0,18,24,4,0,0,1,9.216666666666669,16.783333333333335,-0.09910708535347268,-1
USR061,2026-08-11,Manager,11,0,27,22,0,0,0,1,9.333333333333334,16.933333333333334,-0.006017784884946642,-1
USR061,2026-08-12,Manager,12,0,15,28,2,0,0,1,9.233333333333333,16.733333333333334,-0.0008427863991959939,-1
USR061,2026-08-13,Manager,10,0,6,19,1,0,0,1,9.0,16.7,0.034706242232626194,1
USR061,2026-08-14,Manager,7,0,1,12,0,0,0,1,9.0,16.633333333333333,-0.033767759718254964,-1
USR061,2026-08-17,Manager,7,0,18,13,0,0,0,1,9.2,16.65,0.009918778215513624,1
USR061,2026-08-18,Manager,9,0,0,27,1,0,0,1,9.05,16.583333333333332,-0.022065685011564584,-1
USR061,2026-08-19,Manager,10,0,54,8,1,0,0,1,9.166666666666666,16.916666666666668,-0.04619810104458,-1
USR061,2026-08-20,Manager,8,0,19,4,0,0,0,1,9.05,16.65,-0.018364533408004813,-1
USR061,2026-08-21,Manager,11,0,5,18,1,0,0,1,9.05,16.783333333333335,0.058297491332682305,1
USR062,2026-08-03,Manager,10,0,40,14,0,0,0,1,9.25,16.816666666666666,0.0170223339545012,1
USR062,2026-08-04,Manager,8,0,20,15,0,0,0,1,9.216666666666669,16.95,0.03200601989893914,1
USR062,2026-08-05,Manager,11,0,3,23,1,0,0,1,9.266666666666667,16.616666666666667,0.021785125660871874,1
USR062,2026-08-06,Manager,10,0,30,13,3,0,0,1,9.166666666666666,16.616666666666667,-0.048599501861894656,-1
USR062,2026-08-07,Manager,9,0,1,17,0,0,0,1,9.066666666666666,16.883333333333333,0.057253468581021816,1
USR062,2026-08-10,Manager,7,0,0,13,0,0,0,1,9.133333333333333,16.716666666666665,0.011954622417392924,1
USR062,2026-08-11,Manager,10,0,0,22,1,0,0,1,9.333333333333334,16.583333333333332,-0.023274476771135477,-1
USR062,2026-08-12,Manager,12,0,8,27,1,0,0,1,9.166666666666666,16.85,0.05584711912380613,1
USR062,2026-08-13,Manager,12,0,25,17,3,0,0,1,9.166666666666666,16.816666666666666,-0.02645987245618653,-1
USR062,2026-08-14,Manager,7,0,26,10,0,0,0,1,9.333333333333334,16.85,-0.0493293393576244,-1
USR062,2026-08-17,Manager,7,0,30,8,2,0,0,1,9.05,16.55,-0.08874955318842581,-1
USR062,2026-08-18,Manager,10,0,18,19,0,0,0,1,9.2,16.833333333333332,0.07801576209138023,1
USR062,2026-08-19,Manager,10,0,18,21,1,0,0,1,9.0,16.983333333333334,0.004874037187257818,1
USR062,2026-08-20,Manager,9,0,14,7,0,0,0,1,9.166666666666666,16.9,0.04597745258486602,1
USR062,2026-08-21,Manager,9,0,33,7,4,0,0,1,9.083333333333334,16.983333333333334,-0.14327870958499667,-1
USR063,2026-08-03,CustomerService,10,0,7,19,0,0,0,1,9.15,16.883333333333333,0.08688016124300041,1
USR063,2026-08-04,CustomerService,12,0,6,25,1,0,0,1,9.333333333333334,16.55,-0.033023923800874155,-1
USR063,2026-08-05,CustomerService,16,0,21,32,0,0,0,1,9.216666666666669,16.916666666666668,-0.020689290912705216,-1
USR063,2026-08-06,CustomerService,10,0,14,23,1,0,0,1,9.233333333333333,16.783333333333335,0.05404337884142091,1
USR063,2026-08-07,CustomerService,15,0,26,19,0,0,0,1,9.05,16.516666666666666,-0.04590026956433757,-1
USR063,2026-08-10,CustomerService,12,0,6,30,1,0,0,1,9.0,16.666666666666668,-0.00388208013128144,-1
USR063,2026-08-11,CustomerService,16,0,6,38,0,0,0,1,9.1,16.8,-0.02962602315342089,-1
USR063,2026-08-12,CustomerService,11,0,9,25,0,0,0,1,9.166666666666666,16.766666666666666,0.07901500441477921,1
USR063,2026-08-13,CustomerService,13,0,8,25,1,0,0,1,9.0,16.766666666666666,0.02387355553726722,1
USR063,2026-08-14,CustomerService,13,0,50,4,0,0,0,1,9.0,16.65,-0.10536246337122246,-1
USR063,2026-08-17,CustomerService,13,0,21,20,0,0,0,1,9.05,16.733333333333334,0.05887067891532066,1
USR063,2026-08-18,CustomerService,13,0,20,33,0,0,0,1,9.333333333333334,16.95,-0.036815339627816024,-1
USR063,2026-08-19,CustomerService,10,0,16,17,0,0,0,1,9.1,16.5,0.016735254394468158,1
USR063,2026-08-20,CustomerService,16,0,8,27,0,0,0,1,9.333333333333334,16.766666666666666,-0.03993052268358377,-1
USR063,2026-08-21,CustomerService,9,0,1,15,0,0,0,1,9.25,16.5,0.00681647711776745,1
USR064,2026-08-03,CustomerService,9,0,2,17,1,0,0,1,9.183333333333334,16.916666666666668,0.04728495247788367,1
USR064,2026-08-04,CustomerService,15,0,9,29,2,0,0,1,9.116666666666667,16.6,-0.06170146405090293,-1
USR064,2026-08-05,CustomerService,10,0,9,19,1,0,0,1,9.2,16.766666666666666,0.06682046377282724,1
USR064,2026-08-06,CustomerService,12,0,6,31,0,0,0,1,9.116666666666667,16.733333333333334,0.050599701608395775,1
USR064,2026-08-07,CustomerService,14,0,9,36,1,0,0,1,9.266666666666667,16.9,-0.02161388311167678,-1
USR064,2026-08-10,CustomerService,11,0,8,21,0,0,0,1,9.216666666666669,16.516666666666666,0.03592365792842689,1
USR064,2026-08-11,CustomerService,10,0,17,13,0,0,0,1,9.316666666666666,16.833333333333332,0.04697615089374935,1
USR064,2026-08-12,CustomerService,11,0,17,12,1,0,0,1,9.016666666666667,16.833333333333332,0.034568338297242096,1
USR064,2026-08-13,CustomerService,13,0,12,16,0,0,0,1,9.05,16.65,0.052847186703184,1
USR064,2026-08-14,CustomerService,15,0,12,27,0,0,0,1,9.0,16.75,0.02267575274111372,1
USR064,2026-08-17,CustomerService,16,0,25,25,0,0,0,1,9.25,16.716666666666665,-0.020521740371455266,-1
USR064,2026-08-18,CustomerService,14,0,21,24,0,0,0,1,9.0,16.666666666666668,0.014468944659641658,1
USR064,2026-08-19,CustomerService,12,0,8,18,0,0,0,1,9.25,16.766666666666666,0.07457370923239115,1
USR064,2026-08-20,CustomerService,12,0,27,19,1,0,0,1,9.066666666666666,16.866666666666667,0.04899024050512979,1
USR064,2026-08-21,CustomerService,14,0,22,20,1,0,0,1,9.266666666666667,16.933333333333334,0.015241068016997705,1
USR065,2026-08-03,Manager,7,0,17,10,1,0,0,1,9.016666666666667,16.966666666666665,-0.02302177020281193,-1
USR065,2026-08-04,Manager,11,0,10,21,0,0,0,1,9.3,16.566666666666666,0.02972169587319523,1
USR065,2026-08-05,Manager,12,0,19,20,2,0,0,1,9.316666666666666,16.833333333333332,-0.013338730897811235,-1
USR065,2026-08-06,Manager,10,0,13,26,3,0,0,1,9.033333333333331,16.983333333333334,-0.05985904114408702,-1
USR065,2026-08-07,Manager,12,0,29,19,1,0,0,1,9.316666666666666,16.583333333333332,-0.029284353158649412,-1
USR065,2026-08-10,Manager,11,0,20,23,0,0,0,1,9.016666666666667,16.95,0.03638044483209718,1
USR065,2026-08-11,Manager,9,0,53,8,0,0,0,1,9.316666666666666,16.883333333333333,-0.07458063088120237,-1
USR065,2026-08-12,Manager,12,0,42,15,2,0,0,1,9.266666666666667,16.916666666666668,-0.04624643604068224,-1
USR065,2026-08-13,Manager,8,0,20,12,0,0,0,1,9.316666666666666,16.6,-0.006191227575375713,-1
USR065,2026-08-14,Manager,8,0,10,16,0,0,0,1,9.05,16.85,0.05923247470176424,1
USR065,2026-08-17,Manager,9,0,7,19,2,0,0,1,9.316666666666666,16.983333333333334,-0.04118826406381848,-1
USR065,2026-08-18,Manager,8,0,6,12,0,0,0,1,9.1,16.95,0.0389567762895171,1
USR065,2026-08-19,Manager,7,0,0,15,1,0,0,1,9.05,16.5,-0.06407220070001574,-1
USR065,2026-08-20,Manager,12,0,0,27,3,0,0,1,9.166666666666666,16.5,-0.10535456813827437,-1
USR065,2026-08-21,Manager,7,0,0,19,1,0,0,1,9.05,16.916666666666668,-0.011828577025910891,-1
USR066,2026-08-03,Manager,8,0,7,21,0,0,0,1,9.116666666666667,16.55,0.0260772121949282,1
USR066,2026-08-04,Manager,7,0,0,18,0,0,0,1,9.033333333333331,16.933333333333334,-0.011389231454646764,-1
USR066,2026-08-05,Manager,9,0,3,22,1,0,0,1,9.2,16.55,0.012600275375044101,1
USR066,2026-08-06,Manager,12,0,0,31,3,0,0,1,9.116666666666667,16.983333333333334,-0.08181765555344489,-1
USR066,2026-08-07,Manager,12,0,12,25,3,0,0,1,9.066666666666666,16.716666666666665,-0.03283240904034512,-1
USR066,2026-08-10,Manager,8,0,13,12,0,0,0,1,9.283333333333331,16.95,0.02489530943227858,1
USR066,2026-08-11,Manager,7,0,0,16,1,0,0,1,9.066666666666666,16.983333333333334,-0.03045073453292335,-1
USR066,2026-08-12,Manager,8,0,29,12,2,0,0,1,9.05,16.566666666666666,-0.0465321118737243,-1
USR066,2026-08-13,Manager,10,0,34,15,1,0,0,1,9.066666666666666,16.85,0.0361724120176834,1
USR066,2026-08-14,Manager,12,0,17,30,3,0,0,1,9.183333333333334,16.7,-0.05238872792803895,-1
USR066,2026-08-17,Manager,12,0,28,26,0,0,0,1,9.083333333333334,16.583333333333332,0.01003956046312865,1
USR066,2026-08-18,Manager,12,0,28,25,1,0,0,1,9.25,16.683333333333334,0.013796477598873147,1
USR066,2026-08-19,Manager,11,0,6,18,2,0,0,1,9.183333333333334,16.883333333333333,0.01881210078122303,1
USR066,2026-08-20,Manager,11,0,8,26,4,0,0,1,9.133333333333333,16.7,-0.09913812707594882,-1
USR066,2026-08-21,Manager,10,0,35,12,1,0,0,1,9.25,16.95,0.007239890934630344,1
USR067,2026-08-03,CustomerService,15,0,21,27,0,0,0,1,9.083333333333334,16.983333333333334,0.005599825849872009,1
USR067,2026-08-04,CustomerService,15,0,16,22,0,0,0,1,9.25,16.983333333333334,0.007769697618789095,1
USR067,2026-08-05,CustomerService,10,0,7,20,0,0,0,1,9.133333333333333,16.75,0.08799544399396392,1
USR067,2026-08-06,CustomerService,14,0,0,41,1,0,0,1,9.25,16.833333333333332,-0.07378068611858357,-1
USR067,2026-08-07,CustomerService,10,0,13,20,0,0,0,1,9.216666666666669,16.633333333333333,0.07344351896204115,1
USR067,2026-08-10,CustomerService,10,0,9,16,0,0,0,1,9.183333333333334,16.783333333333335,0.09205645750211039,1
USR067,2026-08-11,CustomerService,15,0,18,27,0,0,0,1,9.133333333333333,16.733333333333334,0.03744487100000149,1
USR067,2026-08-12,CustomerService,10,0,0,23,2,0,0,1,9.1,16.666666666666668,-0.006607296236653459,-1
USR067,2026-08-13,CustomerService,11,0,14,27,0,0,0,1,9.183333333333334,16.95,0.05443036941023843,1
USR067,2026-08-14,CustomerService,10,0,7,16,0,0,0,1,9.2,16.783333333333335,0.0885686269091231,1
USR067,2026-08-17,CustomerService,16,0,25,31,0,0,0,1,9.233333333333333,16.933333333333334,-0.03501864757679729,-1
USR067,2026-08-18,CustomerService,15,0,3,33,0,0,0,1,9.266666666666667,16.75,-1.6290676297936457e-05,-1
USR067,2026-08-19,CustomerService,14,0,19,21,0,0,0,1,9.0,16.6,0.0028853600711425953,1
USR067,2026-08-20,CustomerService,14,0,29,22,0,0,0,1,9.183333333333334,16.833333333333332,0.0397901893357937,1
USR067,2026-08-21,CustomerService,11,0,22,16,0,0,0,1,9.283333333333331,16.85,0.048980246135302274,1
USR068,2026-08-03,Teller,12,0,2,27,0,0,0,1,9.133333333333333,16.95,0.04359784524884702,1
USR068,2026-08-04,Teller,11,0,3,19,0,0,0,1,9.15,16.716666666666665,0.08163968774553398,1
USR068,2026-08-05,Teller,13,0,5,30,0,0,0,1,9.333333333333334,16.85,0.0027473358653120616,1
USR068,2026-08-06,Teller,11,0,9,13,1,0,0,1,9.25,16.583333333333332,0.014543740355490886,1
USR068,2026-08-07,Teller,10,0,2,23,0,0,0,1,9.083333333333334,16.983333333333334,0.03532029625312488,1
USR068,2026-08-10,Teller,13,0,8,24,0,0,0,1,9.333333333333334,16.7,0.007216650807703562,1
USR068,2026-08-11,Teller,12,0,13,23,0,0,0,1,9.133333333333333,16.816666666666666,0.08552382595339975,1
USR068,2026-08-12,Teller,9,0,12,9,0,0,0,1,9.066666666666666,16.683333333333334,0.04649568675325205,1
USR068,2026-08-13,Teller,14,0,19,17,0,0,0,1,9.3,16.933333333333334,0.017355067056708973,1
USR068,2026-08-14,Teller,10,0,0,21,0,0,0,1,9.216666666666669,16.583333333333332,0.04483172861134799,1
USR068,2026-08-17,Teller,8,0,5,12,0,0,0,1,9.083333333333334,16.7,0.056271360897090617,1
USR068,2026-08-18,Teller,14,0,8,31,0,0,0,1,9.066666666666666,16.883333333333333,0.041741066154883155,1
USR068,2026-08-19,Teller,14,0,6,30,0,0,0,1,9.266666666666667,16.983333333333334,0.008003614985293672,1
USR068,2026-08-20,Teller,9,0,2,24,0,0,0,1,9.216666666666669,16.816666666666666,0.059669596625429755,1
USR068,2026-08-21,Teller,9,0,5,16,0,0,0,1,9.133333333333333,16.75,0.08229164324086752,1
USR069,2026-08-03,Teller,9,0,8,11,0,0,0,1,9.15,16.833333333333332,0.07550637733730498,1
USR069,2026-08-04,Teller,10,0,2,26,0,0,0,1,9.033333333333331,16.616666666666667,0.02757237805447027,1
USR069,2026-08-05,Teller,14,0,13,19,0,0,0,1,9.3,16.683333333333334,0.023277958346398786,1
USR069,2026-08-06,Teller,13,0,12,23,0,0,0,1,9.183333333333334,16.966666666666665,0.05835013874092321,1
USR069,2026-08-07,Teller,9,0,5,20,0,0,0,1,9.183333333333334,16.633333333333333,0.07001266178677562,1
USR069,2026-08-10,Teller,10,0,9,20,0,0,0,1,9.066666666666666,16.983333333333334,0.047539135100702345,1
USR069,2026-08-11,Teller,13,0,5,26,0,0,0,1,9.033333333333331,16.55,0.013771806245612084,1
USR069,2026-08-12,Teller,10,0,0,34,1,0,0,1,9.066666666666666,16.516666666666666,-0.06043225295035126,-1
USR069,2026-08-13,Teller,11,0,4,25,1,0,0,1,9.0,16.883333333333333,0.027170801720410587,1
USR069,2026-08-14,Teller,11,0,1,21,0,0,0,1,9.3,16.616666666666667,0.025238597501310522,1
USR069,2026-08-17,Teller,13,0,12,24,0,0,0,1,9.05,16.666666666666668,0.060313907764729224,1
USR069,2026-08-18,Teller,10,0,0,29,0,0,0,1,9.2,16.833333333333332,0.04662772506946633,1
USR069,2026-08-19,Teller,14,0,15,23,0,0,0,1,9.05,16.666666666666668,0.04817940469020415,1
USR069,2026-08-20,Teller,12,0,14,13,0,0,0,1,9.016666666666667,16.55,0.010155149918636586,1
USR069,2026-08-21,Teller,14,0,11,25,0,0,0,1,9.116666666666667,16.883333333333333,0.06556425020505491,1
USR070,2026-08-03,Manager,10,0,0,21,2,0,0,1,9.183333333333334,16.85,0.003058051072496848,1
USR070,2026-08-04,Manager,9,0,23,15,0,0,0,1,9.1,16.85,0.05927511498792787,1
USR070,2026-08-05,Manager,7,0,22,9,2,0,0,1,9.1,16.916666666666668,-0.03202890282620474,-1
USR070,2026-08-06,Manager,11,0,41,15,3,0,0,1,9.316666666666666,16.933333333333334,-0.08679568587849784,-1
USR070,2026-08-07,Manager,12,0,10,28,3,0,0,1,9.0,16.716666666666665,-0.058915155042886025,-1
USR070,2026-08-10,Manager,7,0,0,17,3,0,0,1,9.216666666666669,16.6,-0.10059181276427231,-1
USR070,2026-08-11,Manager,10,0,7,19,3,0,0,1,9.0,16.933333333333334,-0.041199213568631765,-1
USR070,2026-08-12,Manager,12,0,12,32,0,0,0,1,9.216666666666669,16.716666666666665,0.043303553285739094,1
USR070,2026-08-13,Manager,7,0,17,11,0,0,0,1,9.25,16.716666666666665,0.013317221408655211,1
USR070,2026-08-14,Manager,9,0,23,14,2,0,0,1,9.166666666666666,16.65,0.001263903287955448,1
USR070,2026-08-17,Manager,10,0,34,15,2,0,0,1,9.25,16.866666666666667,-0.0068402496829655934,-1
USR070,2026-08-18,Manager,12,0,20,33,1,0,0,1,9.083333333333334,16.733333333333334,0.009217691426386787,1
USR070,2026-08-19,Manager,9,0,33,19,1,0,0,1,9.316666666666666,16.516666666666666,-0.06636388583888253,-1
USR070,2026-08-20,Manager,10,0,15,22,0,0,0,1,9.233333333333333,16.633333333333333,0.06529869476727629,1
USR070,2026-08-21,Manager,7,0,0,11,0,0,0,1,9.116666666666667,16.583333333333332,-0.021260296348573293,-1
USR071,2026-08-03,Teller,9,0,12,9,0,0,0,1,9.116666666666667,16.616666666666667,0.04717425161114275,1
USR071,2026-08-04,Teller,9,0,10,11,0,0,0,1,9.033333333333331,16.916666666666668,0.05402259713835644,1
USR071,2026-08-05,Teller,11,0,8,19,1,0,0,1,9.0,16.733333333333334,0.036812856064488475,1
USR071,2026-08-06,Teller,9,0,3,15,0,0,0,1,9.3,16.866666666666667,0.04470554125553294,1
USR071,2026-08-07,Teller,13,0,9,36,0,0,0,1,9.183333333333334,16.866666666666667,0.027348575335907566,1
USR071,2026-08-10,Teller,12,0,17,16,0,0,0,1,9.216666666666669,16.533333333333335,0.02572444891360165,1
USR071,2026-08-11,Teller,8,0,11,7,0,0,0,1,9.283333333333331,16.816666666666666,0.021032023883467754,1
USR071,2026-08-12,Teller,14,0,16,30,0,0,0,1,9.283333333333331,16.55,-0.019255907714126663,-1
USR071,2026-08-13,Teller,11,0,13,11,0,0,0,1,9.016666666666667,16.8,0.05212012252296533,1
USR071,2026-08-14,Teller,11,0,0,21,0,0,0,1,9.0,16.716666666666665,0.03506311397365852,1
USR071,2026-08-17,Teller,13,0,23,22,0,0,0,1,9.05,16.733333333333334,0.05309923565355795,1
USR071,2026-08-18,Teller,12,0,4,24,0,0,0,1,9.033333333333331,16.733333333333334,0.06153199412298099,1
USR071,2026-08-19,Teller,12,0,5,24,1,0,0,1,9.066666666666666,16.833333333333332,0.05476970349434318,1
USR071,2026-08-20,Teller,14,0,15,20,0,0,0,1,9.033333333333331,16.883333333333333,0.052284681935616306,1
USR071,2026-08-21,Teller,9,0,8,13,0,0,0,1,9.166666666666666,16.85,0.08301618064055732,1
USR072,2026-08-03,CustomerService,14,0,14,27,0,0,0,1,9.033333333333331,16.966666666666665,0.03826085966937842,1
USR072,2026-08-04,CustomerService,13,0,18,24,2,0,0,1,9.116666666666667,16.533333333333335,-0.030633122600029705,-1
USR072,2026-08-05,CustomerService,13,0,17,26,1,0,0,1,9.1,16.9,0.05145301559632298,1
USR072,2026-08-06,CustomerService,13,0,10,25,0,0,0,1,9.0,16.933333333333334,0.04465797380083586,1
USR072,2026-08-07,CustomerService,11,0,12,17,0,0,0,1,9.15,16.683333333333334,0.08026655761092161,1
USR072,2026-08-10,CustomerService,11,0,14,23,0,0,0,1,9.083333333333334,16.9,0.07319808215098456,1
USR072,2026-08-11,CustomerService,13,0,7,28,0,0,0,1,9.166666666666666,16.816666666666666,0.06989789510275096,1
USR072,2026-08-12,CustomerService,11,0,18,21,0,0,0,1,9.133333333333333,16.733333333333334,0.07645238220887324,1
USR072,2026-08-13,CustomerService,11,0,13,20,1,0,0,1,9.116666666666667,16.816666666666666,0.07520680056345619,1
USR072,2026-08-14,CustomerService,9,0,19,11,0,0,0,1,9.0,16.65,0.01914641637054304,1
USR072,2026-08-17,CustomerService,13,0,23,22,0,0,0,1,9.316666666666666,16.683333333333334,0.00573447404170796,1
USR072,2026-08-18,CustomerService,10,0,9,10,0,0,0,1,9.0,16.833333333333332,0.03544806174635995,1
USR072,2026-08-19,CustomerService,10,0,8,19,2,0,0,1,9.3,16.616666666666667,-0.027132552676750188,-1
USR072,2026-08-20,CustomerService,12,0,10,19,0,0,0,1,9.15,16.866666666666667,0.08813681268102053,1
USR072,2026-08-21,CustomerService,10,0,8,23,0,0,0,1,9.3,16.8,0.04584763491552324,1
USR073,2026-08-03,Manager,10,0,15,11,0,0,0,1,9.0,16.7,0.03276657739355621,1
USR073,2026-08-04,Manager,10,0,54,15,3,0,0,1,9.25,16.783333333333335,-0.09900696100787953,-1
USR073,2026-08-05,Manager,11,0,30,18,2,0,0,1,9.15,16.933333333333334,0.01578316809641872,1
USR073,2026-08-06,Manager,8,0,8,17,0,0,0,1,9.333333333333334,16.8,0.01006453553689074,1
USR073,2026-08-07,Manager,11,0,39,19,1,0,0,1,9.233333333333333,16.8,0.016463220338936713,1
USR073,2026-08-10,Manager,9,0,13,11,1,0,0,1,9.05,16.8,0.047547760936275996,1
USR073,2026-08-11,Manager,12,0,8,27,2,0,0,1,9.1,16.85,0.014378367541836024,1
USR073,2026-08-12,Manager,7,0,17,6,1,0,0,1,9.316666666666666,16.8,-0.04625544691571237,-1
USR073,2026-08-13,Manager,7,0,18,13,1,0,0,1,9.0,16.95,-0.013138864081327695,-1
USR073,2026-08-14,Manager,8,0,12,13,0,0,0,1,9.183333333333334,16.733333333333334,0.06905483124479506,1
USR073,2026-08-17,Manager,12,0,17,17,0,0,0,1,9.05,16.9,0.0710980734142117,1
USR073,2026-08-18,Manager,9,0,34,13,1,0,0,1,9.066666666666666,16.8,0.026497105321286962,1
USR073,2026-08-19,Manager,12,0,28,26,2,0,0,1,9.05,16.816666666666666,0.0054390345671433415,1
USR073,2026-08-20,Manager,12,0,43,17,2,0,0,1,9.1,16.716666666666665,-0.014795929545036834,-1
USR073,2026-08-21,Manager,12,0,53,27,0,0,0,1,9.15,16.933333333333334,-0.030108913966830797,-1
USR074,2026-08-03,CustomerService,16,0,24,34,0,0,0,1,9.1,16.966666666666665,-0.04486930406452139,-1
USR074,2026-08-04,CustomerService,13,0,3,28,0,0,0,1,9.15,16.716666666666665,0.059281217038913925,1
USR074,2026-08-05,CustomerService,12,0,24,25,2,0,0,1,9.116666666666667,16.966666666666665,0.005693341852792466,1
USR074,2026-08-06,CustomerService,13,0,20,30,0,0,0,1,9.083333333333334,16.933333333333334,0.03458742775965612,1
USR074,2026-08-07,CustomerService,10,0,20,13,0,0,0,1,9.1,16.9,0.07106680623407224,1
USR074,2026-08-10,CustomerService,11,0,13,21,1,0,0,1,9.266666666666667,16.833333333333332,0.05259901418962737,1
USR074,2026-08-11,CustomerService,10,0,4,14,0,0,0,1,9.233333333333333,16.816666666666666,0.07716306250567884,1
USR074,2026-08-12,CustomerService,16,0,19,28,0,0,0,1,9.266666666666667,16.583333333333332,-0.03802482718164224,-1
USR074,2026-08-13,CustomerService,16,0,28,20,0,0,0,1,9.0,16.733333333333334,-0.038679543090971324,-1
USR074,2026-08-14,CustomerService,11,0,18,19,0,0,0,1,9.25,16.683333333333334,0.0640168120489723,1
USR074,2026-08-17,CustomerService,11,0,1,26,1,0,0,1,9.016666666666667,16.666666666666668,0.01031255382386792,1
USR074,2026-08-18,CustomerService,11,0,1,23,0,0,0,1,9.016666666666667,16.616666666666667,0.03146052308554087,1
USR074,2026-08-19,CustomerService,9,0,5,18,1,0,0,1,9.183333333333334,16.933333333333334,0.05007493953308101,1
USR074,2026-08-20,CustomerService,12,0,26,15,0,0,0,1,9.05,16.65,0.04814104728185814,1
USR074,2026-08-21,CustomerService,10,0,19,18,0,0,0,1,9.1,16.65,0.0700438980258773,1
USR075,2026-08-03,Teller,11,0,12,21,0,0,0,1,9.083333333333334,16.583333333333332,0.05978551990677178,1
USR075,2026-08-04,Teller,12,0,11,15,0,0,0,1,9.283333333333331,16.633333333333333,0.04020533394478132,1
USR075,2026-08-05,Teller,12,0,7,26,0,0,0,1,9.016666666666667,16.966666666666665,0.04384668937130687,1
USR075,2026-08-06,Teller,9,0,8,18,0,0,0,1,9.033333333333331,16.9,0.06011410035724096,1
USR075,2026-08-07,Teller,10,0,9,19,0,0,0,1,9.233333333333333,16.983333333333334,0.050540376151017086,1
USR075,2026-08-10,Teller,13,0,17,18,1,0,0,1,9.033333333333331,16.8,0.03911551081822451,1
USR075,2026-08-11,Teller,10,0,6,23,0,0,0,1,9.183333333333334,16.616666666666667,0.0659610885211192,1
USR075,2026-08-12,Teller,9,0,2,21,0,0,0,1,9.133333333333333,16.633333333333333,0.061536907599164636,1
USR075,2026-08-13,Teller,13,0,4,25,0,0,0,1,9.15,16.633333333333333,0.05691658978502945,1
USR075,2026-08-14,Teller,10,0,15,5,0,0,0,1,9.1,16.933333333333334,0.008051082297171996,1
USR075,2026-08-17,Teller,10,0,10,17,0,0,0,1,9.266666666666667,16.566666666666666,0.045741261218581575,1
USR075,2026-08-18,Teller,12,0,6,18,2,0,0,1,9.166666666666666,16.683333333333334,0.010994099216195208,1
USR075,2026-08-19,Teller,9,0,4,10,0,0,0,1,9.216666666666669,16.966666666666665,0.03001434519473989,1
USR075,2026-08-20,Teller,9,0,2,24,0,0,0,1,9.116666666666667,16.65,0.05371756072544409,1
USR075,2026-08-21,Teller,11,0,4,35,0,0,0,1,9.016666666666667,16.583333333333332,-0.011216920912390682,-1
USR076,2026-08-03,CustomerService,11,0,1,25,2,0,0,1,9.166666666666666,16.916666666666668,-0.0013933017694892635,-1
USR076,2026-08-04,CustomerService,11,0,2,21,0,0,0,1,9.233333333333333,16.5,0.017985750478939688,1
USR076,2026-08-05,CustomerService,16,0,17,30,0,0,0,1,9.3,16.85,-0.0248574324795916,-1
USR076,2026-08-06,CustomerService,13,0,9,37,1,0,0,1,9.333333333333334,16.766666666666666,-0.05617042082304835,-1
USR076,2026-08-07,CustomerService,14,0,7,33,0,0,0,1,9.333333333333334,16.783333333333335,-0.01503382928104724,-1
USR076,2026-08-10,CustomerService,14,0,23,29,0,0,0,1,9.2,16.7,0.03467234971618649,1
USR076,2026-08-11,CustomerService,15,0,27,27,2,0,0,1,9.05,16.933333333333334,-0.04702718779025372,-1
USR076,2026-08-12,CustomerService,16,0,9,41,0,0,0,1,9.083333333333334,16.9,-0.0566252286321679,-1
USR076,2026-08-13,CustomerService,13,0,23,16,0,0,0,1,9.266666666666667,16.8,0.0332359816632819,1
USR076,2026-08-14,CustomerService,10,0,3,22,0,0,0,1,9.233333333333333,16.583333333333332,0.05601191213798623,1
USR076,2026-08-17,CustomerService,9,0,16,11,1,0,0,1,9.233333333333333,16.966666666666665,0.02225128596030629,1
USR076,2026-08-18,CustomerService,14,0,16,27,0,0,0,1,9.316666666666666,16.65,0.008187094088334457,1
USR076,2026-08-19,CustomerService,10,0,20,18,0,0,0,1,9.166666666666666,16.95,0.0571966650885819,1
USR076,2026-08-20,CustomerService,12,0,23,18,0,0,0,1,9.316666666666666,16.633333333333333,0.01353917464685861,1
USR076,2026-08-21,CustomerService,15,0,13,31,1,0,0,1,9.183333333333334,16.866666666666667,0.002156876323118284,1
USR077,2026-08-03,CustomerService,11,0,17,16,0,0,0,1,9.116666666666667,16.933333333333334,0.07465833941281336,1
USR077,2026-08-04,CustomerService,14,0,25,27,0,0,0,1,9.1,16.966666666666665,0.020541395037931787,1
USR077,2026-08-05,CustomerService,12,0,0,30,0,0,0,1,9.233333333333333,16.55,-0.0037588788150166863,-1
USR077,2026-08-06,CustomerService,10,0,27,13,0,0,0,1,9.15,16.75,0.06083382529336978,1
USR077,2026-08-07,CustomerService,16,0,17,32,0,0,0,1,9.15,16.75,0.00014206720434978282,1
USR077,2026-08-10,CustomerService,16,0,23,39,1,0,0,1,9.083333333333334,16.633333333333333,-0.07711771679426649,-1
USR077,2026-08-11,CustomerService,13,0,19,32,0,0,0,1,9.333333333333334,16.6,-0.039543987341786546,-1
USR077,2026-08-12,CustomerService,10,0,21,9,0,0,0,1,9.066666666666666,16.933333333333334,0.03659424497059843,1
USR077,2026-08-13,CustomerService,12,0,18,22,0,0,0,1,9.333333333333334,16.95,0.0086750847289363,1
USR077,2026-08-14,CustomerService,16,0,23,29,0,0,0,1,9.066666666666666,16.683333333333334,-0.013211755215403964,-1
USR077,2026-08-17,CustomerService,13,0,29,22,0,0,0,1,9.0,16.666666666666668,0.0032858811631249485,1
USR077,2026-08-18,CustomerService,16,0,29,31,0,0,0,1,9.133333333333333,16.9,-0.020246259204300343,-1
USR077,2026-08-19,CustomerService,15,0,9,39,1,0,0,1,9.1,16.85,-0.0449892047204854,-1
USR077,2026-08-20,CustomerService,10,0,29,11,0,0,0,1,9.2,16.95,0.03005133941552507,1
USR077,2026-08-21,CustomerService,13,0,17,26,0,0,0,1,9.15,16.816666666666666,0.07311208342957587,1
USR078,2026-08-03,Manager,11,0,11,25,2,0,0,1,9.116666666666667,16.833333333333332,0.021910270798457088,1
USR078,2026-08-04,Manager,9,0,40,9,1,0,0,1,9.3,16.7,-0.044407328368713084,-1
USR078,2026-08-05,Manager,9,0,20,16,2,0,0,1,9.033333333333331,16.616666666666667,-0.006866600633002928,-1
USR078,2026-08-06,Manager,12,0,35,11,2,0,0,1,9.283333333333331,16.783333333333335,-0.04610742671264367,-1
USR078,2026-08-07,Manager,9,0,5,15,1,0,0,1,9.233333333333333,16.983333333333334,0.01988555341553383,1
USR078,2026-08-10,Manager,9,0,39,16,1,0,0,1,9.333333333333334,16.616666666666667,-0.05782967047179122,-1
USR078,2026-08-11,Manager,7,0,14,10,0,0,0,1,9.333333333333334,16.983333333333334,-0.0491250265293669,-1
USR078,2026-08-12,Manager,7,0,31,11,0,0,0,1,9.016666666666667,16.683333333333334,-0.035510364272731354,-1
USR078,2026-08-13,Manager,7,0,13,7,1,0,0,1,9.016666666666667,16.9,-0.03161957028780571,-1
USR078,2026-08-14,Manager,12,0,26,21,2,0,0,1,9.116666666666667,16.733333333333334,0.02240848822038527,1
USR078,2026-08-17,Manager,10,0,20,21,1,0,0,1,9.166666666666666,16.766666666666666,0.05990461300478972,1
USR078,2026-08-18,Manager,12,0,57,16,3,0,0,1,9.033333333333331,16.833333333333332,-0.09981547079784203,-1
USR078,2026-08-19,Manager,8,0,15,18,1,0,0,1,9.25,16.566666666666666,0.008618391935311276,1
USR078,2026-08-20,Manager,8,0,12,10,0,0,0,1,9.2,16.55,0.02296073730470166,1
USR078,2026-08-21,Manager,7,0,30,10,0,0,0,1,9.016666666666667,16.85,-0.017685936195577012,-1
USR079,2026-08-03,CustomerService,11,0,14,22,1,0,0,1,9.183333333333334,16.816666666666666,0.0689603986151952,1
USR079,2026-08-04,CustomerService,10,0,15,19,0,0,0,1,9.116666666666667,16.833333333333332,0.08479210369929424,1
USR079,2026-08-05,CustomerService,16,0,13,39,0,0,0,1,9.066666666666666,16.883333333333333,-0.05115465007781994,-1
USR079,2026-08-06,CustomerService,13,0,7,24,0,0,0,1,9.033333333333331,16.783333333333335,0.06134058469935544,1
USR079,2026-08-07,CustomerService,12,0,14,22,0,0,0,1,9.05,16.7,0.07074206924489918,1
USR079,2026-08-10,CustomerService,11,0,31,11,0,0,0,1,9.0,16.666666666666668,-0.0008438086225553976,-1
USR079,2026-08-11,CustomerService,13,0,26,21,1,0,0,1,9.033333333333331,16.916666666666668,0.02258472202467371,1
USR079,2026-08-12,CustomerService,11,0,22,16,0,0,0,1,9.016666666666667,16.916666666666668,0.04704413721405687,1
USR079,2026-08-13,CustomerService,10,0,6,21,0,0,0,1,9.016666666666667,16.716666666666665,0.0605502050035997,1
USR079,2026-08-14,CustomerService,13,0,15,31,0,0,0,1,9.116666666666667,16.966666666666665,0.03232251726768609,1
USR079,2026-08-17,CustomerService,16,0,3,39,0,0,0,1,9.133333333333333,16.983333333333334,-0.0785129389495497,-1
USR079,2026-08-18,CustomerService,13,0,27,14,0,0,0,1,9.083333333333334,16.866666666666667,0.03272024239149879,1
USR079,2026-08-19,CustomerService,11,0,15,22,0,0,0,1,9.2,16.616666666666667,0.06414597223845847,1
USR079,2026-08-20,CustomerService,13,0,25,28,0,0,0,1,9.066666666666666,16.816666666666666,0.0395498144295367,1
USR079,2026-08-21,CustomerService,11,0,16,23,0,0,0,1,9.066666666666666,16.966666666666665,0.053655063644991785,1
USR080,2026-08-03,CustomerService,14,0,26,32,1,0,0,1,9.283333333333331,16.75,-0.021673742417569475,-1
USR080,2026-08-04,CustomerService,14,0,12,21,0,0,0,1,9.266666666666667,16.85,0.05151989812705304,1
USR080,2026-08-05,CustomerService,13,0,28,25,0,0,0,1,9.066666666666666,16.833333333333332,0.03449289992520144,1
USR080,2026-08-06,CustomerService,9,0,10,9,0,0,0,1,9.0,16.95,0.015099387504882877,1
USR080,2026-08-07,CustomerService,13,0,4,25,0,0,0,1,9.133333333333333,16.95,0.05284616862196878,1
USR080,2026-08-10,CustomerService,14,0,9,30,0,0,0,1,9.016666666666667,16.55,-0.010656018525337374,-1
USR080,2026-08-11,CustomerService,9,0,11,14,0,0,0,1,9.1,16.866666666666667,0.08188488526706911,1
USR080,2026-08-12,CustomerService,11,0,9,30,0,0,0,1,9.05,16.966666666666665,0.030624836819864,1
USR080,2026-08-13,CustomerService,16,0,5,38,0,0,0,1,9.15,16.683333333333334,-0.028005971413609942,-1
USR080,2026-08-14,CustomerService,9,0,9,19,0,0,0,1,9.183333333333334,16.6,0.06285613578973775,1
USR080,2026-08-17,CustomerService,12,0,17,22,0,0,0,1,9.166666666666666,16.883333333333333,0.07467762201210598,1
USR080,2026-08-18,CustomerService,15,0,15,30,0,0,0,1,9.15,16.966666666666665,0.012899088444201456,1
USR080,2026-08-19,CustomerService,12,0,10,28,0,0,0,1,9.2,16.916666666666668,0.06139734419888676,1
USR080,2026-08-20,CustomerService,14,0,31,26,0,0,0,1,9.05,16.9,0.019946030168251583,1
USR080,2026-08-21,CustomerService,16,0,27,34,0,0,0,1,9.016666666666667,16.866666666666667,-0.05169066907827069,-1
USR081,2026-08-03,Teller,8,0,9,13,0,0,0,1,9.016666666666667,16.933333333333334,0.03202214464519648,1
USR081,2026-08-04,Teller,11,0,0,31,0,0,0,1,9.2,16.866666666666667,0.03847244034183739,1
USR081,2026-08-05,Teller,9,0,10,8,0,0,0,1,9.016666666666667,16.65,0.025976693371455917,1
USR081,2026-08-06,Teller,9,0,6,13,0,0,0,1,9.066666666666666,16.783333333333335,0.07121189661277427,1
USR081,2026-08-07,Teller,11,0,4,30,0,0,0,1,9.116666666666667,16.716666666666665,0.05193906993218689,1
USR081,2026-08-10,Teller,12,0,10,23,0,0,0,1,9.2,16.966666666666665,0.058603583342742904,1
USR081,2026-08-11,Teller,11,0,7,20,0,0,0,1,9.283333333333331,16.866666666666667,0.06384340222143164,1
USR081,2026-08-12,Teller,8,0,0,19,0,0,0,1,9.016666666666667,16.85,0.027528358287054744,1
USR081,2026-08-13,Teller,8,0,5,15,0,0,0,1,9.233333333333333,16.716666666666665,0.05919800148318222,1
USR081,2026-08-14,Teller,14,0,10,30,0,0,0,1,9.2,16.766666666666666,0.05568249471671749,1
USR081,2026-08-17,Teller,12,0,4,39,0,0,0,1,9.166666666666666,16.566666666666666,-0.016899198025434603,-1
USR081,2026-08-18,Teller,9,0,3,14,0,0,0,1,9.183333333333334,16.9,0.0749259807847889,1
USR081,2026-08-19,Teller,13,0,18,17,0,0,0,1,9.083333333333334,16.716666666666665,0.05929089162711354,1
USR081,2026-08-20,Teller,10,0,11,10,0,0,0,1,9.2,16.933333333333334,0.06139769338730838,1
USR081,2026-08-21,Teller,12,0,9,26,0,0,0,1,9.0,16.85,0.052576736583853756,1
USR082,2026-08-03,Teller,12,0,12,19,0,0,0,1,9.166666666666666,16.8,0.08910057672702176,1
USR082,2026-08-04,Teller,10,0,6,14,0,0,0,1,9.266666666666667,16.633333333333333,0.053009340429317875,1
USR082,2026-08-05,Teller,8,0,8,13,0,0,0,1,9.233333333333333,16.85,0.059699229225222916,1
USR082,2026-08-06,Teller,9,0,8,9,0,0,0,1,9.116666666666667,16.916666666666668,0.04924773625774487,1
USR082,2026-08-07,Teller,13,0,9,33,0,0,0,1,9.033333333333331,16.7,0.025933364292289096,1
USR082,2026-08-10,Teller,14,0,3,35,0,0,0,1,9.333333333333334,16.983333333333334,-0.06116137311322467,-1
USR082,2026-08-11,Teller,14,0,14,25,0,0,0,1,9.316666666666666,16.85,0.024353840715002295,1
USR082,2026-08-12,Teller,10,0,8,10,0,0,0,1,9.2,16.833333333333332,0.06746908388162709,1
USR082,2026-08-13,Teller,11,0,11,17,0,0,0,1,9.0,16.683333333333334,0.05160095225763223,1
USR082,2026-08-14,Teller,13,0,6,24,0,0,0,1,9.216666666666669,16.916666666666668,0.06106340175200864,1
USR082,2026-08-17,Teller,12,0,14,21,1,0,0,1,9.183333333333334,16.85,0.06486015687280916,1
USR082,2026-08-18,Teller,14,0,10,28,0,0,0,1,9.233333333333333,16.85,0.055821665363398,1
USR082,2026-08-19,Teller,14,0,4,36,0,0,0,1,9.033333333333331,16.933333333333334,-0.0028707890645957024,-1
USR082,2026-08-20,Teller,10,0,7,17,0,0,0,1,9.133333333333333,16.583333333333332,0.06269086541529717,1
USR082,2026-08-21,Teller,8,0,8,6,0,0,0,1,9.15,16.783333333333335,0.0321795611328316,1
USR083,2026-08-03,Teller,8,0,6,10,0,0,0,1,9.3,16.866666666666667,0.019162577584998508,1
USR083,2026-08-04,Teller,13,0,11,18,1,0,0,1,9.25,16.966666666666665,0.025731644856445635,1
USR083,2026-08-05,Teller,13,0,8,27,0,0,0,1,9.266666666666667,16.716666666666665,0.047380946056727324,1
USR083,2026-08-06,Teller,13,0,0,31,0,0,0,1,9.116666666666667,16.966666666666665,0.012315858183802764,1
USR083,2026-08-07,Teller,11,0,10,18,1,0,0,1,9.316666666666666,16.9,0.03315379456163636,1
USR083,2026-08-10,Teller,9,0,2,13,0,0,0,1,9.3,16.866666666666667,0.03957764268546282,1
USR083,2026-08-11,Teller,12,0,2,26,0,0,0,1,9.216666666666669,16.533333333333335,0.026001328963680403,1
USR083,2026-08-12,Teller,11,0,3,19,0,0,0,1,9.133333333333333,16.833333333333332,0.08533283285131787,1
USR083,2026-08-13,Teller,14,0,6,24,0,0,0,1,9.266666666666667,16.816666666666666,0.05285892895663952,1
USR083,2026-08-14,Teller,8,0,4,14,0,0,0,1,9.033333333333331,16.5,-0.012018942159681911,-1
USR083,2026-08-17,Teller,11,0,7,14,0,0,0,1,9.25,16.666666666666668,0.053942307935325784,1
USR083,2026-08-18,Teller,10,0,8,24,0,0,0,1,9.283333333333331,16.8,0.05517893613343383,1
USR083,2026-08-19,Teller,8,0,3,12,0,0,0,1,9.016666666666667,16.933333333333334,0.02562653027676276,1
USR083,2026-08-20,Teller,9,0,3,17,0,0,0,1,9.15,16.833333333333332,0.08516312007922094,1
USR083,2026-08-21,Teller,9,0,5,12,0,0,0,1,9.266666666666667,16.75,0.06072967686771852,1
USR084,2026-08-03,Teller,11,0,7,26,0,0,0,1,9.016666666666667,16.966666666666665,0.042003921625340945,1
USR084,2026-08-04,Teller,8,0,0,16,0,0,0,1,9.266666666666667,16.683333333333334,0.027406219090362616,1
USR084,2026-08-05,Teller,13,0,11,22,1,0,0,1,9.05,16.783333333333335,0.04494402152394217,1
USR084,2026-08-06,Teller,12,0,5,21,0,0,0,1,9.166666666666666,16.833333333333332,0.08445466150241787,1
USR084,2026-08-07,Teller,12,0,10,28,0,0,0,1,9.216666666666669,16.666666666666668,0.05634763609471327,1
USR084,2026-08-10,Teller,8,0,5,14,0,0,0,1,9.033333333333331,16.683333333333334,0.041290316273469796,1
USR084,2026-08-11,Teller,8,0,4,7,0,0,0,1,9.233333333333333,16.733333333333334,0.031106086725591897,1
USR084,2026-08-12,Teller,14,0,7,21,0,0,0,1,9.116666666666667,16.9,0.06057680607071536,1
USR084,2026-08-13,Teller,11,0,12,18,0,0,0,1,9.316666666666666,16.683333333333334,0.042939846353402644,1
USR084,2026-08-14,Teller,12,0,14,20,0,0,0,1,9.233333333333333,16.933333333333334,0.06731582103574218,1
USR084,2026-08-17,Teller,13,0,16,25,1,0,0,1,9.183333333333334,16.616666666666667,0.025681471914003717,1
USR084,2026-08-18,Teller,10,0,14,7,0,0,0,1,9.033333333333331,16.5,-0.02322969692217658,-1
USR084,2026-08-19,Teller,11,0,3,20,0,0,0,1,9.033333333333331,16.883333333333333,0.06580804002810997,1
USR084,2026-08-20,Teller,10,0,4,22,1,0,0,1,9.15,16.533333333333335,0.02433936405696968,1
USR084,2026-08-21,Teller,11,0,5,19,1,0,0,1,9.033333333333331,16.916666666666668,0.0452023304882635,1
USR085,2026-08-03,CustomerService,11,0,13,20,0,0,0,1,9.25,16.766666666666666,0.08064140265203762,1
USR085,2026-08-04,CustomerService,13,0,30,19,0,0,0,1,9.116666666666667,16.633333333333333,0.024791808075157296,1
USR085,2026-08-05,CustomerService,15,0,15,30,0,0,0,1,9.033333333333331,16.966666666666665,0.007959344860009598,1
USR085,2026-08-06,CustomerService,14,0,1,25,0,0,0,1,9.3,16.816666666666666,0.019115821842492553,1
USR085,2026-08-07,CustomerService,11,0,14,19,0,0,0,1,9.25,16.55,0.04625146493117127,1
USR085,2026-08-10,CustomerService,15,0,26,31,1,0,0,1,9.1,16.516666666666666,-0.07656042099525207,-1
USR085,2026-08-11,CustomerService,11,0,25,16,1,0,0,1,9.25,16.65,0.02872667574202986,1
USR085,2026-08-12,CustomerService,16,0,23,18,0,0,0,1,9.15,16.966666666666665,-0.022521557693662708,-1
USR085,2026-08-13,CustomerService,13,0,11,20,1,0,0,1,9.15,16.95,0.0407419465577778,1
USR085,2026-08-14,CustomerService,12,0,6,27,1,0,0,1,9.083333333333334,16.8,0.05419173186741816,1
USR085,2026-08-17,CustomerService,16,0,25,30,0,0,0,1,9.15,16.866666666666667,-0.01031193762727034,-1
USR085,2026-08-18,CustomerService,16,0,14,25,0,0,0,1,9.333333333333334,16.633333333333333,-0.0441255841668623,-1
USR085,2026-08-19,CustomerService,9,0,12,9,1,0,0,1,9.166666666666666,16.9,0.03738566402800553,1
USR085,2026-08-20,CustomerService,12,0,18,20,0,0,0,1,9.1,16.583333333333332,0.04662582439289098,1
USR085,2026-08-21,CustomerService,12,0,5,24,0,0,0,1,9.333333333333334,16.9,0.024022559625279882,1
USR086,2026-08-03,Manager,10,0,17,16,1,0,0,1,9.0,16.65,0.025410777903732307,1
USR086,2026-08-04,Manager,11,0,51,17,2,0,0,1,9.25,16.783333333333335,-0.04912645474963817,-1
USR086,2026-08-05,Manager,7,0,14,11,1,0,0,1,9.033333333333331,16.966666666666665,-0.014237472267874973,-1
USR086,2026-08-06,Manager,10,0,26,14,0,0,0,1,9.2,16.766666666666666,0.06023031357315728,1
USR086,2026-08-07,Manager,11,0,3,17,1,0,0,1,9.266666666666667,16.633333333333333,0.026893059792062468,1
USR086,2026-08-10,Manager,7,0,0,20,0,0,0,1,9.066666666666666,16.75,-0.0038658408630423136,-1
USR086,2026-08-11,Manager,8,0,32,11,0,0,0,1,9.166666666666666,16.966666666666665,-0.0010843391334514063,-1
USR086,2026-08-12,Manager,11,0,54,21,1,0,0,1,9.25,16.95,-0.03873917702095142,-1
USR086,2026-08-13,Manager,7,0,14,10,2,0,0,1,9.116666666666667,16.7,-0.03244161144603075,-1
USR086,2026-08-14,Manager,9,0,0,18,2,0,0,1,9.05,16.583333333333332,-0.029954832112801477,-1
USR086,2026-08-17,Manager,12,0,10,25,0,0,0,1,9.016666666666667,16.9,0.0660874936362304,1
USR086,2026-08-18,Manager,12,0,0,26,1,0,0,1,9.2,16.616666666666667,0.021029151045493022,1
USR086,2026-08-19,Manager,12,0,57,24,2,0,0,1,9.183333333333334,16.8,-0.06101834089942404,-1
USR086,2026-08-20,Manager,10,0,43,16,0,0,0,1,9.016666666666667,16.85,-0.0012476775574453702,-1
USR086,2026-08-21,Manager,7,0,28,5,1,0,0,1,9.233333333333333,16.583333333333332,-0.07030452009773525,-1
USR087,2026-08-03,Teller,10,0,1,22,0,0,0,1,9.333333333333334,16.816666666666666,0.02033298722700544,1
USR087,2026-08-04,Teller,11,0,5,23,0,0,0,1,9.016666666666667,16.6,0.04438677972422961,1
USR087,2026-08-05,Teller,8,0,4,21,0,0,0,1,9.033333333333331,16.883333333333333,0.03316311866279864,1
USR087,2026-08-06,Teller,8,0,2,16,0,0,0,1,9.133333333333333,16.766666666666666,0.06415810622585177,1
USR087,2026-08-07,Teller,8,0,4,16,0,0,0,1,9.233333333333333,16.633333333333333,0.047816921112147914,1
USR087,2026-08-10,Teller,10,0,11,13,0,0,0,1,9.05,16.85,0.07937708229332796,1
USR087,2026-08-11,Teller,11,0,18,13,0,0,0,1,9.1,16.833333333333332,0.07243031860143517,1
USR087,2026-08-12,Teller,11,0,3,21,0,0,0,1,9.2,16.916666666666668,0.07047674811662213,1
USR087,2026-08-13,Teller,8,0,0,16,0,0,0,1,9.066666666666666,16.666666666666668,0.028108610065698758,1
USR087,2026-08-14,Teller,8,0,0,14,0,0,0,1,9.183333333333334,16.766666666666666,0.047664663229881776,1
USR087,2026-08-17,Teller,9,0,0,14,0,0,0,1,9.066666666666666,16.516666666666666,0.0005801841491770432,1
USR087,2026-08-18,Teller,12,0,2,19,0,0,0,1,9.033333333333331,16.833333333333332,0.0643300754828347,1
USR087,2026-08-19,Teller,12,0,13,14,0,0,0,1,9.0,16.866666666666667,0.048824692785689794,1
USR087,2026-08-20,Teller,14,0,6,27,0,0,0,1,9.283333333333331,16.933333333333334,0.027736015460207153,1
USR087,2026-08-21,Teller,8,0,4,13,0,0,0,1,9.1,16.9,0.057038786417002274,1
USR088,2026-08-03,Manager,9,0,1,21,1,0,0,1,9.133333333333333,16.95,0.03496449338202656,1
USR088,2026-08-04,Manager,11,0,16,14,2,0,0,1,9.133333333333333,16.933333333333334,0.01993134650668199,1
USR088,2026-08-05,Manager,7,0,14,13,1,0,0,1,9.15,16.983333333333334,-0.004046199171423348,-1
USR088,2026-08-06,Manager,10,0,69,7,1,0,0,1,9.183333333333334,16.533333333333335,-0.11423034817927902,-1
USR088,2026-08-07,Manager,12,0,35,14,3,0,0,1,9.25,16.716666666666665,-0.06573825368751596,-1
USR088,2026-08-10,Manager,12,0,45,15,0,0,0,1,9.2,16.733333333333334,0.001251216381991438,1
USR088,2026-08-11,Manager,11,0,30,13,1,0,0,1,9.3,16.916666666666668,0.015185913357569303,1
USR088,2026-08-12,Manager,9,0,30,4,1,0,0,1,9.15,16.933333333333334,-0.01863536170634117,-1
USR088,2026-08-13,Manager,11,0,48,10,2,0,0,1,9.1,16.95,-0.053758383770001306,-1
USR088,2026-08-14,Manager,9,0,5,14,0,0,0,1,9.283333333333331,16.933333333333334,0.04197755161186717,1
USR088,2026-08-17,Manager,8,0,18,16,1,0,0,1,9.033333333333331,16.616666666666667,0.007183146572907306,1
USR088,2026-08-18,Manager,9,0,41,10,2,0,0,1,9.2,16.566666666666666,-0.06625285440940132,-1
USR088,2026-08-19,Manager,10,0,13,18,0,0,0,1,9.016666666666667,16.916666666666668,0.06598674297218426,1
USR088,2026-08-20,Manager,9,0,0,28,1,0,0,1,9.25,16.883333333333333,0.012001727157773756,1
USR088,2026-08-21,Manager,7,0,26,11,0,0,0,1,9.116666666666667,16.9,0.00826802805607968,1
USR089,2026-08-03,CustomerService,13,0,5,40,0,0,0,1,9.266666666666667,16.666666666666668,-0.02120156879897306,-1
USR089,2026-08-04,CustomerService,10,0,20,16,1,0,0,1,9.25,16.716666666666665,0.047019010375281944,1
USR089,2026-08-05,CustomerService,14,0,12,24,0,0,0,1,9.033333333333331,16.983333333333334,0.029360332107570997,1
USR089,2026-08-06,CustomerService,16,0,10,40,0,0,0,1,9.333333333333334,16.8,-0.10660543631750252,-1
USR089,2026-08-07,CustomerService,11,0,7,21,1,0,0,1,9.016666666666667,16.916666666666668,0.04395464691814521,1
USR089,2026-08-10,CustomerService,11,0,4,29,0,0,0,1,9.066666666666666,16.916666666666668,0.04988943937022716,1
USR089,2026-08-11,CustomerService,10,0,11,16,0,0,0,1,9.166666666666666,16.983333333333334,0.058653743799191915,1
USR089,2026-08-12,CustomerService,15,0,25,28,0,0,0,1,9.15,16.733333333333334,0.01849697456928595,1
USR089,2026-08-13,CustomerService,11,0,18,18,0,0,0,1,9.266666666666667,16.883333333333333,0.0648134630390848,1
USR089,2026-08-14,CustomerService,13,0,14,24,1,0,0,1,9.283333333333331,16.883333333333333,0.02887704030108973,1
USR089,2026-08-17,CustomerService,11,0,9,28,1,0,0,1,9.016666666666667,16.966666666666665,0.012160777562205016,1
USR089,2026-08-18,CustomerService,15,0,10,41,1,0,0,1,9.0,16.866666666666667,-0.0782331443158717,-1
USR089,2026-08-19,CustomerService,10,0,7,19,0,0,0,1,9.033333333333331,16.583333333333332,0.04793155553406597,1
USR089,2026-08-20,CustomerService,14,0,19,20,0,0,0,1,9.216666666666669,16.866666666666667,0.053645967181309595,1
USR089,2026-08-21,CustomerService,14,0,5,29,0,0,0,1,9.033333333333331,16.85,0.04423696726594695,1
USR090,2026-08-03,Teller,8,0,10,11,0,0,0,1,9.166666666666666,16.533333333333335,0.01891435229983407,1
USR090,2026-08-04,Teller,14,0,10,26,0,0,0,1,9.016666666666667,16.983333333333334,0.028372050263399395,1
USR090,2026-08-05,Teller,9,0,13,9,0,0,0,1,9.05,16.933333333333334,0.042415584912502136,1
USR090,2026-08-06,Teller,12,0,6,18,0,0,0,1,9.016666666666667,16.85,0.062417265546195366,1
USR090,2026-08-07,Teller,9,0,5,9,0,0,0,1,9.3,16.566666666666666,0.0003635735412136354,1
USR090,2026-08-10,Teller,10,0,8,19,0,0,0,1,9.05,16.85,0.07900193572825309,1
USR090,2026-08-11,Teller,8,0,11,8,0,0,0,1,9.233333333333333,16.933333333333334,0.02441187681855722,1
USR090,2026-08-12,Teller,10,0,3,22,0,0,0,1,9.216666666666669,16.55,0.048353106264720835,1
USR090,2026-08-13,Teller,9,0,9,13,0,0,0,1,9.05,16.866666666666667,0.07348034816308324,1
USR090,2026-08-14,Teller,11,0,4,29,0,0,0,1,9.0,16.883333333333333,0.030553367099207307,1
USR090,2026-08-17,Teller,11,0,5,22,0,0,0,1,9.3,16.85,0.0478144323837133,1
USR090,2026-08-18,Teller,8,0,0,19,0,0,0,1,9.25,16.583333333333332,0.020041056599221674,1
USR090,2026-08-19,Teller,9,0,7,20,0,0,0,1,9.133333333333333,16.816666666666666,0.08424481433987024,1
USR090,2026-08-20,Teller,12,0,3,30,0,0,0,1,9.066666666666666,16.75,0.044035292452088315,1
USR090,2026-08-21,Teller,9,0,0,23,0,0,0,1,9.316666666666666,16.933333333333334,0.007431389842014913,1
USR091,2026-08-03,CustomerService,11,0,7,19,0,0,0,1,9.066666666666666,16.766666666666666,0.08031245537601867,1
USR091,2026-08-04,CustomerService,12,0,10,22,0,0,0,1,9.266666666666667,16.566666666666666,0.0403621963398178,1
USR091,2026-08-05,CustomerService,13,0,25,12,1,0,0,1,9.216666666666669,16.9,0.013721839747660836,1
USR091,2026-08-06,CustomerService,9,0,19,13,0,0,0,1,9.25,16.95,0.041714011266115125,1
USR091,2026-08-07,CustomerService,9,0,7,21,1,0,0,1,9.05,16.5,-0.017538405597415596,-1
USR091,2026-08-10,CustomerService,11,0,10,16,1,0,0,1,9.1,16.516666666666666,0.014006599150139132,1
USR091,2026-08-11,CustomerService,16,0,8,38,1,0,0,1,9.316666666666666,16.783333333333335,-0.09287373665821008,-1
USR091,2026-08-12,CustomerService,10,0,0,26,1,0,0,1,9.316666666666666,16.866666666666667,0.006156929816899026,1
USR091,2026-08-13,CustomerService,15,0,23,30,0,0,0,1,9.0,16.7,-0.013157798607475901,-1
USR091,2026-08-14,CustomerService,13,0,15,23,0,0,0,1,9.116666666666667,16.816666666666666,0.07429877567045146,1
USR091,2026-08-17,CustomerService,14,0,34,15,0,0,0,1,9.166666666666666,16.883333333333333,0.01750119735365685,1
USR091,2026-08-18,CustomerService,14,0,9,31,0,0,0,1,9.1,16.966666666666665,0.029182744842209674,1
USR091,2026-08-19,CustomerService,13,0,7,25,0,0,0,1,9.05,16.833333333333332,0.06867351768702606,1
USR091,2026-08-20,CustomerService,9,0,20,13,1,0,0,1,9.316666666666666,16.866666666666667,0.017698853066687503,1
USR091,2026-08-21,CustomerService,15,0,2,36,0,0,0,1,9.083333333333334,16.866666666666667,-0.004948429242340624,-1
USR092,2026-08-03,CustomerService,9,0,1,13,0,0,0,1,9.216666666666669,16.8,0.06227509440441875,1
USR092,2026-08-04,CustomerService,13,0,10,27,0,0,0,1,9.166666666666666,16.966666666666665,0.049123699003246535,1
USR092,2026-08-05,CustomerService,9,0,18,11,0,0,0,1,9.183333333333334,16.783333333333335,0.06874795113376087,1
USR092,2026-08-06,CustomerService,10,0,11,15,0,0,0,1,9.216666666666669,16.966666666666665,0.06358847818217528,1
USR092,2026-08-07,CustomerService,14,0,5,29,0,0,0,1,9.05,16.716666666666665,0.04309462886020221,1
USR092,2026-08-10,CustomerService,14,0,16,34,1,0,0,1,9.116666666666667,16.983333333333334,-0.012587049364423009,-1
USR092,2026-08-11,CustomerService,10,0,10,19,0,0,0,1,9.066666666666666,16.933333333333334,0.0743964797855286,1
USR092,2026-08-12,CustomerService,13,0,28,28,1,0,0,1,9.05,16.866666666666667,0.012508235578534532,1
USR092,2026-08-13,CustomerService,11,0,16,17,0,0,0,1,9.333333333333334,16.633333333333333,0.017622531665362373,1
USR092,2026-08-14,CustomerService,11,0,1,24,0,0,0,1,9.216666666666669,16.516666666666666,0.020649707736747736,1
USR092,2026-08-17,CustomerService,12,0,22,14,1,0,0,1,9.2,16.966666666666665,0.028067976946349105,1
USR092,2026-08-18,CustomerService,9,0,17,14,1,0,0,1,9.333333333333334,16.933333333333334,0.0008619702013066832,1
USR092,2026-08-19,CustomerService,16,0,27,33,0,0,0,1,9.316666666666666,16.75,-0.06166929550033873,-1
USR092,2026-08-20,CustomerService,13,0,12,20,0,0,0,1,9.066666666666666,16.6,0.044859653174458,1
USR092,2026-08-21,CustomerService,14,0,7,22,0,0,0,1,9.233333333333333,16.733333333333334,0.056776200532194177,1
USR093,2026-08-03,Manager,10,0,44,12,0,0,0,1,9.216666666666669,16.8,0.011382044559216598,1
USR093,2026-08-04,Manager,9,0,23,15,1,0,0,1,9.3,16.85,0.01660900696253359,1
USR093,2026-08-05,Manager,10,0,17,18,1,0,0,1,9.016666666666667,16.7,0.044679561971590676,1
USR093,2026-08-06,Manager,7,0,4,12,1,0,0,1,9.316666666666666,16.616666666666667,-0.0325270783037932,-1
USR093,2026-08-07,Manager,10,0,32,15,3,0,0,1,9.183333333333334,16.5,-0.08467052359813065,-1
USR093,2026-08-10,Manager,8,0,16,13,2,0,0,1,9.0,16.9,-0.02576740924020282,-1
USR093,2026-08-11,Manager,11,0,34,16,1,0,0,1,9.0,16.966666666666665,-0.008603637108324347,-1
USR093,2026-08-12,Manager,11,0,23,21,0,0,0,1,9.2,16.7,0.058147262690785906,1
USR093,2026-08-13,Manager,12,0,6,29,1,0,0,1,9.3,16.916666666666668,0.013161385260564207,1
USR093,2026-08-14,Manager,7,0,27,11,3,0,0,1,9.033333333333331,16.95,-0.09742267613588784,-1
USR093,2026-08-17,Manager,10,0,0,17,2,0,0,1,9.183333333333334,16.95,-0.0048660500743489266,-1
USR093,2026-08-18,Manager,10,0,23,17,1,0,0,1,9.066666666666666,16.833333333333332,0.05827723765751652,1
USR093,2026-08-19,Manager,9,0,26,14,2,0,0,1,9.233333333333333,16.583333333333332,-0.02573654790802049,-1
USR093,2026-08-20,Manager,10,0,0,28,0,0,0,1,9.333333333333334,16.916666666666668,-0.005084770837912367,-1
USR093,2026-08-21,Manager,8,0,36,3,0,0,0,1,9.05,16.783333333333335,-0.05214747842623302,-1
USR094,2026-08-03,Manager,7,0,20,11,1,0,0,1,9.033333333333331,16.8,-0.0013053545975668657,-1
USR094,2026-08-04,Manager,10,0,15,21,2,0,0,1,9.15,16.566666666666666,-0.0020405114524820744,-1
USR094,2026-08-05,Manager,11,0,45,14,0,0,0,1,9.15,16.883333333333333,0.014534423942367758,1
USR094,2026-08-06,Manager,7,0,23,10,1,0,0,1,9.233333333333333,16.983333333333334,-0.030691684449298373,-1
USR094,2026-08-07,Manager,12,0,9,29,3,0,0,1,9.266666666666667,16.983333333333334,-0.07037801278081146,-1
USR094,2026-08-10,Manager,8,0,13,11,1,0,0,1,9.133333333333333,16.733333333333334,0.037779852569754135,1
USR094,2026-08-11,Manager,10,0,9,14,0,0,0,1,9.133333333333333,16.516666666666666,0.037205937372715214,1
USR094,2026-08-12,Manager,10,0,2,15,0,0,0,1,9.116666666666667,16.933333333333334,0.06556276382290838,1
USR094,2026-08-13,Manager,10,0,16,17,2,0,0,1,9.333333333333334,16.783333333333335,-0.024438211726186765,-1
USR094,2026-08-14,Manager,8,0,14,10,0,0,0,1,9.05,16.716666666666665,0.03949567188404818,1
USR094,2026-08-17,Manager,9,0,16,15,3,0,0,1,9.1,16.6,-0.04942055226350128,-1
USR094,2026-08-18,Manager,12,0,0,28,0,0,0,1,9.266666666666667,16.883333333333333,0.03155682143779481,1
USR094,2026-08-19,Manager,11,0,49,16,1,0,0,1,9.016666666666667,16.55,-0.06285045841756753,-1
USR094,2026-08-20,Manager,12,0,47,13,3,0,0,1,9.2,16.633333333333333,-0.09073649208917267,-1
USR094,2026-08-21,Manager,10,0,11,24,0,0,0,1,9.016666666666667,16.633333333333333,0.04537245241194332,1
USR095,2026-08-03,Teller,14,0,27,11,0,0,0,1,9.116666666666667,16.983333333333334,-0.010458096868351863,-1
USR095,2026-08-04,Teller,8,0,4,15,0,0,0,1,9.1,16.6,0.044618773479571106,1
USR095,2026-08-05,Teller,12,0,3,25,0,0,0,1,9.25,16.883333333333333,0.061603754041546055,1
USR095,2026-08-06,Teller,12,0,2,37,0,0,0,1,9.3,16.65,-0.021711551731336542,-1
USR095,2026-08-07,Teller,10,0,0,28,0,0,0,1,9.333333333333334,16.983333333333334,-0.02719988674817897,-1
USR095,2026-08-10,Teller,10,0,0,24,0,0,0,1,9.166666666666666,16.6,0.04024538385043219,1
USR095,2026-08-11,Teller,8,0,12,10,0,0,0,1,9.15,16.666666666666668,0.053584799667327654,1
USR095,2026-08-12,Teller,12,0,9,28,0,0,0,1,9.2,16.533333333333335,0.023916485432426027,1
USR095,2026-08-13,Teller,10,0,2,19,1,0,0,1,9.15,16.633333333333333,0.0557003721175125,1
USR095,2026-08-14,Teller,12,0,8,24,0,0,0,1,9.083333333333334,16.8,0.07761642150229153,1
USR095,2026-08-17,Teller,12,0,10,22,0,0,0,1,9.116666666666667,16.916666666666668,0.0781646073329062,1
USR095,2026-08-18,Teller,9,0,8,14,0,0,0,1,9.25,16.55,0.03505561826576131,1
USR095,2026-08-19,Teller,14,0,9,30,0,0,0,1,9.05,16.833333333333332,0.050202163601930694,1
USR095,2026-08-20,Teller,9,0,2,20,0,0,0,1,9.1,16.766666666666666,0.07245619211343807,1
USR095,2026-08-21,Teller,12,0,7,23,0,0,0,1,9.016666666666667,16.816666666666666,0.06843439479895003,1
USR096,2026-08-03,CustomerService,14,0,17,30,1,0,0,1,9.0,16.8,0.0037440541695971663,1
USR096,2026-08-04,CustomerService,13,0,8,28,1,0,0,1,9.1,16.85,0.04249782713266309,1
USR096,2026-08-05,CustomerService,11,0,26,14,0,0,0,1,9.15,16.9,0.06203410652294672,1
USR096,2026-08-06,CustomerService,10,0,8,19,0,0,0,1,9.183333333333334,16.533333333333335,0.04972199514782716,1
USR096,2026-08-07,CustomerService,10,0,23,15,0,0,0,1,9.15,16.866666666666667,0.07472680293577866,1
USR096,2026-08-10,CustomerService,15,0,24,22,0,0,0,1,9.05,16.983333333333334,-0.0021496990138540895,-1
USR096,2026-08-11,CustomerService,15,0,33,27,0,0,0,1,9.05,16.7,-0.008044845117749166,-1
USR096,2026-08-12,CustomerService,12,0,0,37,0,0,0,1,9.233333333333333,16.95,-0.03553923205288456,-1
USR096,2026-08-13,CustomerService,16,0,9,24,0,0,0,1,9.083333333333334,16.666666666666668,0.005593632806931648,1
USR096,2026-08-14,CustomerService,15,0,16,31,0,0,0,1,9.0,16.8,0.007065758663668431,1
USR096,2026-08-17,CustomerService,12,0,14,21,0,0,0,1,9.0,16.983333333333334,0.026730445264563973,1
USR096,2026-08-18,CustomerService,16,0,16,35,1,0,0,1,9.15,16.916666666666668,-0.04933097170222411,-1
USR096,2026-08-19,CustomerService,16,0,12,33,0,0,0,1,9.283333333333331,16.65,-0.031734288953155554,-1
USR096,2026-08-20,CustomerService,9,0,11,16,1,0,0,1,9.1,16.816666666666666,0.0654604984773432,1
USR096,2026-08-21,CustomerService,16,0,13,27,0,0,0,1,9.266666666666667,16.55,-0.03819781984226378,-1
USR097,2026-08-03,Manager,10,0,23,17,0,0,0,1,9.083333333333334,16.7,0.06467913003069087,1
USR097,2026-08-04,Manager,9,0,45,9,0,0,0,1,9.233333333333333,16.833333333333332,-0.024698115818905353,-1
USR097,2026-08-05,Manager,10,0,3,25,0,0,0,1,9.083333333333334,16.866666666666667,0.0716859871308812,1
USR097,2026-08-06,Manager,10,0,2,18,2,0,0,1,9.066666666666666,16.683333333333334,0.0055192634761558335,1
USR097,2026-08-07,Manager,9,0,33,11,0,0,0,1,9.166666666666666,16.65,0.02167273302178141,1
USR097,2026-08-10,Manager,10,0,10,24,1,0,0,1,9.016666666666667,16.833333333333332,0.03981759736616436,1
USR097,2026-08-11,Manager,8,0,11,12,2,0,0,1,9.183333333333334,16.6,-0.021810796292713763,-1
USR097,2026-08-12,Manager,9,0,30,15,0,0,0,1,9.1,16.583333333333332,0.00840624319501626,1
USR097,2026-08-13,Manager,7,0,23,8,0,0,0,1,9.233333333333333,16.883333333333333,-0.010538401436734901,-1
USR097,2026-08-14,Manager,7,0,3,10,2,0,0,1,9.0,16.783333333333335,-0.06833542557679706,-1
USR097,2026-08-17,Manager,12,0,17,28,3,0,0,1,9.1,16.833333333333332,-0.03034440859216303,-1
USR097,2026-08-18,Manager,11,0,15,19,2,0,0,1,9.0,16.783333333333335,0.01175486105999185,1
USR097,2026-08-19,Manager,12,0,35,17,0,0,0,1,9.133333333333333,16.766666666666666,0.042861121830376325,1
USR097,2026-08-20,Manager,8,0,10,13,0,0,0,1,9.133333333333333,16.7,0.059848293574581435,1
USR097,2026-08-21,Manager,7,0,25,4,1,0,0,1,9.25,16.966666666666665,-0.06214834416424608,-1
USR098,2026-08-03,Manager,11,0,26,21,0,0,0,1,9.233333333333333,16.966666666666665,0.03368833160051349,1
USR098,2026-08-04,Manager,12,0,35,15,0,0,0,1,9.033333333333331,16.683333333333334,0.014790914465495741,1
USR098,2026-08-05,Manager,10,0,14,18,0,0,0,1,9.116666666666667,16.916666666666668,0.07872212200928991,1
USR098,2026-08-06,Manager,12,0,6,28,2,0,0,1,9.116666666666667,16.883333333333333,0.004811367387939858,1
USR098,2026-08-07,Manager,11,0,34,16,2,0,0,1,9.1,16.966666666666665,-0.002447583636501438,-1
USR098,2026-08-10,Manager,7,0,0,17,0,0,0,1,9.083333333333334,16.583333333333332,-0.016865701405730738,-1
USR098,2026-08-11,Manager,7,0,0,14,1,0,0,1,9.333333333333334,16.95,-0.050662787402809606,-1
USR098,2026-08-12,Manager,7,0,18,12,0,0,0,1,9.05,16.966666666666665,0.008353696651856868,1
USR098,2026-08-13,Manager,8,0,18,8,1,0,0,1,9.016666666666667,16.75,-0.00431395485276187,-1
USR098,2026-08-14,Manager,9,0,38,14,1,0,0,1,9.116666666666667,16.8,0.02281090317137774,1
USR098,2026-08-17,Manager,12,0,3,29,4,0,0,1,9.183333333333334,16.683333333333334,-0.10217678349164117,-1
USR098,2026-08-18,Manager,10,0,6,25,2,0,0,1,9.183333333333334,16.816666666666666,0.010695456718736673,1
USR098,2026-08-19,Manager,8,0,10,14,0,0,0,1,9.1,16.766666666666666,0.06637177208569744,1
USR098,2026-08-20,Manager,8,0,45,7,1,0,0,1,9.0,16.85,-0.06494884982324811,-1
USR098,2026-08-21,Manager,11,0,37,23,0,0,0,1,9.183333333333334,16.616666666666667,0.009714633443858978,1
USR099,2026-08-03,CustomerService,15,0,12,35,0,0,0,1,9.016666666666667,16.716666666666665,-0.005540243832475755,-1
USR099,2026-08-04,CustomerService,14,0,29,33,0,0,0,1,9.25,16.966666666666665,-0.027982045295662283,-1
USR099,2026-08-05,CustomerService,15,0,0,36,0,0,0,1,9.166666666666666,16.55,-0.05643099006546115,-1
USR099,2026-08-06,CustomerService,9,0,8,16,0,0,0,1,9.25,16.833333333333332,0.07328262378290928,1
USR099,2026-08-07,CustomerService,13,0,26,22,0,0,0,1,9.3,16.883333333333333,0.015436975502872596,1
USR099,2026-08-10,CustomerService,15,0,19,27,1,0,0,1,9.016666666666667,16.666666666666668,-0.016783955203755307,-1
USR099,2026-08-11,CustomerService,15,0,30,15,0,0,0,1,9.0,16.766666666666666,-0.026234237333624955,-1
USR099,2026-08-12,CustomerService,11,0,29,10,0,0,0,1,9.066666666666666,16.733333333333334,0.030113514268337804,1
USR099,2026-08-13,CustomerService,16,0,14,32,1,0,0,1,9.183333333333334,16.716666666666665,-0.026483686325476374,-1
USR099,2026-08-14,CustomerService,9,0,7,17,0,0,0,1,9.3,16.783333333333335,0.046883920241639176,1
USR099,2026-08-17,CustomerService,11,0,0,28,0,0,0,1,9.183333333333334,16.816666666666666,0.055784307041097214,1
USR099,2026-08-18,CustomerService,13,0,13,28,1,0,0,1,9.05,16.966666666666665,0.024644960691798,1
USR099,2026-08-19,CustomerService,12,0,18,17,0,0,0,1,9.0,16.8,0.05385925002317371,1
USR099,2026-08-20,CustomerService,14,0,3,36,1,0,0,1,9.083333333333334,16.783333333333335,-0.01689068437384833,-1
USR099,2026-08-21,CustomerService,9,0,8,14,0,0,0,1,9.233333333333333,16.716666666666665,0.06288630527114297,1
USR100,2026-08-03,Teller,14,0,7,32,0,0,0,1,9.166666666666666,16.65,0.03010984462653088,1
USR100,2026-08-04,Teller,12,0,11,19,0,0,0,1,9.266666666666667,16.816666666666666,0.07493999658953143,1
USR100,2026-08-05,Teller,8,0,0,18,0,0,0,1,9.0,16.916666666666668,0.015707663336562094,1
USR100,2026-08-06,Teller,12,0,6,18,1,0,0,1,9.116666666666667,16.816666666666666,0.06424290197992127,1
USR100,2026-08-07,Teller,13,0,8,24,0,0,0,1,9.016666666666667,16.966666666666665,0.038917668257930305,1
USR100,2026-08-10,Teller,9,0,10,13,0,0,0,1,9.033333333333331,16.95,0.04740856503578633,1
USR100,2026-08-11,Teller,12,0,0,32,0,0,0,1,9.316666666666666,16.983333333333334,-0.03000152410238366,-1
USR100,2026-08-12,Teller,12,0,0,26,0,0,0,1,9.083333333333334,16.766666666666666,0.049877899513055324,1
USR100,2026-08-13,Teller,14,0,10,28,0,0,0,1,9.133333333333333,16.95,0.0399860111849048,1
USR100,2026-08-14,Teller,14,0,14,22,0,0,0,1,9.25,16.95,0.03910132069066252,1
USR100,2026-08-17,Teller,14,0,4,37,1,0,0,1,9.233333333333333,16.966666666666665,-0.04779159627985441,-1
USR100,2026-08-18,Teller,14,0,14,27,0,0,0,1,9.016666666666667,16.816666666666666,0.05168420233644255,1
USR100,2026-08-19,Teller,10,0,6,21,0,0,0,1,9.083333333333334,16.666666666666668,0.07731076467243225,1
USR100,2026-08-20,Teller,13,0,2,24,0,0,0,1,9.233333333333333,16.966666666666665,0.038760230015939534,1
USR100,2026-08-21,Teller,13,0,12,19,0,0,0,1,9.133333333333333,16.85,0.06994233340943795,1
